Participant,Task,Type,Story_CodeFirst_Naive,Exec_CodeFirst_Naive,Story_CodeFirst_Dynamic,Story_CodeFirst_Dynamic_Reps,Exec_CodeFirst_Dynamic,Exec_CodeFirst_Dynamic_Reps,Story_CommentFirst_Naive,Exec_CommentFirst_Naive,Story_CommentFirst_Dynamic,Story_CommentFirst_Dynamic_Reps,Exec_CommentFirst_Dynamic,Exec_CommentFirst_Dynamic_Reps,Story_CodeOnly_Naive,Exec_CodeOnly_Naive,Story_CodeOnly_Dynamic,Story_CodeOnly_Dynamic_Reps,Exec_CodeOnly_Dynamic,Exec_CodeOnly_Dynamic_Reps,Story_Global_Naive,Exec_Global_Naive,Story_Global_Dynamic,Story_Global_Dynamic_Reps,Exec_Global_Dynamic,Exec_Global_Dynamic_Reps,ReadingOrder_AOI,ReadingOrder_Line
615db7bf,Task1CM,CM,0,0,0,0,0,0,0,0,0,0,0,0,-372,-343,-157,20,-24,17,-372,-343,-157,20,-24,17,"[8, 7, 8, 1, 0, 1, 0, 8, 11, 14, 11, 13, 14, 0, 2, 0, 11, 3, 0, 1, 0, 1, 0, 2, 1, 3, 1, 2, 1, 2, 3, 2, 0, 1, 0, 3, 0, 3, 0, 2, 0, 1, 2, 0, 2, 0, 3, 0, 3, 1, 0, 3, 0, 4, 1, 3, 4, 1, 3, 4, 2, 4, 5, 3, 4, 2, 4, 1, 2, 4, 2, 4, 2, 4, 2, 4, 1, 4, 5, 3, 4, 5, 3, 5, 4, 7, 4, 5, 7, 5, 9, 7, 9, 7, 10, 5, 9, 7, 3, 0, 1, 3, 1, 13, 11, 6, 4, 2, 4, 0, 11, 2, 1, 2, 0, 1, 2, 1, 0, 2, 3, 2, 1, 14, 13, 1, 0, 2, 0, 1, 0, 2, 0, 2, 4, 1, 4, 0, 2, 1, 2, 0, 1, 2, 0, 3, 0, 1, 3, 0, 4, 0, 1, 3, 1, 3, 4, 2, 1, 3, 4, 1, 3, 1, 3, 4, 2, 1, 3, 1, 4, 3, 4, 3, 4, 1, 3, 1, 3, 1, 2, 3, 1, 3, 0, 2, 0, 2, 1, 3, 1, 3, 4, 3, 1, 2, 3, 2, 1, 2, 3, 2, 3, 2, 4, 2, 4, 2, 4, 5, 4, 1, 3, 2, 5, 2, 4, 5, 2, 3, 4, 2, 4, 2, 3, 5, 2, 4, 6, 4, 11, 4, 13, 4, 2, 5, 3, 4, 3, 4, 5, 3, 4, 5, 3, 4, 5, 3, 4, 5, 3, 4, 5, 2, 3, 11, 4, 3, 5, 4, 6, 5, 7, 4, 5, 4, 3, 4, 5, 8, 9, 8, 9, 4, 2, 3, 1, 2, 1, 2, 0, 3, 2, 1, 3, 4, 1, 3, 1, 3, 1, 2, 3, 1, 3, 4, 2, 4, 3, 4, 3, 1, 2, 4, 2, 3, 4, 2, 4, 2, 3, 1, 3, 1, 3, 4, 3, 1, 0, 2, 3, 4, 1, 4, 5, 2, 3, 4, 2, 3, 4, 2, 4, 3, 4, 3, 2, 5, 3, 5, 4, 5, 3, 5, 6, 4, 3, 4, 3, 13, 11, 4, 2, 3, 6, 7, 6, 7, 4, 3, 4, 3, 2, 6, 8, 9, 8, 4, 6, 4, 6, 8, 7, 8, 9, 7, 4, 0, 2, 0, 6, 5, 13, 11, 7, 6, 7, 8, 9, 10, 9, 6, 8, 13, 4, 1, 0, 16, 13, 9, 5, 6, 3, 4, 6, 7, 5, 4, 3, 8, 7, 9, 5, 4, 13, 4, 5]","[8, 7, 8, 1, 0, 1, 0, 8, 11, 14, 11, 13, 14, 0, 2, 0, 11, 3, 0, 1, 0, 1, 0, 2, 1, 3, 1, 2, 1, 2, 3, 2, 0, 1, 0, 3, 0, 3, 0, 2, 0, 1, 2, 0, 2, 0, 3, 0, 3, 1, 0, 3, 0, 4, 1, 3, 4, 1, 3, 4, 2, 4, 5, 3, 4, 2, 4, 1, 2, 4, 2, 4, 2, 4, 2, 4, 1, 4, 5, 3, 4, 5, 3, 5, 4, 7, 4, 5, 7, 5, 9, 7, 9, 7, 10, 5, 9, 7, 3, 0, 1, 3, 1, 13, 11, 6, 4, 2, 4, 0, 11, 2, 1, 2, 0, 1, 2, 1, 0, 2, 3, 2, 1, 14, 13, 1, 0, 2, 0, 1, 0, 2, 0, 2, 4, 1, 4, 0, 2, 1, 2, 0, 1, 2, 0, 3, 0, 1, 3, 0, 4, 0, 1, 3, 1, 3, 4, 2, 1, 3, 4, 1, 3, 1, 3, 4, 2, 1, 3, 1, 4, 3, 4, 3, 4, 1, 3, 1, 3, 1, 2, 3, 1, 3, 0, 2, 0, 2, 1, 3, 1, 3, 4, 3, 1, 2, 3, 2, 1, 2, 3, 2, 3, 2, 4, 2, 4, 2, 4, 5, 4, 1, 3, 2, 5, 2, 4, 5, 2, 3, 4, 2, 4, 2, 3, 5, 2, 4, 6, 4, 11, 4, 13, 4, 2, 5, 3, 4, 3, 4, 5, 3, 4, 5, 3, 4, 5, 3, 4, 5, 3, 4, 5, 2, 3, 11, 4, 3, 5, 4, 6, 5, 7, 4, 5, 4, 3, 4, 5, 8, 9, 8, 9, 4, 2, 3, 1, 2, 1, 2, 0, 3, 2, 1, 3, 4, 1, 3, 1, 3, 1, 2, 3, 1, 3, 4, 2, 4, 3, 4, 3, 1, 2, 4, 2, 3, 4, 2, 4, 2, 3, 1, 3, 1, 3, 4, 3, 1, 0, 2, 3, 4, 1, 4, 5, 2, 3, 4, 2, 3, 4, 2, 4, 3, 4, 3, 2, 5, 3, 5, 4, 5, 3, 5, 6, 4, 3, 4, 3, 13, 11, 4, 2, 3, 6, 7, 6, 7, 4, 3, 4, 3, 2, 6, 8, 9, 8, 4, 6, 4, 6, 8, 7, 8, 9, 7, 4, 0, 2, 0, 6, 5, 13, 11, 7, 6, 7, 8, 9, 10, 9, 6, 8, 13, 4, 1, 0, 16, 13, 9, 5, 6, 3, 4, 6, 7, 5, 4, 3, 8, 7, 9, 5, 4, 13, 4, 5]"
f9ec2bc7,Task1CM,CM,0,0,0,0,0,0,0,0,0,0,0,0,-144,-125,-29,7,-6,7,-144,-125,-29,7,-6,7,"[3, 0, 4, 0, 1, 3, 2, 1, 2, 4, 3, 4, 2, 3, 4, 3, 4, 5, 8, 13, 3, 1, 4, 1, 0, 1, 0, 1, 0, 2, 3, 2, 3, 2, 5, 3, 4, 6, 4, 5, 4, 5, 4, 2, 4, 5, 4, 6, 4, 5, 4, 5, 7, 5, 3, 5, 4, 7, 10, 8, 5, 9, 7, 2, 4, 5, 4, 7, 5, 4, 6, 3, 7, 6, 7, 4, 5, 9, 2, 1, 4, 3, 4, 3, 0, 11, 13, 14, 13, 14, 13, 15, 13, 14, 13, 14, 13, 8, 6, 5, 13, 6, 5, 3, 4, 13, 14, 13, 5, 4, 14, 13, 14, 6, 2, 4, 5, 6, 7, 14, 15, 13, 7, 5, 2, 1, 5, 2, 1, 2, 3, 13, 3, 2, 3, 2, 13, 5, 4, 5, 13, 5, 4, 6, 13, 15, 14, 7, 9, 6, 5, 6, 5, 2, 4, 13, 14, 13, 14, 13, 14, 13, 14, 13, 7, 4, 3, 5, 4, 6, 4, 3, 6, 5, 6, 5, 4, 6, 3, 4, 3, 14, 13, 3, 13, 14, 4, 14, 13, 15, 8, 13, 14, 13]","[3, 0, 4, 0, 1, 3, 2, 1, 2, 4, 3, 4, 2, 3, 4, 3, 4, 5, 8, 13, 3, 1, 4, 1, 0, 1, 0, 1, 0, 2, 3, 2, 3, 2, 5, 3, 4, 6, 4, 5, 4, 5, 4, 2, 4, 5, 4, 6, 4, 5, 4, 5, 7, 5, 3, 5, 4, 7, 10, 8, 5, 9, 7, 2, 4, 5, 4, 7, 5, 4, 6, 3, 7, 6, 7, 4, 5, 9, 2, 1, 4, 3, 4, 3, 0, 11, 13, 14, 13, 14, 13, 15, 13, 14, 13, 14, 13, 8, 6, 5, 13, 6, 5, 3, 4, 13, 14, 13, 5, 4, 14, 13, 14, 6, 2, 4, 5, 6, 7, 14, 15, 13, 7, 5, 2, 1, 5, 2, 1, 2, 3, 13, 3, 2, 3, 2, 13, 5, 4, 5, 13, 5, 4, 6, 13, 15, 14, 7, 9, 6, 5, 6, 5, 2, 4, 13, 14, 13, 14, 13, 14, 13, 14, 13, 7, 4, 3, 5, 4, 6, 4, 3, 6, 5, 6, 5, 4, 6, 3, 4, 3, 14, 13, 3, 13, 14, 4, 14, 13, 15, 8, 13, 14, 13]"
dac593bd,Task1CM,CM,0,0,0,0,0,0,0,0,0,0,0,0,-145,-116,-15,10,-8,8,-145,-116,-15,10,-8,8,"[5, 3, 5, 13, 4, 1, 2, 0, 2, 4, 6, 8, 13, 0, 1, 0, 1, 2, 3, 2, 3, 4, 5, 3, 2, 14, 3, 2, 1, 8, 13, 6, 2, 3, 15, 13, 3, 5, 8, 4, 2, 3, 5, 8, 9, 7, 5, 4, 0, 1, 0, 13, 7, 3, 13, 8, 6, 5, 13, 3, 2, 3, 4, 3, 13, 3, 2, 1, 0, 2, 0, 8, 2, 5, 1, 2, 3, 2, 3, 5, 8, 14, 7, 6, 8, 2, 4, 3, 5, 3, 5, 3, 5, 2, 3, 2, 3, 2, 3, 8, 6, 3, 2, 1, 6, 8, 7, 4, 3, 1, 0, 1, 14, 0, 1, 7, 4, 3, 0, 2, 1, 0, 1, 5, 3, 2, 3, 5, 8, 16, 5, 6, 8, 4, 9, 13, 14, 8, 3, 2, 1, 0, 2, 8, 0, 11, 2, 4, 5, 2, 1, 2, 3, 2, 1, 3, 2, 8, 4, 3, 5, 3, 4, 8, 4, 0, 5, 2, 13, 6, 4, 5, 7, 15, 3, 2, 3, 2, 3, 2, 3, 8, 7, 6, 8, 4, 3, 13, 8, 11]","[5, 3, 5, 13, 4, 1, 2, 0, 2, 4, 6, 8, 13, 0, 1, 0, 1, 2, 3, 2, 3, 4, 5, 3, 2, 14, 3, 2, 1, 8, 13, 6, 2, 3, 15, 13, 3, 5, 8, 4, 2, 3, 5, 8, 9, 7, 5, 4, 0, 1, 0, 13, 7, 3, 13, 8, 6, 5, 13, 3, 2, 3, 4, 3, 13, 3, 2, 1, 0, 2, 0, 8, 2, 5, 1, 2, 3, 2, 3, 5, 8, 14, 7, 6, 8, 2, 4, 3, 5, 3, 5, 3, 5, 2, 3, 2, 3, 2, 3, 8, 6, 3, 2, 1, 6, 8, 7, 4, 3, 1, 0, 1, 14, 0, 1, 7, 4, 3, 0, 2, 1, 0, 1, 5, 3, 2, 3, 5, 8, 16, 5, 6, 8, 4, 9, 13, 14, 8, 3, 2, 1, 0, 2, 8, 0, 11, 2, 4, 5, 2, 1, 2, 3, 2, 1, 3, 2, 8, 4, 3, 5, 3, 4, 8, 4, 0, 5, 2, 13, 6, 4, 5, 7, 15, 3, 2, 3, 2, 3, 2, 3, 8, 7, 6, 8, 4, 3, 13, 8, 11]"
b1c5e27d,Task1CM,CM,0,0,0,0,0,0,0,0,0,0,0,0,-139,-115,-39,7,14,7,-139,-115,-39,7,14,7,"[7, 8, 0, 4, 2, 1, 2, 1, 4, 6, 8, 5, 1, 11, 13, 1, 0, 1, 0, 2, 1, 3, 1, 2, 4, 2, 4, 2, 3, 5, 3, 5, 3, 5, 3, 4, 7, 4, 3, 6, 4, 5, 4, 3, 6, 5, 7, 6, 5, 7, 9, 6, 4, 9, 6, 4, 2, 4, 13, 1, 0, 3, 1, 5, 3, 0, 1, 3, 1, 2, 3, 2, 5, 3, 2, 6, 3, 4, 5, 3, 4, 5, 3, 4, 13, 4, 3, 5, 3, 5, 6, 4, 3, 4, 3, 4, 14, 8, 4, 3, 4, 2, 3, 4, 3, 2, 3, 7, 5, 4, 5, 3, 4, 6, 9, 7, 6, 3, 5, 6, 5, 4, 3, 4, 2, 3, 4, 2, 4, 2, 3, 5, 6, 9, 5, 3, 7, 3, 2, 3, 2, 3, 6, 2, 4, 3, 2, 6, 3, 6, 4, 13, 6, 9, 6, 4, 5, 4, 6, 4, 5, 0, 5, 4, 2, 5, 9, 4, 7, 3, 14, 13, 6, 9, 11, 8, 13, 9, 13]","[7, 8, 0, 4, 2, 1, 2, 1, 4, 6, 8, 5, 1, 11, 13, 1, 0, 1, 0, 2, 1, 3, 1, 2, 4, 2, 4, 2, 3, 5, 3, 5, 3, 5, 3, 4, 7, 4, 3, 6, 4, 5, 4, 3, 6, 5, 7, 6, 5, 7, 9, 6, 4, 9, 6, 4, 2, 4, 13, 1, 0, 3, 1, 5, 3, 0, 1, 3, 1, 2, 3, 2, 5, 3, 2, 6, 3, 4, 5, 3, 4, 5, 3, 4, 13, 4, 3, 5, 3, 5, 6, 4, 3, 4, 3, 4, 14, 8, 4, 3, 4, 2, 3, 4, 3, 2, 3, 7, 5, 4, 5, 3, 4, 6, 9, 7, 6, 3, 5, 6, 5, 4, 3, 4, 2, 3, 4, 2, 4, 2, 3, 5, 6, 9, 5, 3, 7, 3, 2, 3, 2, 3, 6, 2, 4, 3, 2, 6, 3, 6, 4, 13, 6, 9, 6, 4, 5, 4, 6, 4, 5, 0, 5, 4, 2, 5, 9, 4, 7, 3, 14, 13, 6, 9, 11, 8, 13, 9, 13]"
967a04d0,Task1CM,CM,0,0,0,0,0,0,0,0,0,0,0,0,-163,-149,-48,10,28,9,-163,-149,-48,10,28,9,"[2, 0, 1, 0, 1, 0, 2, 3, 2, 3, 4, 2, 3, 4, 6, 3, 4, 5, 4, 5, 3, 2, 5, 7, 9, 13, 9, 6, 5, 4, 2, 3, 4, 3, 4, 2, 4, 3, 4, 5, 7, 4, 6, 9, 2, 5, 11, 3, 4, 1, 2, 0, 3, 4, 3, 4, 3, 2, 3, 4, 3, 5, 3, 2, 6, 4, 3, 4, 3, 4, 7, 5, 4, 6, 5, 7, 5, 4, 2, 5, 2, 4, 3, 5, 3, 5, 3, 4, 3, 7, 4, 5, 4, 5, 4, 7, 5, 6, 7, 8, 7, 4, 5, 4, 5, 3, 4, 3, 2, 3, 5, 3, 5, 3, 4, 5, 4, 5, 4, 3, 5, 3, 7, 5, 3, 4, 3, 2, 1, 7, 2, 6, 3, 5, 3, 4, 3, 5, 4, 6, 4, 5, 4, 5, 13, 4, 5, 6, 3, 7, 3, 5, 3, 5, 13, 8, 5, 4, 3, 13, 6, 4, 5, 4, 3, 6, 5, 3, 6, 5, 7, 9, 8, 5, 3, 1, 5, 6, 5, 4, 9, 11, 14, 7, 6, 4, 3, 5, 4, 3, 4, 7, 5, 3, 13, 5, 8, 14, 11, 7, 9, 7, 2, 4, 2, 6, 2, 9]","[2, 0, 1, 0, 1, 0, 2, 3, 2, 3, 4, 2, 3, 4, 6, 3, 4, 5, 4, 5, 3, 2, 5, 7, 9, 13, 9, 6, 5, 4, 2, 3, 4, 3, 4, 2, 4, 3, 4, 5, 7, 4, 6, 9, 2, 5, 11, 3, 4, 1, 2, 0, 3, 4, 3, 4, 3, 2, 3, 4, 3, 5, 3, 2, 6, 4, 3, 4, 3, 4, 7, 5, 4, 6, 5, 7, 5, 4, 2, 5, 2, 4, 3, 5, 3, 5, 3, 4, 3, 7, 4, 5, 4, 5, 4, 7, 5, 6, 7, 8, 7, 4, 5, 4, 5, 3, 4, 3, 2, 3, 5, 3, 5, 3, 4, 5, 4, 5, 4, 3, 5, 3, 7, 5, 3, 4, 3, 2, 1, 7, 2, 6, 3, 5, 3, 4, 3, 5, 4, 6, 4, 5, 4, 5, 13, 4, 5, 6, 3, 7, 3, 5, 3, 5, 13, 8, 5, 4, 3, 13, 6, 4, 5, 4, 3, 6, 5, 3, 6, 5, 7, 9, 8, 5, 3, 1, 5, 6, 5, 4, 9, 11, 14, 7, 6, 4, 3, 5, 4, 3, 4, 7, 5, 3, 13, 5, 8, 14, 11, 7, 9, 7, 2, 4, 2, 6, 2, 9]"
66b337a9,Task1CM,CM,0,0,0,0,0,0,0,0,0,0,0,0,-234,-210,-84,15,5,11,-234,-210,-84,15,5,11,"[8, 1, 0, 1, 0, 1, 11, 14, 0, 1, 0, 1, 0, 2, 1, 0, 1, 2, 1, 2, 4, 5, 4, 3, 2, 0, 4, 3, 2, 3, 2, 3, 1, 2, 0, 2, 3, 2, 4, 3, 2, 6, 2, 3, 2, 3, 2, 3, 2, 3, 2, 1, 2, 1, 0, 2, 4, 3, 4, 2, 3, 4, 3, 4, 3, 4, 5, 3, 2, 11, 2, 3, 2, 5, 13, 4, 5, 4, 5, 6, 3, 4, 5, 3, 4, 2, 3, 4, 3, 4, 6, 5, 3, 13, 4, 3, 4, 3, 4, 6, 5, 4, 5, 4, 5, 6, 5, 4, 12, 5, 4, 5, 4, 5, 6, 5, 3, 4, 5, 6, 5, 6, 2, 9, 8, 5, 2, 1, 0, 1, 2, 0, 2, 0, 2, 0, 2, 1, 0, 1, 2, 1, 0, 3, 1, 2, 1, 2, 3, 2, 4, 2, 3, 1, 6, 7, 4, 3, 5, 2, 4, 2, 6, 2, 3, 2, 5, 4, 3, 4, 3, 6, 3, 5, 4, 3, 2, 3, 13, 4, 3, 13, 6, 4, 5, 4, 5, 4, 5, 3, 5, 4, 5, 6, 5, 6, 5, 6, 8, 6, 5, 7, 5, 6, 1, 3, 1, 2, 3, 4, 3, 4, 5, 2, 0, 1, 2, 3, 4, 3, 4, 3, 2, 3, 5, 3, 4, 2, 3, 2, 3, 2, 3, 2, 3, 4, 3, 13, 14, 3, 4, 3, 8, 4, 5, 4, 5, 4, 5, 4, 5, 6, 5, 6, 4, 5, 4, 5, 7, 5, 8, 4, 5, 4, 2, 1, 3, 2, 5, 7, 8, 11, 14, 13]","[8, 1, 0, 1, 0, 1, 11, 14, 0, 1, 0, 1, 0, 2, 1, 0, 1, 2, 1, 2, 4, 5, 4, 3, 2, 0, 4, 3, 2, 3, 2, 3, 1, 2, 0, 2, 3, 2, 4, 3, 2, 6, 2, 3, 2, 3, 2, 3, 2, 3, 2, 1, 2, 1, 0, 2, 4, 3, 4, 2, 3, 4, 3, 4, 3, 4, 5, 3, 2, 11, 2, 3, 2, 5, 13, 4, 5, 4, 5, 6, 3, 4, 5, 3, 4, 2, 3, 4, 3, 4, 6, 5, 3, 13, 4, 3, 4, 3, 4, 6, 5, 4, 5, 4, 5, 6, 5, 4, 12, 5, 4, 5, 4, 5, 6, 5, 3, 4, 5, 6, 5, 6, 2, 9, 8, 5, 2, 1, 0, 1, 2, 0, 2, 0, 2, 0, 2, 1, 0, 1, 2, 1, 0, 3, 1, 2, 1, 2, 3, 2, 4, 2, 3, 1, 6, 7, 4, 3, 5, 2, 4, 2, 6, 2, 3, 2, 5, 4, 3, 4, 3, 6, 3, 5, 4, 3, 2, 3, 13, 4, 3, 13, 6, 4, 5, 4, 5, 4, 5, 3, 5, 4, 5, 6, 5, 6, 5, 6, 8, 6, 5, 7, 5, 6, 1, 3, 1, 2, 3, 4, 3, 4, 5, 2, 0, 1, 2, 3, 4, 3, 4, 3, 2, 3, 5, 3, 4, 2, 3, 2, 3, 2, 3, 2, 3, 4, 3, 13, 14, 3, 4, 3, 8, 4, 5, 4, 5, 4, 5, 4, 5, 6, 5, 6, 4, 5, 4, 5, 7, 5, 8, 4, 5, 4, 2, 1, 3, 2, 5, 7, 8, 11, 14, 13]"
45c939e2,Task1CM,CM,0,0,0,0,0,0,0,0,0,0,0,0,-226,-192,-26,16,33,11,-226,-192,-26,16,33,11,"[4, 0, 1, 15, 14, 1, 2, 13, 1, 2, 3, 0, 2, 1, 3, 2, 3, 4, 5, 7, 4, 6, 9, 10, 6, 5, 3, 4, 3, 2, 3, 1, 3, 4, 6, 3, 4, 5, 7, 5, 1, 2, 1, 14, 13, 0, 1, 3, 7, 4, 10, 5, 7, 13, 7, 4, 7, 8, 4, 2, 0, 1, 3, 2, 4, 3, 0, 1, 2, 13, 3, 2, 3, 0, 2, 3, 2, 14, 13, 2, 4, 13, 4, 5, 13, 4, 7, 13, 5, 4, 6, 9, 10, 13, 4, 15, 8, 0, 2, 1, 4, 6, 3, 1, 13, 2, 3, 1, 2, 13, 3, 4, 3, 4, 6, 4, 1, 2, 4, 3, 0, 2, 3, 0, 3, 1, 2, 0, 2, 4, 3, 5, 3, 1, 2, 4, 3, 2, 0, 2, 3, 4, 2, 3, 14, 3, 5, 3, 5, 4, 1, 3, 1, 2, 3, 2, 0, 3, 4, 6, 9, 8, 4, 2, 1, 3, 13, 14, 0, 1, 0, 3, 0, 2, 1, 2, 1, 3, 2, 3, 2, 3, 1, 2, 0, 1, 2, 4, 5, 3, 5, 2, 3, 2, 4, 2, 3, 6, 3, 2, 3, 2, 3, 2, 3, 2, 3, 5, 1, 2, 3, 4, 2, 4, 1, 2, 1, 2, 13, 3, 13, 4, 5, 6, 7, 9, 0, 5, 8, 9, 8, 4, 3, 2, 3, 8, 13, 8, 7, 5, 13, 4, 5, 6, 10, 3, 4, 3, 4, 13, 15, 14, 15, 4, 14, 3, 14, 13, 4, 3, 13, 6, 13, 14, 13, 8, 6, 5, 4, 5, 13]","[4, 0, 1, 15, 14, 1, 2, 13, 1, 2, 3, 0, 2, 1, 3, 2, 3, 4, 5, 7, 4, 6, 9, 10, 6, 5, 3, 4, 3, 2, 3, 1, 3, 4, 6, 3, 4, 5, 7, 5, 1, 2, 1, 14, 13, 0, 1, 3, 7, 4, 10, 5, 7, 13, 7, 4, 7, 8, 4, 2, 0, 1, 3, 2, 4, 3, 0, 1, 2, 13, 3, 2, 3, 0, 2, 3, 2, 14, 13, 2, 4, 13, 4, 5, 13, 4, 7, 13, 5, 4, 6, 9, 10, 13, 4, 15, 8, 0, 2, 1, 4, 6, 3, 1, 13, 2, 3, 1, 2, 13, 3, 4, 3, 4, 6, 4, 1, 2, 4, 3, 0, 2, 3, 0, 3, 1, 2, 0, 2, 4, 3, 5, 3, 1, 2, 4, 3, 2, 0, 2, 3, 4, 2, 3, 14, 3, 5, 3, 5, 4, 1, 3, 1, 2, 3, 2, 0, 3, 4, 6, 9, 8, 4, 2, 1, 3, 13, 14, 0, 1, 0, 3, 0, 2, 1, 2, 1, 3, 2, 3, 2, 3, 1, 2, 0, 1, 2, 4, 5, 3, 5, 2, 3, 2, 4, 2, 3, 6, 3, 2, 3, 2, 3, 2, 3, 2, 3, 5, 1, 2, 3, 4, 2, 4, 1, 2, 1, 2, 13, 3, 13, 4, 5, 6, 7, 9, 0, 5, 8, 9, 8, 4, 3, 2, 3, 8, 13, 8, 7, 5, 13, 4, 5, 6, 10, 3, 4, 3, 4, 13, 15, 14, 15, 4, 14, 3, 14, 13, 4, 3, 13, 6, 13, 14, 13, 8, 6, 5, 4, 5, 13]"
ba88bf04,Task1CM,CM,0,0,0,0,0,0,0,0,0,0,0,0,0,-6,5,2,-6,1,0,-6,5,2,-6,1,"[11, 6, 4, 1, 2, 7, 5, 6, 3, 5, 6, 7, 9, 12, 15, 12, 9, 7, 8, 12, 7, 5, 4, 1, 2, 3, 15, 16, 15, 16, 15, 6, 14, 15, 16]","[11, 6, 4, 1, 2, 7, 5, 6, 3, 5, 6, 7, 9, 12, 15, 12, 9, 7, 8, 12, 7, 5, 4, 1, 2, 3, 15, 16, 15, 16, 15, 6, 14, 15, 16]"
782b7c64,Task1CM,CM,0,0,0,0,0,0,0,0,0,0,0,0,-142,-123,-37,8,-30,8,-142,-123,-37,8,-30,8,"[8, 1, 2, 0, 1, 0, 1, 9, 0, 2, 0, 1, 0, 1, 0, 1, 2, 3, 2, 3, 2, 4, 2, 1, 2, 3, 2, 1, 0, 2, 0, 2, 1, 0, 2, 3, 2, 0, 3, 5, 10, 7, 9, 8, 7, 4, 13, 14, 13, 1, 0, 1, 2, 1, 0, 1, 8, 0, 13, 2, 3, 2, 3, 2, 13, 2, 3, 13, 3, 11, 4, 3, 4, 3, 4, 6, 9, 4, 2, 1, 6, 4, 6, 4, 7, 8, 1, 3, 1, 0, 1, 3, 1, 0, 2, 1, 2, 1, 2, 5, 2, 3, 2, 5, 2, 3, 2, 3, 2, 1, 2, 1, 2, 3, 2, 4, 2, 1, 2, 3, 4, 3, 13, 3, 4, 3, 4, 3, 5, 6, 4, 8, 6, 4, 6, 4, 3, 5, 6, 9, 6, 5, 3, 2, 1, 2, 1, 2, 3, 2, 3, 2, 4, 6, 5, 2, 7, 6, 2, 4, 3, 13, 3, 4, 3, 13, 4, 15, 14, 4, 3, 13, 4, 5, 7, 9, 4, 2, 1, 2, 1, 8, 9, 13, 14, 9, 15]","[8, 1, 2, 0, 1, 0, 1, 9, 0, 2, 0, 1, 0, 1, 0, 1, 2, 3, 2, 3, 2, 4, 2, 1, 2, 3, 2, 1, 0, 2, 0, 2, 1, 0, 2, 3, 2, 0, 3, 5, 10, 7, 9, 8, 7, 4, 13, 14, 13, 1, 0, 1, 2, 1, 0, 1, 8, 0, 13, 2, 3, 2, 3, 2, 13, 2, 3, 13, 3, 11, 4, 3, 4, 3, 4, 6, 9, 4, 2, 1, 6, 4, 6, 4, 7, 8, 1, 3, 1, 0, 1, 3, 1, 0, 2, 1, 2, 1, 2, 5, 2, 3, 2, 5, 2, 3, 2, 3, 2, 1, 2, 1, 2, 3, 2, 4, 2, 1, 2, 3, 4, 3, 13, 3, 4, 3, 4, 3, 5, 6, 4, 8, 6, 4, 6, 4, 3, 5, 6, 9, 6, 5, 3, 2, 1, 2, 1, 2, 3, 2, 3, 2, 4, 6, 5, 2, 7, 6, 2, 4, 3, 13, 3, 4, 3, 13, 4, 15, 14, 4, 3, 13, 4, 5, 7, 9, 4, 2, 1, 2, 1, 8, 9, 13, 14, 9, 15]"
4d750b0b,Task1CM,CM,0,0,0,0,0,0,0,0,0,0,0,0,-149,-135,-54,9,4,7,-149,-135,-54,9,4,7,"[8, 4, 0, 5, 1, 2, 5, 1, 2, 3, 2, 3, 4, 2, 3, 5, 3, 4, 3, 4, 9, 2, 4, 2, 13, 3, 5, 3, 2, 0, 13, 4, 3, 4, 2, 4, 3, 2, 4, 2, 4, 2, 13, 2, 13, 4, 2, 5, 3, 2, 6, 2, 3, 5, 2, 5, 3, 4, 2, 4, 3, 2, 13, 4, 6, 2, 4, 2, 0, 2, 3, 16, 3, 2, 3, 1, 2, 3, 2, 3, 4, 5, 4, 3, 15, 4, 5, 4, 5, 4, 3, 4, 3, 2, 4, 3, 2, 1, 0, 4, 15, 2, 3, 15, 14, 4, 14, 5, 3, 4, 6, 3, 2, 3, 2, 3, 4, 2, 3, 2, 5, 2, 3, 2, 4, 2, 4, 3, 4, 2, 4, 2, 5, 2, 3, 14, 13, 15, 6, 4, 5, 4, 3, 5, 4, 5, 13, 3, 13, 4, 6, 4, 7, 9, 5, 3, 14, 7, 2, 13, 14, 13, 4, 13, 3, 14, 13, 6, 5, 6, 8, 6, 4, 2, 8, 6, 2, 14, 13, 14, 13, 14, 13, 14, 16, 13, 7, 6, 5, 8, 9, 14, 13, 14]","[8, 4, 0, 5, 1, 2, 5, 1, 2, 3, 2, 3, 4, 2, 3, 5, 3, 4, 3, 4, 9, 2, 4, 2, 13, 3, 5, 3, 2, 0, 13, 4, 3, 4, 2, 4, 3, 2, 4, 2, 4, 2, 13, 2, 13, 4, 2, 5, 3, 2, 6, 2, 3, 5, 2, 5, 3, 4, 2, 4, 3, 2, 13, 4, 6, 2, 4, 2, 0, 2, 3, 16, 3, 2, 3, 1, 2, 3, 2, 3, 4, 5, 4, 3, 15, 4, 5, 4, 5, 4, 3, 4, 3, 2, 4, 3, 2, 1, 0, 4, 15, 2, 3, 15, 14, 4, 14, 5, 3, 4, 6, 3, 2, 3, 2, 3, 4, 2, 3, 2, 5, 2, 3, 2, 4, 2, 4, 3, 4, 2, 4, 2, 5, 2, 3, 14, 13, 15, 6, 4, 5, 4, 3, 5, 4, 5, 13, 3, 13, 4, 6, 4, 7, 9, 5, 3, 14, 7, 2, 13, 14, 13, 4, 13, 3, 14, 13, 6, 5, 6, 8, 6, 4, 2, 8, 6, 2, 14, 13, 14, 13, 14, 13, 14, 16, 13, 7, 6, 5, 8, 9, 14, 13, 14]"
1ce913d5,Task1CP,CP,-369,-340,-229,11,-143,12,-369,-345,-238,13,-163,12,-392,-368,-177,20,-39,17,-370,-346,-125,23,18,17,"[12, 1, 0, 1, 2, 5, 4, 2, 0, 6, 5, 6, 5, 0, 2, 4, 2, 3, 1, 3, 1, 5, 3, 1, 0, 2, 4, 5, 8, 12, 11, 20, 21, 20, 1, 7, 9, 7, 2, 7, 9, 7, 9, 7, 6, 5, 6, 5, 11, 12, 15, 16, 15, 17, 16, 0, 1, 3, 1, 3, 0, 3, 0, 2, 0, 5, 3, 18, 20, 17, 2, 4, 3, 6, 5, 3, 6, 8, 6, 3, 20, 17, 5, 6, 9, 5, 3, 6, 5, 6, 12, 6, 9, 7, 9, 6, 8, 6, 7, 9, 6, 3, 1, 0, 5, 8, 7, 9, 7, 9, 7, 5, 8, 6, 20, 11, 17, 20, 7, 6, 7, 6, 3, 5, 3, 5, 6, 8, 6, 5, 8, 5, 6, 3, 5, 6, 5, 8, 6, 5, 6, 5, 8, 5, 6, 5, 6, 5, 6, 3, 6, 7, 5, 8, 5, 8, 6, 8, 6, 5, 6, 8, 5, 8, 5, 3, 5, 6, 5, 6, 5, 3, 6, 5, 8, 5, 8, 5, 8, 5, 8, 6, 1, 5, 3, 6, 3, 6, 0, 1, 3, 1, 3, 6, 5, 6, 7, 6, 3, 6, 5, 8, 5, 12, 13, 8, 10, 6, 5, 6, 8, 5, 3, 5, 3, 1, 0, 2, 1, 3, 1, 5, 3, 5, 3, 5, 1, 0, 3, 5, 3, 1, 0, 1, 3, 0, 1, 20, 18, 20, 21, 22, 3, 1, 5, 1, 3, 1, 6, 5, 3, 6, 3, 5, 3, 5, 6, 1, 3, 1, 3, 5, 3, 1, 6, 3, 6, 5, 8, 6, 8, 6, 8, 5, 6, 5, 3, 8, 6, 8, 3, 5, 3, 8, 6, 5, 6, 8, 6, 5, 8, 6, 5, 6, 5, 6, 5, 6, 5, 6, 5, 3, 10, 8, 10, 8, 6, 3, 6, 5, 6, 8, 18, 6, 10, 6, 3, 6, 20, 7, 9, 5, 18, 20, 7, 8, 10, 8, 10, 6, 8, 10, 8, 10, 8, 12, 8, 9, 20, 6, 10, 15, 12, 13, 22, 20, 6, 8, 6, 20, 7, 20, 12, 15, 10, 6, 5, 3, 6, 8, 12, 13, 12, 15, 12, 15, 21, 10, 8, 5, 18, 5, 6, 5, 6, 5, 3, 5, 8, 6, 5, 6, 5, 18, 13, 10, 6, 8, 6, 8, 6, 8, 5, 6, 5, 8, 6, 8, 21, 20, 8, 6, 8, 10, 8, 20, 13, 12, 10, 6, 12, 8, 10, 12, 10, 13, 12, 13, 8, 6, 8, 15, 13, 15, 16, 15, 8, 13, 12, 8, 20, 21]","[7, 1, 0, 1, 3, 2, 1, 0, 4, 3, 4, 3, 0, 1, 2, 1, 2, 1, 2, 1, 3, 2, 1, 0, 1, 2, 3, 5, 7, 6, 13, 14, 13, 1, 4, 5, 4, 1, 4, 5, 4, 5, 4, 3, 4, 3, 6, 7, 9, 10, 9, 11, 10, 0, 1, 2, 1, 2, 0, 2, 0, 1, 0, 3, 2, 11, 13, 11, 1, 2, 4, 3, 2, 4, 5, 4, 2, 13, 11, 3, 4, 5, 3, 2, 4, 3, 4, 7, 4, 5, 4, 5, 4, 5, 4, 5, 4, 2, 1, 0, 3, 5, 4, 5, 4, 5, 4, 3, 5, 4, 13, 6, 11, 13, 4, 2, 3, 2, 3, 4, 5, 4, 3, 5, 3, 4, 2, 3, 4, 3, 5, 4, 3, 4, 3, 5, 3, 4, 3, 4, 3, 4, 2, 4, 3, 5, 3, 5, 4, 5, 4, 3, 4, 5, 3, 5, 3, 2, 3, 4, 3, 4, 3, 2, 4, 3, 5, 3, 5, 3, 5, 3, 5, 4, 1, 3, 2, 4, 2, 4, 0, 1, 2, 1, 2, 4, 3, 4, 2, 4, 3, 5, 3, 7, 8, 5, 6, 4, 3, 4, 5, 3, 2, 3, 2, 1, 0, 1, 2, 1, 3, 2, 3, 2, 3, 1, 0, 2, 3, 2, 1, 0, 1, 2, 0, 1, 13, 11, 13, 14, 15, 2, 1, 3, 1, 2, 1, 4, 3, 2, 4, 2, 3, 2, 3, 4, 1, 2, 1, 2, 3, 2, 1, 4, 2, 4, 3, 5, 4, 5, 4, 5, 3, 4, 3, 2, 5, 4, 5, 2, 3, 2, 5, 4, 3, 4, 5, 4, 3, 5, 4, 3, 4, 3, 4, 3, 4, 3, 4, 3, 2, 6, 5, 6, 5, 4, 2, 4, 3, 4, 5, 11, 4, 6, 4, 2, 4, 13, 4, 5, 3, 11, 13, 4, 5, 6, 5, 6, 4, 5, 6, 5, 6, 5, 7, 5, 13, 4, 6, 9, 7, 8, 15, 13, 4, 5, 4, 13, 4, 13, 7, 9, 6, 4, 3, 2, 4, 5, 7, 8, 7, 9, 7, 9, 14, 6, 5, 3, 11, 3, 4, 3, 4, 3, 2, 3, 5, 4, 3, 4, 3, 11, 8, 6, 4, 5, 4, 5, 4, 5, 3, 4, 3, 5, 4, 5, 14, 13, 5, 4, 5, 6, 5, 13, 8, 7, 6, 4, 7, 5, 6, 7, 6, 8, 7, 8, 5, 4, 5, 9, 8, 9, 10, 9, 5, 8, 7, 5, 13, 14]"
9679a6e6,Task1CP,CP,-233,-224,-137,8,-105,8,-243,-229,-144,9,-113,9,-256,-232,-91,13,-13,12,-246,-222,-71,12,2,12,"[14, 2, 0, 17, 15, 19, 20, 3, 1, 3, 1, 3, 5, 6, 8, 5, 2, 3, 4, 0, 4, 5, 6, 7, 4, 7, 5, 6, 5, 7, 6, 5, 1, 6, 8, 6, 8, 10, 8, 10, 12, 8, 6, 10, 6, 5, 6, 7, 15, 10, 3, 5, 10, 8, 10, 6, 8, 5, 6, 15, 13, 12, 15, 13, 11, 3, 5, 6, 5, 20, 5, 1, 3, 21, 20, 5, 1, 3, 5, 6, 8, 6, 5, 6, 5, 3, 5, 6, 20, 5, 6, 5, 8, 6, 10, 8, 6, 8, 6, 8, 12, 8, 6, 20, 12, 10, 8, 6, 8, 5, 3, 18, 5, 13, 12, 10, 20, 21, 20, 10, 12, 15, 10, 13, 12, 20, 18, 10, 5, 6, 12, 8, 16, 18, 10, 6, 18, 6, 5, 4, 3, 20, 14, 20, 12, 10, 8, 10, 6, 8, 14, 20, 22, 10, 6, 5, 3, 5, 20, 12, 8, 6, 13, 8, 5, 8, 6, 13, 8, 6, 8, 6, 13, 8, 6, 8, 6, 8, 6, 8, 6, 8, 6, 8, 12, 10, 12, 10, 6, 5, 3, 5, 3, 5, 13, 8, 6, 3, 5, 3, 5, 8, 5, 4, 10, 6, 10, 8, 6, 8, 13, 12, 8, 12, 8, 6, 8, 13, 12, 20, 8, 6, 8, 6, 18, 8, 6, 20, 6, 20, 14, 20, 13, 8, 6, 20, 10, 8, 6, 10, 6, 8, 21, 8, 6, 8, 10, 8, 5, 18, 12, 20, 12, 20, 18, 8, 10, 22, 20, 11, 14, 15, 21, 20, 21, 20, 21, 20, 21, 23, 22, 20, 6, 5, 20, 8, 6, 20, 13, 10, 6, 21, 6, 20, 8, 6, 12, 18, 20, 23, 17, 20, 21, 20, 21, 18, 13, 8, 5, 6, 20, 6, 20, 14, 10, 20]","[8, 1, 0, 11, 9, 12, 13, 2, 1, 2, 1, 2, 3, 4, 5, 3, 1, 2, 0, 2, 3, 4, 2, 4, 3, 4, 3, 4, 3, 1, 4, 5, 4, 5, 6, 5, 6, 7, 5, 4, 6, 4, 3, 4, 9, 6, 2, 3, 6, 5, 6, 4, 5, 3, 4, 9, 8, 7, 9, 8, 6, 2, 3, 4, 3, 13, 3, 1, 2, 14, 13, 3, 1, 2, 3, 4, 5, 4, 3, 4, 3, 2, 3, 4, 13, 3, 4, 3, 5, 4, 6, 5, 4, 5, 4, 5, 7, 5, 4, 13, 7, 6, 5, 4, 5, 3, 2, 11, 3, 8, 7, 6, 13, 14, 13, 6, 7, 9, 6, 8, 7, 13, 11, 6, 3, 4, 7, 5, 10, 11, 6, 4, 11, 4, 3, 2, 13, 8, 13, 7, 6, 5, 6, 4, 5, 8, 13, 15, 6, 4, 3, 2, 3, 13, 7, 5, 4, 8, 5, 3, 5, 4, 8, 5, 4, 5, 4, 8, 5, 4, 5, 4, 5, 4, 5, 4, 5, 4, 5, 7, 6, 7, 6, 4, 3, 2, 3, 2, 3, 8, 5, 4, 2, 3, 2, 3, 5, 3, 2, 6, 4, 6, 5, 4, 5, 8, 7, 5, 7, 5, 4, 5, 8, 7, 13, 5, 4, 5, 4, 11, 5, 4, 13, 4, 13, 8, 13, 8, 5, 4, 13, 6, 5, 4, 6, 4, 5, 14, 5, 4, 5, 6, 5, 3, 11, 7, 13, 7, 13, 11, 5, 6, 15, 13, 6, 8, 9, 14, 13, 14, 13, 14, 13, 14, 16, 15, 13, 4, 3, 13, 5, 4, 13, 8, 6, 4, 14, 4, 13, 5, 4, 7, 11, 13, 16, 11, 13, 14, 13, 14, 11, 8, 5, 3, 4, 13, 4, 13, 8, 6, 13]"
625d844e,Task1CP,CP,-288,-254,-163,11,-81,10,-283,-249,-153,11,-56,10,-301,-272,-136,14,10,14,-286,-257,-71,18,51,13,"[14, 1, 0, 20, 21, 3, 15, 1, 4, 2, 0, 2, 1, 8, 21, 7, 5, 6, 7, 3, 1, 3, 2, 4, 7, 9, 3, 2, 4, 7, 9, 6, 7, 9, 11, 13, 15, 14, 6, 10, 14, 12, 6, 5, 1, 5, 6, 5, 21, 20, 5, 0, 3, 6, 8, 13, 8, 6, 18, 14, 11, 9, 4, 7, 5, 1, 3, 7, 0, 4, 3, 1, 3, 5, 0, 6, 5, 6, 7, 5, 7, 6, 4, 14, 6, 2, 6, 5, 6, 2, 6, 5, 6, 21, 5, 1, 0, 5, 3, 20, 3, 5, 20, 5, 3, 5, 18, 5, 6, 3, 5, 3, 6, 18, 5, 6, 5, 6, 3, 5, 3, 6, 5, 6, 5, 6, 8, 5, 6, 5, 10, 8, 10, 6, 5, 6, 5, 13, 12, 6, 5, 10, 8, 6, 5, 6, 10, 8, 12, 8, 5, 20, 6, 5, 8, 12, 20, 8, 6, 5, 6, 5, 3, 5, 3, 8, 5, 8, 6, 8, 13, 15, 13, 10, 6, 5, 6, 5, 12, 3, 5, 8, 7, 4, 0, 6, 8, 6, 5, 6, 20, 10, 12, 15, 6, 5, 6, 10, 11, 18, 17, 14, 2, 0, 4, 3, 6, 3, 1, 0, 5, 6, 10, 18, 10, 6, 5, 6, 8, 5, 8, 6, 10, 15, 5, 6, 8, 6, 8, 12, 8, 5, 6, 8, 11, 10, 20, 6, 8, 6, 10, 5, 6, 8, 5, 8, 6, 20, 8, 6, 5, 6, 8, 18, 6, 8, 22, 20, 8, 6, 20, 10, 8, 6, 8, 12, 6, 8, 6, 18, 12, 6, 8, 6, 14, 20, 5, 14, 3, 9, 8, 14, 11, 3, 6, 0, 1, 2, 0, 12, 3, 5, 6, 8, 9, 8, 9, 7, 9, 6, 8, 6, 8, 10, 18, 13, 5, 6, 20, 21, 20, 8, 20, 18, 8, 10, 20, 18, 20, 12, 14, 7, 18, 6, 21, 12, 8, 10, 8, 16, 8, 6, 8, 6, 8, 6, 8, 6, 12, 6, 5, 3, 1, 16, 20, 14]","[8, 1, 0, 13, 14, 2, 9, 1, 2, 1, 0, 1, 5, 14, 4, 3, 4, 2, 1, 2, 1, 2, 4, 5, 2, 1, 2, 4, 5, 4, 5, 6, 8, 9, 8, 4, 6, 8, 7, 4, 3, 1, 3, 4, 3, 14, 13, 3, 0, 2, 4, 5, 8, 5, 4, 11, 8, 6, 5, 2, 4, 3, 1, 2, 4, 0, 2, 1, 2, 3, 0, 4, 3, 4, 3, 4, 2, 8, 4, 1, 4, 3, 4, 1, 4, 3, 4, 14, 3, 1, 0, 3, 2, 13, 2, 3, 13, 3, 2, 3, 11, 3, 4, 2, 3, 2, 4, 11, 3, 4, 3, 4, 2, 3, 2, 4, 3, 4, 3, 4, 5, 3, 4, 3, 6, 5, 6, 4, 3, 4, 3, 8, 7, 4, 3, 6, 5, 4, 3, 4, 6, 5, 7, 5, 3, 13, 4, 3, 5, 7, 13, 5, 4, 3, 4, 3, 2, 3, 2, 5, 3, 5, 4, 5, 8, 9, 8, 6, 4, 3, 4, 3, 7, 2, 3, 5, 4, 2, 0, 4, 5, 4, 3, 4, 13, 6, 7, 9, 4, 3, 4, 6, 11, 8, 1, 0, 2, 4, 2, 1, 0, 3, 4, 6, 11, 6, 4, 3, 4, 5, 3, 5, 4, 6, 9, 3, 4, 5, 4, 5, 7, 5, 3, 4, 5, 6, 13, 4, 5, 4, 6, 3, 4, 5, 3, 5, 4, 13, 5, 4, 3, 4, 5, 11, 4, 5, 15, 13, 5, 4, 13, 6, 5, 4, 5, 7, 4, 5, 4, 11, 7, 4, 5, 4, 8, 13, 3, 8, 2, 5, 8, 6, 2, 4, 0, 1, 0, 7, 2, 3, 4, 5, 4, 5, 4, 5, 4, 5, 6, 11, 8, 3, 4, 13, 14, 13, 5, 13, 11, 5, 6, 13, 11, 13, 7, 8, 4, 11, 4, 14, 7, 5, 6, 5, 10, 5, 4, 5, 4, 5, 4, 5, 4, 7, 4, 3, 2, 1, 10, 13, 8]"
1de0f518,Task1CP,CP,-390,-366,-267,12,-196,11,-390,-356,-264,13,-183,10,-403,-379,-178,21,-65,17,-386,-367,-141,23,-38,17,"[14, 12, 20, 19, 20, 1, 0, 1, 4, 2, 1, 0, 1, 5, 1, 5, 1, 22, 20, 1, 4, 2, 4, 1, 3, 1, 3, 5, 3, 0, 5, 3, 5, 4, 2, 4, 5, 1, 5, 3, 0, 3, 1, 3, 5, 3, 1, 20, 6, 5, 6, 1, 0, 6, 8, 0, 6, 8, 3, 5, 3, 6, 1, 0, 6, 20, 8, 6, 1, 10, 3, 0, 3, 0, 3, 0, 1, 5, 0, 1, 6, 5, 3, 1, 3, 5, 4, 3, 1, 3, 1, 3, 1, 3, 4, 3, 5, 6, 5, 3, 5, 3, 5, 13, 20, 5, 3, 5, 8, 10, 3, 12, 15, 10, 5, 6, 5, 3, 5, 3, 5, 3, 5, 6, 10, 8, 6, 0, 1, 6, 0, 12, 6, 3, 10, 6, 8, 1, 0, 3, 1, 3, 6, 3, 1, 4, 9, 1, 5, 1, 12, 1, 3, 8, 3, 5, 10, 3, 8, 5, 15, 5, 3, 0, 3, 1, 0, 3, 15, 20, 5, 0, 1, 0, 1, 0, 1, 3, 1, 0, 3, 0, 3, 1, 3, 1, 0, 3, 4, 3, 5, 3, 5, 6, 5, 6, 0, 6, 3, 1, 5, 6, 0, 5, 1, 20, 8, 6, 5, 3, 1, 0, 1, 3, 1, 0, 3, 6, 5, 3, 1, 0, 5, 6, 3, 5, 3, 5, 3, 6, 5, 3, 1, 0, 3, 6, 3, 8, 3, 14, 5, 6, 5, 3, 5, 3, 5, 3, 8, 5, 3, 1, 0, 5, 3, 8, 5, 0, 1, 0, 1, 12, 5, 1, 3, 6, 5, 3, 5, 3, 6, 5, 20, 5, 3, 5, 6, 18, 6, 3, 11, 14, 6, 5, 6, 8, 5, 8, 6, 5, 6, 5, 15, 6, 8, 0, 10, 13, 15, 21, 20, 6, 15, 14, 13, 14, 5, 6, 10, 3, 5, 7, 6, 5, 6, 7, 6, 5, 3, 5, 1, 3, 5, 3, 5, 3, 5, 3, 5, 6, 0, 5, 6, 5, 1, 8, 20, 21, 14, 13, 8, 6, 5, 3, 1, 3, 5, 20, 7, 3, 1, 5, 3, 5, 13, 5, 14, 6, 3, 14, 8, 5, 4, 1, 5, 3, 1, 0, 5, 1, 0, 3, 1, 0, 3, 5, 3, 5, 6, 5, 6, 5, 6, 3, 5, 6, 3, 5, 3, 5, 20, 6, 5, 8, 6, 3, 8, 6, 3, 10, 15, 8, 3, 5, 6, 10, 1, 0, 1, 10, 3, 10, 3, 1, 6, 10, 1, 0, 1, 8, 6, 12, 10, 12, 15, 6, 5, 3, 14, 1, 8, 6, 8, 10, 6, 5, 15, 20, 14, 4, 7, 15, 14]","[8, 7, 13, 12, 13, 1, 0, 1, 2, 1, 0, 1, 3, 1, 3, 1, 15, 13, 1, 2, 1, 2, 1, 2, 1, 2, 3, 2, 0, 3, 2, 3, 2, 1, 2, 3, 1, 3, 2, 0, 2, 1, 2, 3, 2, 1, 13, 4, 3, 4, 1, 0, 4, 5, 0, 4, 5, 2, 3, 2, 4, 1, 0, 4, 13, 5, 4, 1, 6, 2, 0, 2, 0, 2, 0, 1, 3, 0, 1, 4, 3, 2, 1, 2, 3, 2, 1, 2, 1, 2, 1, 2, 3, 4, 3, 2, 3, 2, 3, 8, 13, 3, 2, 3, 5, 6, 2, 7, 9, 6, 3, 4, 3, 2, 3, 2, 3, 2, 3, 4, 6, 5, 4, 0, 1, 4, 0, 7, 4, 2, 6, 4, 5, 1, 0, 2, 1, 2, 4, 2, 1, 2, 5, 1, 3, 1, 7, 1, 2, 5, 2, 3, 6, 2, 5, 3, 9, 3, 2, 0, 2, 1, 0, 2, 9, 13, 3, 0, 1, 0, 1, 0, 1, 2, 1, 0, 2, 0, 2, 1, 2, 1, 0, 2, 3, 2, 3, 4, 3, 4, 0, 4, 2, 1, 3, 4, 0, 3, 1, 13, 5, 4, 3, 2, 1, 0, 1, 2, 1, 0, 2, 4, 3, 2, 1, 0, 3, 4, 2, 3, 2, 3, 2, 4, 3, 2, 1, 0, 2, 4, 2, 5, 2, 8, 3, 4, 3, 2, 3, 2, 3, 2, 5, 3, 2, 1, 0, 3, 2, 5, 3, 0, 1, 0, 1, 7, 3, 1, 2, 4, 3, 2, 3, 2, 4, 3, 13, 3, 2, 3, 4, 11, 4, 2, 6, 8, 4, 3, 4, 5, 3, 5, 4, 3, 4, 3, 9, 4, 5, 0, 6, 8, 9, 14, 13, 4, 9, 8, 3, 4, 6, 2, 3, 4, 3, 4, 3, 2, 3, 1, 2, 3, 2, 3, 2, 3, 2, 3, 4, 0, 3, 4, 3, 1, 5, 13, 14, 8, 5, 4, 3, 2, 1, 2, 3, 13, 4, 2, 1, 3, 2, 3, 8, 3, 8, 4, 2, 8, 5, 3, 2, 1, 3, 2, 1, 0, 3, 1, 0, 2, 1, 0, 2, 3, 2, 3, 4, 3, 4, 3, 4, 2, 3, 4, 2, 3, 2, 3, 13, 4, 3, 5, 4, 2, 5, 4, 2, 6, 9, 5, 2, 3, 4, 6, 1, 0, 1, 6, 2, 6, 2, 1, 4, 6, 1, 0, 1, 5, 4, 7, 6, 7, 9, 4, 3, 2, 8, 1, 5, 4, 5, 6, 4, 3, 9, 13, 8, 2, 4, 9, 8]"
1d1071e4,Task1CP,CP,-293,-274,-206,10,-161,10,-298,-279,-206,10,-161,10,-306,-277,-131,18,-35,14,-289,-265,-99,20,-13,14,"[18, 14, 11, 0, 4, 20, 21, 20, 21, 20, 21, 20, 21, 20, 22, 21, 3, 0, 1, 0, 1, 0, 3, 1, 2, 0, 1, 3, 5, 3, 5, 3, 5, 4, 3, 1, 2, 1, 0, 1, 3, 5, 0, 3, 1, 3, 5, 3, 1, 0, 20, 21, 20, 5, 3, 20, 3, 2, 20, 3, 0, 1, 21, 20, 3, 1, 3, 6, 5, 3, 1, 5, 12, 5, 3, 0, 1, 5, 3, 5, 3, 6, 5, 6, 5, 6, 8, 6, 5, 6, 8, 6, 0, 6, 20, 22, 20, 21, 20, 10, 5, 6, 10, 5, 6, 5, 6, 21, 20, 5, 20, 6, 8, 6, 8, 6, 8, 6, 8, 5, 6, 5, 3, 5, 6, 4, 2, 4, 3, 5, 4, 6, 5, 6, 5, 6, 23, 6, 5, 6, 5, 3, 5, 6, 5, 6, 5, 1, 18, 20, 5, 6, 5, 6, 5, 6, 20, 6, 20, 8, 10, 8, 6, 8, 6, 10, 12, 10, 8, 6, 8, 3, 1, 3, 0, 8, 5, 0, 1, 3, 1, 3, 1, 6, 3, 5, 3, 1, 3, 5, 3, 0, 3, 5, 1, 3, 5, 3, 4, 3, 5, 6, 5, 20, 5, 20, 6, 21, 20, 5, 20, 21, 20, 6, 10, 12, 13, 12, 21, 20, 10, 3, 1, 12, 10, 12, 5, 8, 6, 5, 3, 5, 3, 5, 12, 1, 0, 3, 1, 3, 5, 3, 5, 3, 5, 1, 3, 6, 3, 0, 6, 8, 5, 3, 5, 3, 4, 6, 5, 3, 1, 3, 1, 0, 1, 13, 12, 3, 6, 5, 3, 5, 8, 5, 6, 3, 5, 3, 5, 6, 5, 3, 4, 3, 5, 3, 5, 14, 8, 12, 5, 20, 5, 3, 4, 3, 5, 6, 8, 5, 8, 5, 3, 5, 6, 5, 6, 18, 20, 5, 6, 8, 6, 20, 21, 20, 8, 6, 20, 21, 5, 6, 8, 12, 8, 12, 8, 20, 13, 6, 10, 12, 10, 12, 10, 6, 20, 8, 6, 3, 5, 12, 15, 0, 1, 20, 6, 0, 20, 23, 18]","[11, 8, 6, 0, 2, 13, 14, 13, 14, 13, 14, 13, 14, 13, 15, 14, 2, 0, 1, 0, 1, 0, 2, 1, 0, 1, 2, 3, 2, 3, 2, 3, 2, 1, 0, 1, 2, 3, 0, 2, 1, 2, 3, 2, 1, 0, 13, 14, 13, 3, 2, 13, 2, 1, 13, 2, 0, 1, 14, 13, 2, 1, 2, 4, 3, 2, 1, 3, 7, 3, 2, 0, 1, 3, 2, 3, 2, 4, 3, 4, 3, 4, 5, 4, 3, 4, 5, 4, 0, 4, 13, 15, 13, 14, 13, 6, 3, 4, 6, 3, 4, 3, 4, 14, 13, 3, 13, 4, 5, 4, 5, 4, 5, 4, 5, 3, 4, 3, 2, 3, 4, 2, 1, 2, 3, 2, 4, 3, 4, 3, 4, 16, 4, 3, 4, 3, 2, 3, 4, 3, 4, 3, 1, 11, 13, 3, 4, 3, 4, 3, 4, 13, 4, 13, 5, 6, 5, 4, 5, 4, 6, 7, 6, 5, 4, 5, 2, 1, 2, 0, 5, 3, 0, 1, 2, 1, 2, 1, 4, 2, 3, 2, 1, 2, 3, 2, 0, 2, 3, 1, 2, 3, 2, 3, 4, 3, 13, 3, 13, 4, 14, 13, 3, 13, 14, 13, 4, 6, 7, 8, 7, 14, 13, 6, 2, 1, 7, 6, 7, 3, 5, 4, 3, 2, 3, 2, 3, 7, 1, 0, 2, 1, 2, 3, 2, 3, 2, 3, 1, 2, 4, 2, 0, 4, 5, 3, 2, 3, 2, 4, 3, 2, 1, 2, 1, 0, 1, 8, 7, 2, 4, 3, 2, 3, 5, 3, 4, 2, 3, 2, 3, 4, 3, 2, 3, 2, 3, 8, 5, 7, 3, 13, 3, 2, 3, 4, 5, 3, 5, 3, 2, 3, 4, 3, 4, 11, 13, 3, 4, 5, 4, 13, 14, 13, 5, 4, 13, 14, 3, 4, 5, 7, 5, 7, 5, 13, 8, 4, 6, 7, 6, 7, 6, 4, 13, 5, 4, 2, 3, 7, 9, 0, 1, 13, 4, 0, 13, 16, 11]"
cb039d67,Task1CP,CP,-82,-58,-47,6,-12,4,-72,-53,-30,5,-2,4,-85,-61,-35,6,5,5,-75,-51,-5,7,40,5,"[11, 6, 5, 6, 7, 21, 20, 4, 0, 2, 0, 2, 4, 7, 9, 6, 9, 11, 16, 20, 0, 2, 0, 4, 3, 5, 7, 6, 8, 9, 6, 9, 15, 12, 10, 8, 5, 8, 6, 8, 6, 9, 10, 20, 21, 3, 0, 2, 1, 3, 1, 3, 13, 20, 13, 10, 6, 20, 0, 1, 0, 1, 3, 5, 6, 5, 6, 3, 1, 5, 3, 5, 6, 5, 1, 5, 0, 5, 0, 1, 5, 0, 1, 5, 20, 5, 1, 3, 5, 20, 5, 6, 3, 20, 6, 5, 6, 8, 6, 5, 6, 8, 5, 6, 8, 6, 5, 6, 8, 6, 5, 1, 5, 17, 20]","[6, 4, 3, 4, 14, 13, 2, 0, 1, 0, 1, 2, 4, 5, 4, 5, 6, 10, 13, 0, 1, 0, 2, 3, 4, 5, 4, 5, 9, 7, 6, 5, 3, 5, 4, 5, 4, 5, 6, 13, 14, 2, 0, 1, 2, 1, 2, 8, 13, 8, 6, 4, 13, 0, 1, 0, 1, 2, 3, 4, 3, 4, 2, 1, 3, 2, 3, 4, 3, 1, 3, 0, 3, 0, 1, 3, 0, 1, 3, 13, 3, 1, 2, 3, 13, 3, 4, 2, 13, 4, 3, 4, 5, 4, 3, 4, 5, 3, 4, 5, 4, 3, 4, 5, 4, 3, 1, 3, 11, 13]"
5e4ae544,Task1CP,CP,-140,-126,-80,6,-56,6,-135,-121,-72,7,-46,6,-148,-129,-63,8,4,8,-143,-124,-23,11,39,8,"[14, 3, 0, 1, 3, 1, 3, 5, 6, 5, 6, 8, 6, 7, 6, 10, 5, 6, 5, 6, 10, 5, 6, 5, 6, 5, 6, 8, 10, 12, 6, 15, 5, 8, 7, 2, 3, 4, 7, 11, 7, 22, 21, 3, 7, 9, 11, 9, 7, 8, 7, 9, 11, 10, 14, 11, 20, 21, 5, 20, 6, 3, 5, 3, 5, 8, 5, 6, 5, 6, 8, 5, 6, 8, 10, 8, 6, 8, 6, 10, 12, 6, 10, 5, 10, 15, 6, 10, 8, 6, 16, 15, 12, 10, 6, 8, 6, 3, 1, 10, 3, 10, 20, 6, 10, 8, 5, 20, 18, 8, 12, 10, 6, 12, 20, 8, 10, 12, 8, 20, 13, 10, 8, 10, 15, 18, 13, 12, 5, 10, 8, 21, 11, 10, 6, 10, 6, 5, 20, 18, 8, 5, 20, 5, 8, 10, 5, 3, 6, 5, 6, 20, 6, 5, 6, 10, 6, 18, 20, 6, 5, 6, 20, 8, 6, 12, 8, 6, 12, 8, 10, 6, 10, 8, 5, 20, 3, 18, 3, 8, 12, 15, 17, 20, 12, 10, 6, 5, 7, 10, 12, 15, 21]","[8, 2, 0, 1, 2, 1, 2, 3, 4, 3, 4, 5, 4, 6, 3, 4, 3, 4, 6, 3, 4, 3, 4, 3, 4, 5, 6, 7, 4, 9, 3, 5, 4, 1, 2, 4, 6, 4, 15, 14, 2, 4, 5, 6, 5, 4, 5, 4, 5, 6, 8, 6, 13, 14, 3, 13, 4, 2, 3, 2, 3, 5, 3, 4, 3, 4, 5, 3, 4, 5, 6, 5, 4, 5, 4, 6, 7, 4, 6, 3, 6, 9, 4, 6, 5, 4, 10, 9, 7, 6, 4, 5, 4, 2, 1, 6, 2, 6, 13, 4, 6, 5, 3, 13, 11, 5, 7, 6, 4, 7, 13, 5, 6, 7, 5, 13, 8, 6, 5, 6, 9, 11, 8, 7, 3, 6, 5, 14, 6, 4, 6, 4, 3, 13, 11, 5, 3, 13, 3, 5, 6, 3, 2, 4, 3, 4, 13, 4, 3, 4, 6, 4, 11, 13, 4, 3, 4, 13, 5, 4, 7, 5, 4, 7, 5, 6, 4, 6, 5, 3, 13, 2, 11, 2, 5, 7, 9, 11, 13, 7, 6, 4, 3, 4, 6, 7, 9, 14]"
dfab1ede,Task1CP,CP,-139,-120,-77,5,-62,5,-139,-120,-69,6,-52,5,-147,-123,-47,11,-9,7,-135,-111,-15,11,13,7,"[13, 9, 11, 9, 11, 10, 4, 2, 4, 7, 2, 4, 2, 4, 7, 12, 19, 20, 18, 20, 21, 0, 3, 1, 0, 17, 3, 0, 3, 0, 6, 1, 0, 20, 3, 6, 3, 4, 3, 4, 3, 5, 1, 3, 6, 3, 5, 3, 2, 4, 3, 6, 5, 3, 21, 3, 0, 3, 18, 5, 3, 8, 6, 5, 3, 1, 0, 5, 20, 2, 0, 3, 13, 3, 4, 2, 4, 18, 10, 6, 3, 5, 6, 5, 18, 8, 3, 6, 10, 5, 6, 3, 5, 6, 10, 1, 6, 5, 20, 10, 8, 5, 3, 0, 4, 0, 3, 6, 8, 6, 5, 6, 8, 6, 1, 3, 5, 3, 5, 7, 3, 5, 10, 5, 6, 5, 6, 10, 6, 3, 1, 5, 3, 6, 5, 6, 18, 12, 6, 5, 18, 3, 10, 15, 13, 8, 3, 1, 18, 10, 18, 5, 20, 8, 18, 20, 6, 1, 0, 1, 6, 3, 5, 3, 6, 8, 6, 18, 10, 6, 10, 5, 3, 5, 18, 10, 6, 5, 6, 18, 6, 3, 10, 13, 6, 20, 21]","[8, 5, 6, 5, 6, 2, 1, 2, 4, 1, 2, 1, 2, 4, 7, 12, 13, 11, 13, 14, 0, 2, 1, 0, 11, 2, 0, 2, 0, 4, 1, 0, 13, 2, 4, 2, 3, 1, 2, 4, 2, 3, 2, 1, 2, 4, 3, 2, 14, 2, 0, 2, 11, 3, 2, 5, 4, 3, 2, 1, 0, 3, 13, 1, 0, 2, 8, 2, 1, 2, 11, 6, 4, 2, 3, 4, 3, 11, 5, 2, 4, 6, 3, 4, 2, 3, 4, 6, 1, 4, 3, 13, 6, 5, 3, 2, 0, 2, 0, 2, 4, 5, 4, 3, 4, 5, 4, 1, 2, 3, 2, 3, 4, 2, 3, 6, 3, 4, 3, 4, 6, 4, 2, 1, 3, 2, 4, 3, 4, 11, 7, 4, 3, 11, 2, 6, 9, 8, 5, 2, 1, 11, 6, 11, 3, 13, 5, 11, 13, 4, 1, 0, 1, 4, 2, 3, 2, 4, 5, 4, 11, 6, 4, 6, 3, 2, 3, 11, 6, 4, 3, 4, 11, 4, 2, 6, 8, 4, 13, 14]"
9a43cae5,Task1CP,CP,-215,-196,-91,9,-74,7,-220,-196,-96,9,-84,7,-228,-199,-68,11,-4,11,-211,-182,-41,12,19,10,"[1, 3, 6, 3, 5, 6, 10, 5, 3, 5, 13, 20, 21, 20, 1, 0, 21, 9, 11, 0, 15, 17, 18, 20, 23, 20, 21, 18, 20, 19, 0, 1, 0, 3, 0, 3, 12, 0, 2, 0, 1, 2, 1, 3, 1, 3, 4, 2, 4, 2, 0, 1, 3, 5, 3, 5, 3, 5, 6, 5, 6, 5, 8, 5, 6, 5, 6, 20, 5, 6, 10, 5, 6, 10, 6, 20, 6, 21, 6, 21, 20, 3, 5, 8, 6, 5, 6, 5, 3, 20, 5, 3, 6, 3, 5, 3, 5, 6, 5, 6, 8, 6, 8, 10, 12, 10, 13, 10, 8, 10, 12, 20, 10, 6, 5, 18, 6, 5, 1, 5, 3, 5, 18, 8, 20, 10, 5, 3, 5, 3, 20, 5, 18, 6, 5, 3, 4, 3, 5, 20, 5, 6, 5, 18, 6, 5, 8, 10, 3, 13, 15, 3, 6, 1, 0, 2, 0, 2, 1, 3, 5, 3, 4, 5, 10, 5, 3, 4, 5, 6, 13, 5, 6, 5, 6, 5, 8, 6, 10, 6, 3, 5, 6, 20, 5, 6, 3, 10, 6, 20, 8, 5, 3, 4, 3, 6, 3, 5, 3, 6, 5, 18, 5, 10, 6, 8, 10, 13, 10, 14, 6, 1, 5, 20, 8, 5, 6, 20, 5, 6, 5, 3, 6, 3, 5, 18, 6, 3, 4, 5, 3, 5, 3, 5, 1, 6, 5, 20, 5, 18, 5, 6, 5, 8, 6, 5, 6, 5, 6, 12, 10, 5, 6, 5, 6, 3, 5, 3, 10, 12, 6, 14, 20]","[1, 2, 4, 2, 3, 4, 6, 3, 2, 3, 8, 13, 14, 13, 1, 0, 14, 5, 6, 0, 9, 11, 13, 16, 13, 14, 11, 13, 12, 0, 1, 0, 2, 0, 2, 7, 0, 1, 0, 1, 2, 1, 2, 1, 2, 1, 0, 1, 2, 3, 2, 3, 2, 3, 4, 3, 4, 3, 5, 3, 4, 3, 4, 13, 3, 4, 6, 3, 4, 6, 4, 13, 4, 14, 4, 14, 13, 2, 3, 5, 4, 3, 4, 3, 2, 13, 3, 2, 4, 2, 3, 2, 3, 4, 3, 4, 5, 4, 5, 6, 7, 6, 8, 6, 5, 6, 7, 13, 6, 4, 3, 11, 4, 3, 1, 3, 2, 3, 11, 5, 13, 6, 3, 2, 3, 2, 13, 3, 11, 4, 3, 2, 3, 13, 3, 4, 3, 11, 4, 3, 5, 6, 2, 8, 9, 2, 4, 1, 0, 1, 0, 1, 2, 3, 2, 3, 6, 3, 2, 3, 4, 8, 3, 4, 3, 4, 3, 5, 4, 6, 4, 2, 3, 4, 13, 3, 4, 2, 6, 4, 13, 5, 3, 2, 4, 2, 3, 2, 4, 3, 11, 3, 6, 4, 5, 6, 8, 6, 8, 4, 1, 3, 13, 5, 3, 4, 13, 3, 4, 3, 2, 4, 2, 3, 11, 4, 2, 3, 2, 3, 2, 3, 1, 4, 3, 13, 3, 11, 3, 4, 3, 5, 4, 3, 4, 3, 4, 7, 6, 3, 4, 3, 4, 2, 3, 2, 6, 7, 4, 8, 13]"
66310afd,Task1CP,CP,-157,-143,-117,6,-88,6,-157,-148,-117,6,-98,6,-175,-161,-75,12,-33,8,-168,-154,-63,12,-17,9,"[3, 1, 0, 1, 6, 5, 3, 1, 0, 1, 3, 2, 0, 3, 10, 13, 8, 5, 2, 1, 0, 3, 0, 2, 1, 0, 1, 6, 3, 4, 2, 4, 3, 1, 0, 1, 5, 3, 1, 3, 5, 6, 1, 3, 5, 3, 5, 3, 5, 6, 5, 3, 5, 0, 3, 5, 3, 5, 6, 1, 6, 5, 6, 5, 6, 5, 6, 5, 6, 8, 6, 5, 1, 3, 0, 3, 5, 3, 1, 5, 3, 1, 3, 0, 6, 1, 6, 8, 6, 8, 6, 7, 5, 6, 9, 5, 6, 7, 9, 5, 6, 9, 7, 10, 9, 11, 8, 9, 10, 8, 11, 6, 11, 9, 11, 12, 8, 10, 12, 8, 12, 8, 6, 8, 6, 10, 12, 5, 6, 5, 10, 8, 12, 6, 3, 10, 5, 6, 8, 5, 6, 8, 20, 18, 20, 5, 3, 5, 6, 8, 20, 3, 1, 3, 8, 20, 6, 8, 20, 6, 20, 6, 12, 8, 6, 20, 6, 8, 10, 20, 10, 12, 16, 10, 12, 8, 6, 8, 6, 3, 5, 21, 20, 21, 20, 10, 8, 6, 20, 5, 6, 8, 6, 8, 6, 8, 20, 21, 12, 13, 16, 20, 21, 22, 21, 22, 21, 22, 21, 20, 21, 20, 21, 20, 21, 20, 21, 14, 20, 10]","[2, 1, 0, 1, 4, 3, 2, 1, 0, 1, 2, 1, 0, 2, 6, 8, 5, 3, 1, 0, 2, 0, 1, 0, 1, 4, 2, 1, 2, 1, 0, 1, 3, 2, 1, 2, 3, 4, 1, 2, 3, 2, 3, 2, 3, 4, 3, 2, 3, 0, 2, 3, 2, 3, 4, 1, 4, 3, 4, 3, 4, 3, 4, 3, 4, 5, 4, 3, 1, 2, 0, 2, 3, 2, 1, 3, 2, 1, 2, 0, 4, 1, 4, 5, 4, 5, 4, 3, 4, 5, 3, 4, 5, 3, 4, 5, 4, 6, 5, 6, 5, 6, 5, 6, 4, 6, 5, 6, 7, 5, 6, 7, 5, 7, 5, 4, 5, 4, 6, 7, 3, 4, 3, 6, 5, 7, 4, 2, 6, 3, 4, 5, 3, 4, 5, 13, 11, 13, 3, 2, 3, 4, 5, 13, 2, 1, 2, 5, 13, 4, 5, 13, 4, 13, 4, 7, 5, 4, 13, 4, 5, 6, 13, 6, 7, 10, 6, 7, 5, 4, 5, 4, 2, 3, 14, 13, 14, 13, 6, 5, 4, 13, 3, 4, 5, 4, 5, 4, 5, 13, 14, 7, 8, 10, 13, 14, 15, 14, 15, 14, 15, 14, 13, 14, 13, 14, 13, 14, 13, 14, 8, 13, 6]"
615db7bf,Task2CM,CM,0,0,0,0,0,0,0,0,0,0,0,0,-240,-194,-48,14,-19,9,-240,-194,-48,14,-19,9,"[9, 1, 0, 1, 0, 1, 13, 14, 10, 11, 12, 11, 13, 14, 13, 14, 12, 11, 13, 14, 13, 14, 16, 14, 2, 0, 8, 9, 1, 0, 1, 0, 1, 0, 1, 0, 1, 2, 1, 2, 1, 2, 3, 4, 2, 3, 6, 4, 5, 13, 5, 7, 9, 4, 3, 13, 14, 13, 2, 0, 2, 3, 4, 3, 4, 1, 3, 2, 3, 0, 3, 0, 1, 3, 1, 0, 1, 2, 3, 4, 5, 7, 3, 8, 7, 9, 7, 5, 6, 9, 7, 8, 5, 2, 7, 8, 7, 8, 7, 13, 5, 7, 14, 13, 11, 7, 9, 7, 6, 5, 8, 6, 7, 9, 3, 13, 3, 4, 2, 3, 5, 2, 4, 1, 4, 2, 3, 4, 3, 4, 2, 4, 1, 3, 1, 3, 1, 3, 0, 2, 3, 0, 13, 2, 0, 2, 4, 3, 4, 2, 4, 5, 2, 3, 0, 4, 5, 2, 5, 3, 5, 6, 4, 0, 7, 5, 7, 6, 5, 7, 5, 7, 3, 1, 7, 11, 9, 7, 3, 6, 7, 13, 11, 6, 3, 5, 2, 3, 4, 5, 6, 7, 11, 7, 15, 11, 7, 11, 9, 8, 6, 7, 6, 15, 13, 9, 8, 7, 5, 7, 13, 5, 3, 4, 3, 4, 7, 17, 3, 0, 2, 3, 0, 2, 7, 5, 7, 9, 7, 11, 16, 6, 9, 4, 3, 7, 9, 3, 5, 13, 14, 18, 5, 7, 6, 4, 10, 6, 5, 9, 4, 5, 3, 5, 2, 4, 7, 4, 5, 4, 13, 9, 6, 5, 4, 3, 4, 3, 7, 6, 7, 9, 11, 12, 5, 11, 14, 15, 7, 4, 5, 4, 5, 9, 7, 4, 5, 9, 5, 6, 5, 7, 6, 5]","[9, 1, 0, 1, 0, 1, 13, 14, 10, 11, 12, 11, 13, 14, 13, 14, 12, 11, 13, 14, 13, 14, 16, 14, 2, 0, 8, 9, 1, 0, 1, 0, 1, 0, 1, 0, 1, 2, 1, 2, 1, 2, 3, 4, 2, 3, 6, 4, 5, 13, 5, 7, 9, 4, 3, 13, 14, 13, 2, 0, 2, 3, 4, 3, 4, 1, 3, 2, 3, 0, 3, 0, 1, 3, 1, 0, 1, 2, 3, 4, 5, 7, 3, 8, 7, 9, 7, 5, 6, 9, 7, 8, 5, 2, 7, 8, 7, 8, 7, 13, 5, 7, 14, 13, 11, 7, 9, 7, 6, 5, 8, 6, 7, 9, 3, 13, 3, 4, 2, 3, 5, 2, 4, 1, 4, 2, 3, 4, 3, 4, 2, 4, 1, 3, 1, 3, 1, 3, 0, 2, 3, 0, 13, 2, 0, 2, 4, 3, 4, 2, 4, 5, 2, 3, 0, 4, 5, 2, 5, 3, 5, 6, 4, 0, 7, 5, 7, 6, 5, 7, 5, 7, 3, 1, 7, 11, 9, 7, 3, 6, 7, 13, 11, 6, 3, 5, 2, 3, 4, 5, 6, 7, 11, 7, 15, 11, 7, 11, 9, 8, 6, 7, 6, 15, 13, 9, 8, 7, 5, 7, 13, 5, 3, 4, 3, 4, 7, 17, 3, 0, 2, 3, 0, 2, 7, 5, 7, 9, 7, 11, 16, 6, 9, 4, 3, 7, 9, 3, 5, 13, 14, 18, 5, 7, 6, 4, 10, 6, 5, 9, 4, 5, 3, 5, 2, 4, 7, 4, 5, 4, 13, 9, 6, 5, 4, 3, 4, 3, 7, 6, 7, 9, 11, 12, 5, 11, 14, 15, 7, 4, 5, 4, 5, 9, 7, 4, 5, 9, 5, 6, 5, 7, 6, 5]"
f9ec2bc7,Task2CM,CM,0,0,0,0,0,0,0,0,0,0,0,0,-152,-131,-41,10,19,7,-152,-131,-41,10,19,7,"[9, 0, 1, 0, 1, 7, 9, 2, 1, 9, 1, 2, 0, 2, 3, 2, 0, 3, 4, 3, 2, 3, 0, 1, 0, 3, 2, 7, 8, 6, 5, 3, 6, 0, 2, 3, 1, 2, 4, 3, 2, 3, 0, 2, 7, 5, 0, 2, 4, 7, 5, 2, 0, 7, 3, 4, 3, 6, 4, 8, 7, 2, 3, 5, 3, 1, 2, 3, 1, 4, 7, 6, 4, 3, 4, 5, 2, 1, 0, 4, 5, 3, 5, 3, 1, 0, 1, 3, 2, 3, 13, 5, 6, 4, 2, 0, 3, 1, 2, 3, 4, 3, 4, 3, 2, 5, 4, 13, 4, 6, 4, 13, 5, 3, 13, 6, 4, 2, 5, 4, 3, 4, 7, 5, 4, 3, 7, 3, 1, 4, 7, 5, 7, 8, 3, 2, 3, 13, 7, 6, 2, 3, 2, 9, 5, 7, 4, 2, 13, 4, 3, 2, 7, 11, 14, 13, 9, 6, 3, 5, 4, 8, 3, 2, 4, 13, 14, 5, 2, 3, 5, 13, 14, 13, 5, 4, 3, 14, 13, 11, 6, 4, 3, 4, 7, 13, 14, 13, 14, 13, 4, 13, 6, 4, 5, 3, 1, 3, 13, 3, 4, 15, 13, 14, 13, 15, 16, 13, 14, 16, 17]","[9, 0, 1, 0, 1, 7, 9, 2, 1, 9, 1, 2, 0, 2, 3, 2, 0, 3, 4, 3, 2, 3, 0, 1, 0, 3, 2, 7, 8, 6, 5, 3, 6, 0, 2, 3, 1, 2, 4, 3, 2, 3, 0, 2, 7, 5, 0, 2, 4, 7, 5, 2, 0, 7, 3, 4, 3, 6, 4, 8, 7, 2, 3, 5, 3, 1, 2, 3, 1, 4, 7, 6, 4, 3, 4, 5, 2, 1, 0, 4, 5, 3, 5, 3, 1, 0, 1, 3, 2, 3, 13, 5, 6, 4, 2, 0, 3, 1, 2, 3, 4, 3, 4, 3, 2, 5, 4, 13, 4, 6, 4, 13, 5, 3, 13, 6, 4, 2, 5, 4, 3, 4, 7, 5, 4, 3, 7, 3, 1, 4, 7, 5, 7, 8, 3, 2, 3, 13, 7, 6, 2, 3, 2, 9, 5, 7, 4, 2, 13, 4, 3, 2, 7, 11, 14, 13, 9, 6, 3, 5, 4, 8, 3, 2, 4, 13, 14, 5, 2, 3, 5, 13, 14, 13, 5, 4, 3, 14, 13, 11, 6, 4, 3, 4, 7, 13, 14, 13, 14, 13, 4, 13, 6, 4, 5, 3, 1, 3, 13, 3, 4, 15, 13, 14, 13, 15, 16, 13, 14, 16, 17]"
dac593bd,Task2CM,CM,0,0,0,0,0,0,0,0,0,0,0,0,-254,-208,19,18,-73,7,-254,-208,19,18,-73,7,"[6, 8, 1, 0, 13, 0, 1, 0, 2, 5, 14, 15, 13, 14, 15, 14, 13, 14, 2, 0, 1, 2, 5, 6, 11, 0, 1, 0, 14, 13, 14, 11, 13, 15, 14, 0, 1, 0, 1, 2, 1, 2, 1, 2, 1, 2, 1, 3, 2, 0, 1, 2, 4, 6, 7, 6, 7, 8, 11, 13, 14, 13, 4, 6, 4, 0, 1, 2, 0, 1, 2, 6, 5, 2, 1, 2, 3, 2, 3, 4, 7, 6, 2, 4, 1, 2, 1, 2, 3, 2, 0, 1, 3, 2, 0, 1, 0, 1, 2, 3, 5, 0, 1, 2, 1, 0, 1, 2, 3, 2, 1, 2, 0, 1, 2, 1, 9, 11, 2, 3, 5, 4, 5, 3, 2, 3, 1, 2, 1, 0, 1, 2, 1, 11, 1, 2, 6, 4, 1, 0, 6, 5, 6, 7, 9, 7, 3, 1, 13, 5, 6, 7, 1, 0, 4, 3, 1, 13, 8, 13, 16, 15, 0, 4, 6, 9, 4, 5, 1, 2, 11, 5, 7, 6, 4, 6, 11, 8, 3, 1, 7, 6, 9, 7, 6, 13, 6, 4, 6, 13, 11, 13, 9, 14, 4, 2, 3, 1, 2, 0, 4, 6, 13, 16, 11, 14, 13, 14, 15, 13, 7, 6, 5, 3, 1, 3, 13, 5, 6, 7, 11, 13, 14, 13, 2, 3, 13, 6, 14, 17, 16, 15, 5, 3, 1, 0, 4, 17, 2, 11, 13, 14, 16, 13, 14, 3, 2, 3, 13, 14, 5, 3, 5, 13, 14, 13, 14, 15, 14, 13, 6, 3, 7, 6, 5, 2, 0, 3, 5, 7, 8, 5, 8, 9, 6, 7, 5, 3, 2, 1, 9, 5, 4, 2, 3, 7, 6, 4, 5, 6, 3, 5, 6, 3, 9, 13, 14, 7, 4, 9, 15, 13, 2, 13, 6, 4, 8, 4, 5, 6, 3, 4, 9]","[6, 8, 1, 0, 13, 0, 1, 0, 2, 5, 14, 15, 13, 14, 15, 14, 13, 14, 2, 0, 1, 2, 5, 6, 11, 0, 1, 0, 14, 13, 14, 11, 13, 15, 14, 0, 1, 0, 1, 2, 1, 2, 1, 2, 1, 2, 1, 3, 2, 0, 1, 2, 4, 6, 7, 6, 7, 8, 11, 13, 14, 13, 4, 6, 4, 0, 1, 2, 0, 1, 2, 6, 5, 2, 1, 2, 3, 2, 3, 4, 7, 6, 2, 4, 1, 2, 1, 2, 3, 2, 0, 1, 3, 2, 0, 1, 0, 1, 2, 3, 5, 0, 1, 2, 1, 0, 1, 2, 3, 2, 1, 2, 0, 1, 2, 1, 9, 11, 2, 3, 5, 4, 5, 3, 2, 3, 1, 2, 1, 0, 1, 2, 1, 11, 1, 2, 6, 4, 1, 0, 6, 5, 6, 7, 9, 7, 3, 1, 13, 5, 6, 7, 1, 0, 4, 3, 1, 13, 8, 13, 16, 15, 0, 4, 6, 9, 4, 5, 1, 2, 11, 5, 7, 6, 4, 6, 11, 8, 3, 1, 7, 6, 9, 7, 6, 13, 6, 4, 6, 13, 11, 13, 9, 14, 4, 2, 3, 1, 2, 0, 4, 6, 13, 16, 11, 14, 13, 14, 15, 13, 7, 6, 5, 3, 1, 3, 13, 5, 6, 7, 11, 13, 14, 13, 2, 3, 13, 6, 14, 17, 16, 15, 5, 3, 1, 0, 4, 17, 2, 11, 13, 14, 16, 13, 14, 3, 2, 3, 13, 14, 5, 3, 5, 13, 14, 13, 14, 15, 14, 13, 6, 3, 7, 6, 5, 2, 0, 3, 5, 7, 8, 5, 8, 9, 6, 7, 5, 3, 2, 1, 9, 5, 4, 2, 3, 7, 6, 4, 5, 6, 3, 5, 6, 3, 9, 13, 14, 7, 4, 9, 15, 13, 2, 13, 6, 4, 8, 4, 5, 6, 3, 4, 9]"
b1c5e27d,Task2CM,CM,0,0,0,0,0,0,0,0,0,0,0,0,-143,-117,-28,11,8,5,-143,-117,-28,11,8,5,"[6, 1, 0, 3, 1, 4, 2, 1, 0, 2, 6, 5, 3, 1, 2, 3, 4, 2, 4, 2, 1, 4, 2, 3, 4, 3, 4, 3, 4, 3, 1, 2, 4, 3, 4, 5, 4, 2, 5, 7, 9, 6, 3, 2, 6, 7, 5, 7, 6, 7, 8, 7, 3, 2, 5, 7, 5, 4, 0, 1, 6, 1, 4, 1, 0, 4, 3, 7, 9, 11, 9, 11, 6, 3, 2, 1, 2, 1, 2, 5, 3, 2, 3, 6, 4, 3, 5, 3, 5, 7, 5, 4, 8, 7, 6, 7, 1, 7, 6, 3, 4, 3, 11, 7, 6, 3, 6, 9, 7, 4, 6, 4, 1, 5, 3, 2, 1, 2, 7, 4, 5, 4, 5, 13, 14, 7, 4, 14, 15, 14, 9, 7, 5, 1, 0, 1, 8, 7, 5, 11, 9, 13, 7, 5, 2, 14, 13, 7, 4, 16, 5, 4, 9, 5, 3, 11, 6, 7, 4, 3, 4, 3, 7, 8, 5, 6, 7, 4, 3, 13, 14, 3, 4, 3, 2, 3, 4, 3, 5, 4, 5, 6, 7, 11, 7, 6, 5, 4, 5, 4, 1, 0, 1, 14, 13, 15, 12]","[6, 1, 0, 3, 1, 4, 2, 1, 0, 2, 6, 5, 3, 1, 2, 3, 4, 2, 4, 2, 1, 4, 2, 3, 4, 3, 4, 3, 4, 3, 1, 2, 4, 3, 4, 5, 4, 2, 5, 7, 9, 6, 3, 2, 6, 7, 5, 7, 6, 7, 8, 7, 3, 2, 5, 7, 5, 4, 0, 1, 6, 1, 4, 1, 0, 4, 3, 7, 9, 11, 9, 11, 6, 3, 2, 1, 2, 1, 2, 5, 3, 2, 3, 6, 4, 3, 5, 3, 5, 7, 5, 4, 8, 7, 6, 7, 1, 7, 6, 3, 4, 3, 11, 7, 6, 3, 6, 9, 7, 4, 6, 4, 1, 5, 3, 2, 1, 2, 7, 4, 5, 4, 5, 13, 14, 7, 4, 14, 15, 14, 9, 7, 5, 1, 0, 1, 8, 7, 5, 11, 9, 13, 7, 5, 2, 14, 13, 7, 4, 16, 5, 4, 9, 5, 3, 11, 6, 7, 4, 3, 4, 3, 7, 8, 5, 6, 7, 4, 3, 13, 14, 3, 4, 3, 2, 3, 4, 3, 5, 4, 5, 6, 7, 11, 7, 6, 5, 4, 5, 4, 1, 0, 1, 14, 13, 15, 12]"
967a04d0,Task2CM,CM,0,0,0,0,0,0,0,0,0,0,0,0,-146,-105,28,12,15,7,-146,-105,28,12,15,7,"[9, 1, 0, 1, 2, 3, 2, 1, 0, 2, 3, 1, 4, 1, 4, 5, 6, 7, 4, 2, 1, 0, 1, 0, 1, 7, 8, 3, 2, 1, 5, 7, 9, 1, 0, 13, 14, 9, 15, 9, 7, 8, 4, 6, 4, 3, 13, 2, 14, 7, 3, 6, 3, 2, 3, 2, 1, 2, 1, 3, 7, 3, 4, 5, 9, 13, 14, 13, 3, 2, 5, 2, 3, 4, 3, 4, 3, 2, 3, 4, 3, 4, 6, 7, 11, 7, 4, 3, 7, 9, 11, 13, 16, 9, 15, 7, 4, 3, 4, 5, 7, 13, 14, 15, 11, 9, 2, 1, 2, 1, 6, 1, 7, 13, 14, 1, 15, 7, 9, 7, 4, 2, 1, 11, 5, 3, 1, 2, 4, 7, 6, 4, 5, 4, 1, 3, 7, 9, 13, 15, 1, 0, 2, 13, 3, 2, 0, 1, 3, 4, 9, 13, 9, 5, 9, 13, 11, 4, 13, 6, 4, 3, 2, 3, 2, 3, 4, 5, 3, 2, 8, 9, 8, 4, 5, 2, 4, 3, 4, 2, 3, 2, 3, 7, 1, 13, 4, 6, 4, 14, 0, 2, 9, 13, 4]","[9, 1, 0, 1, 2, 3, 2, 1, 0, 2, 3, 1, 4, 1, 4, 5, 6, 7, 4, 2, 1, 0, 1, 0, 1, 7, 8, 3, 2, 1, 5, 7, 9, 1, 0, 13, 14, 9, 15, 9, 7, 8, 4, 6, 4, 3, 13, 2, 14, 7, 3, 6, 3, 2, 3, 2, 1, 2, 1, 3, 7, 3, 4, 5, 9, 13, 14, 13, 3, 2, 5, 2, 3, 4, 3, 4, 3, 2, 3, 4, 3, 4, 6, 7, 11, 7, 4, 3, 7, 9, 11, 13, 16, 9, 15, 7, 4, 3, 4, 5, 7, 13, 14, 15, 11, 9, 2, 1, 2, 1, 6, 1, 7, 13, 14, 1, 15, 7, 9, 7, 4, 2, 1, 11, 5, 3, 1, 2, 4, 7, 6, 4, 5, 4, 1, 3, 7, 9, 13, 15, 1, 0, 2, 13, 3, 2, 0, 1, 3, 4, 9, 13, 9, 5, 9, 13, 11, 4, 13, 6, 4, 3, 2, 3, 2, 3, 4, 5, 3, 2, 8, 9, 8, 4, 5, 2, 4, 3, 4, 2, 3, 2, 3, 7, 1, 13, 4, 6, 4, 14, 0, 2, 9, 13, 4]"
66b337a9,Task2CM,CM,0,0,0,0,0,0,0,0,0,0,0,0,-234,-198,-54,16,47,8,-234,-198,-54,16,47,8,"[13, 8, 0, 1, 0, 14, 13, 14, 2, 1, 0, 1, 0, 1, 2, 1, 2, 1, 0, 2, 0, 2, 1, 0, 1, 2, 3, 2, 3, 4, 6, 4, 2, 3, 1, 0, 1, 0, 4, 3, 4, 2, 3, 5, 6, 5, 4, 5, 3, 4, 3, 5, 1, 2, 6, 3, 2, 7, 8, 7, 3, 7, 10, 7, 6, 7, 4, 5, 2, 3, 4, 3, 2, 4, 3, 2, 7, 0, 7, 8, 7, 2, 5, 4, 3, 5, 8, 9, 8, 7, 8, 9, 2, 6, 8, 2, 13, 3, 2, 3, 2, 1, 2, 3, 4, 3, 4, 3, 13, 2, 3, 7, 9, 13, 12, 5, 3, 1, 5, 7, 5, 4, 2, 13, 6, 3, 4, 5, 4, 13, 15, 14, 5, 4, 7, 14, 13, 5, 4, 2, 5, 6, 8, 4, 2, 5, 3, 2, 3, 4, 5, 2, 3, 5, 4, 13, 14, 11, 13, 4, 3, 4, 5, 7, 5, 6, 7, 8, 4, 14, 5, 8, 7, 3, 2, 3, 7, 6, 3, 2, 7, 1, 3, 2, 3, 2, 8, 2, 4, 3, 7, 6, 4, 5, 2, 3, 2, 1, 13, 2, 1, 13, 2, 4, 7, 6, 7, 3, 2, 11, 6, 3, 2, 1, 2, 14, 9, 3, 2, 7, 13, 14, 6, 3, 2, 3, 2, 4, 7, 6, 7, 5, 6, 3, 14, 15, 3, 16, 2, 3, 7, 9, 5, 3, 14, 4, 5, 4, 3, 4, 3, 5, 4, 2, 3, 0, 2, 3, 4, 3, 2, 3, 4, 3, 4, 2, 3, 2, 4, 3, 4, 3, 8, 7, 5, 4, 5, 6, 4, 8, 9, 14, 4, 9, 7, 4, 6, 2]","[13, 8, 0, 1, 0, 14, 13, 14, 2, 1, 0, 1, 0, 1, 2, 1, 2, 1, 0, 2, 0, 2, 1, 0, 1, 2, 3, 2, 3, 4, 6, 4, 2, 3, 1, 0, 1, 0, 4, 3, 4, 2, 3, 5, 6, 5, 4, 5, 3, 4, 3, 5, 1, 2, 6, 3, 2, 7, 8, 7, 3, 7, 10, 7, 6, 7, 4, 5, 2, 3, 4, 3, 2, 4, 3, 2, 7, 0, 7, 8, 7, 2, 5, 4, 3, 5, 8, 9, 8, 7, 8, 9, 2, 6, 8, 2, 13, 3, 2, 3, 2, 1, 2, 3, 4, 3, 4, 3, 13, 2, 3, 7, 9, 13, 12, 5, 3, 1, 5, 7, 5, 4, 2, 13, 6, 3, 4, 5, 4, 13, 15, 14, 5, 4, 7, 14, 13, 5, 4, 2, 5, 6, 8, 4, 2, 5, 3, 2, 3, 4, 5, 2, 3, 5, 4, 13, 14, 11, 13, 4, 3, 4, 5, 7, 5, 6, 7, 8, 4, 14, 5, 8, 7, 3, 2, 3, 7, 6, 3, 2, 7, 1, 3, 2, 3, 2, 8, 2, 4, 3, 7, 6, 4, 5, 2, 3, 2, 1, 13, 2, 1, 13, 2, 4, 7, 6, 7, 3, 2, 11, 6, 3, 2, 1, 2, 14, 9, 3, 2, 7, 13, 14, 6, 3, 2, 3, 2, 4, 7, 6, 7, 5, 6, 3, 14, 15, 3, 16, 2, 3, 7, 9, 5, 3, 14, 4, 5, 4, 3, 4, 3, 5, 4, 2, 3, 0, 2, 3, 4, 3, 2, 3, 4, 3, 4, 2, 3, 2, 4, 3, 4, 3, 8, 7, 5, 4, 5, 6, 4, 8, 9, 14, 4, 9, 7, 4, 6, 2]"
45c939e2,Task2CM,CM,0,0,0,0,0,0,0,0,0,0,0,0,-31,-30,10,5,-5,2,-31,-30,10,5,-5,2,"[5, 2, 0, 1, 2, 0, 2, 3, 4, 5, 6, 4, 6, 3, 8, 7, 9, 4, 5, 6, 5, 7, 8, 7, 9, 1, 2, 0, 1, 11, 8, 13, 9, 6, 3, 4, 2, 14, 1, 13, 4, 13, 15, 16, 13, 3, 7, 6, 2, 3, 13, 1, 7, 8, 13, 7, 13, 14, 13, 6, 3, 13, 2, 3, 14, 4, 13, 15, 6, 1, 4, 1, 6, 1, 3, 4, 9, 13, 5, 3, 6, 4, 3, 13, 4]","[5, 2, 0, 1, 2, 0, 2, 3, 4, 5, 6, 4, 6, 3, 8, 7, 9, 4, 5, 6, 5, 7, 8, 7, 9, 1, 2, 0, 1, 11, 8, 13, 9, 6, 3, 4, 2, 14, 1, 13, 4, 13, 15, 16, 13, 3, 7, 6, 2, 3, 13, 1, 7, 8, 13, 7, 13, 14, 13, 6, 3, 13, 2, 3, 14, 4, 13, 15, 6, 1, 4, 1, 6, 1, 3, 4, 9, 13, 5, 3, 6, 4, 3, 13, 4]"
ba88bf04,Task2CM,CM,0,0,0,0,0,0,0,0,0,0,0,0,-68,-57,-25,3,-32,2,-68,-57,-25,3,-32,2,"[9, 3, 2, 3, 2, 3, 4, 5, 4, 3, 4, 1, 2, 5, 6, 5, 7, 6, 7, 16, 17, 15, 11, 14, 16, 17, 15, 17, 10, 12, 9, 7, 5, 3, 4, 17, 16, 17, 16, 17, 16, 18, 17, 15, 11, 5, 1, 5, 3, 4, 5, 4, 5, 1, 5, 1, 14, 15, 5, 7, 5, 7, 10, 9, 7, 4, 2, 15, 6, 15, 16, 7, 6, 14, 15, 14, 7, 15, 14, 9, 7, 6, 5, 9, 7, 5, 16, 15, 14, 13, 15, 14, 15, 13, 8, 6, 5, 4, 1, 15, 13, 15, 17, 16, 7, 6, 5, 16, 14, 13, 14, 7]","[9, 3, 2, 3, 2, 3, 4, 5, 4, 3, 4, 1, 2, 5, 6, 5, 7, 6, 7, 16, 17, 15, 11, 14, 16, 17, 15, 17, 10, 12, 9, 7, 5, 3, 4, 17, 16, 17, 16, 17, 16, 18, 17, 15, 11, 5, 1, 5, 3, 4, 5, 4, 5, 1, 5, 1, 14, 15, 5, 7, 5, 7, 10, 9, 7, 4, 2, 15, 6, 15, 16, 7, 6, 14, 15, 14, 7, 15, 14, 9, 7, 6, 5, 9, 7, 5, 16, 15, 14, 13, 15, 14, 15, 13, 8, 6, 5, 4, 1, 15, 13, 15, 17, 16, 7, 6, 5, 16, 14, 13, 14, 7]"
782b7c64,Task2CM,CM,0,0,0,0,0,0,0,0,0,0,0,0,-187,-156,-9,13,-16,6,-187,-156,-9,13,-16,6,"[8, 0, 2, 4, 7, 9, 11, 2, 0, 1, 0, 1, 0, 1, 2, 1, 2, 1, 2, 0, 2, 0, 1, 3, 2, 3, 6, 8, 7, 9, 2, 0, 6, 2, 7, 5, 2, 1, 3, 1, 0, 3, 2, 3, 2, 3, 4, 3, 1, 13, 15, 7, 3, 2, 3, 4, 3, 1, 3, 2, 4, 1, 0, 3, 1, 3, 7, 4, 3, 7, 3, 7, 9, 13, 3, 1, 0, 1, 2, 1, 2, 1, 3, 7, 14, 5, 7, 6, 2, 13, 3, 2, 3, 5, 2, 3, 2, 6, 7, 15, 13, 11, 7, 6, 7, 4, 6, 9, 13, 6, 4, 2, 14, 13, 9, 11, 9, 8, 2, 0, 4, 7, 9, 7, 6, 14, 15, 0, 7, 15, 13, 1, 5, 6, 14, 15, 5, 7, 14, 7, 9, 13, 14, 6, 4, 11, 13, 2, 1, 3, 2, 3, 2, 3, 4, 3, 4, 3, 2, 4, 3, 4, 3, 2, 1, 3, 4, 5, 2, 1, 5, 6, 5, 4, 3, 2, 7, 9, 5, 2, 5, 1, 2, 5, 1, 3, 5, 3, 4, 5, 2, 6, 7, 4, 2, 1, 2, 4, 6, 9, 8, 3, 1, 7, 10, 8, 6, 2, 1, 6, 5, 2, 4, 6, 8, 9, 12, 14, 16, 14, 16, 7, 2, 9, 7, 5, 1, 4, 3, 2, 1, 0, 9, 7, 5, 3, 6, 13, 4, 3, 4]","[8, 0, 2, 4, 7, 9, 11, 2, 0, 1, 0, 1, 0, 1, 2, 1, 2, 1, 2, 0, 2, 0, 1, 3, 2, 3, 6, 8, 7, 9, 2, 0, 6, 2, 7, 5, 2, 1, 3, 1, 0, 3, 2, 3, 2, 3, 4, 3, 1, 13, 15, 7, 3, 2, 3, 4, 3, 1, 3, 2, 4, 1, 0, 3, 1, 3, 7, 4, 3, 7, 3, 7, 9, 13, 3, 1, 0, 1, 2, 1, 2, 1, 3, 7, 14, 5, 7, 6, 2, 13, 3, 2, 3, 5, 2, 3, 2, 6, 7, 15, 13, 11, 7, 6, 7, 4, 6, 9, 13, 6, 4, 2, 14, 13, 9, 11, 9, 8, 2, 0, 4, 7, 9, 7, 6, 14, 15, 0, 7, 15, 13, 1, 5, 6, 14, 15, 5, 7, 14, 7, 9, 13, 14, 6, 4, 11, 13, 2, 1, 3, 2, 3, 2, 3, 4, 3, 4, 3, 2, 4, 3, 4, 3, 2, 1, 3, 4, 5, 2, 1, 5, 6, 5, 4, 3, 2, 7, 9, 5, 2, 5, 1, 2, 5, 1, 3, 5, 3, 4, 5, 2, 6, 7, 4, 2, 1, 2, 4, 6, 9, 8, 3, 1, 7, 10, 8, 6, 2, 1, 6, 5, 2, 4, 6, 8, 9, 12, 14, 16, 14, 16, 7, 2, 9, 7, 5, 1, 4, 3, 2, 1, 0, 9, 7, 5, 3, 6, 13, 4, 3, 4]"
4d750b0b,Task2CM,CM,0,0,0,0,0,0,0,0,0,0,0,0,-286,-235,-62,17,-15,8,-286,-235,-62,17,-15,8,"[9, 5, 0, 2, 0, 15, 13, 14, 15, 17, 13, 14, 0, 4, 2, 1, 2, 0, 1, 0, 11, 2, 1, 2, 4, 1, 2, 0, 2, 9, 3, 2, 3, 4, 2, 4, 3, 4, 2, 1, 0, 1, 2, 5, 2, 0, 1, 0, 2, 3, 4, 9, 3, 2, 3, 5, 7, 5, 3, 6, 4, 7, 2, 1, 0, 1, 4, 6, 3, 7, 6, 5, 1, 7, 9, 7, 5, 7, 6, 11, 7, 6, 11, 6, 7, 6, 7, 3, 7, 2, 7, 3, 5, 3, 8, 3, 6, 5, 3, 5, 3, 6, 7, 5, 3, 4, 5, 3, 14, 11, 14, 13, 9, 2, 3, 4, 2, 3, 7, 4, 7, 8, 6, 7, 11, 14, 13, 11, 16, 11, 5, 2, 3, 2, 6, 3, 7, 8, 5, 2, 7, 3, 2, 15, 14, 16, 11, 15, 16, 13, 3, 4, 3, 4, 3, 4, 3, 2, 7, 5, 11, 14, 17, 11, 14, 6, 4, 9, 7, 4, 3, 1, 2, 1, 2, 1, 2, 1, 4, 5, 4, 3, 6, 4, 6, 7, 4, 5, 4, 3, 4, 6, 5, 3, 5, 4, 3, 5, 4, 7, 6, 7, 6, 7, 3, 8, 4, 2, 10, 9, 3, 2, 6, 4, 2, 4, 3, 2, 1, 2, 0, 6, 2, 3, 6, 2, 4, 7, 4, 2, 1, 0, 6, 7, 3, 2, 3, 6, 2, 7, 2, 9, 5, 4, 3, 6, 4, 7, 4, 3, 4, 3, 0, 1, 4, 3, 2, 4, 1, 2, 0, 2, 5, 3, 2, 7, 4, 2, 3, 7, 13, 4, 3, 6, 4, 3, 5, 3, 2, 5, 7, 13, 14, 0, 6, 4, 6, 5, 3, 4, 3, 11, 13, 14, 13, 2, 4, 5, 6, 13, 9, 15, 14, 13, 14, 15, 14, 13, 16, 14, 15, 14, 13, 14, 16, 15, 13, 14, 17, 15, 14, 15, 13, 15, 13, 14, 13, 7, 4, 14, 13, 16, 14, 9, 6, 13, 14, 13, 11, 10, 2, 5, 3, 1, 13]","[9, 5, 0, 2, 0, 15, 13, 14, 15, 17, 13, 14, 0, 4, 2, 1, 2, 0, 1, 0, 11, 2, 1, 2, 4, 1, 2, 0, 2, 9, 3, 2, 3, 4, 2, 4, 3, 4, 2, 1, 0, 1, 2, 5, 2, 0, 1, 0, 2, 3, 4, 9, 3, 2, 3, 5, 7, 5, 3, 6, 4, 7, 2, 1, 0, 1, 4, 6, 3, 7, 6, 5, 1, 7, 9, 7, 5, 7, 6, 11, 7, 6, 11, 6, 7, 6, 7, 3, 7, 2, 7, 3, 5, 3, 8, 3, 6, 5, 3, 5, 3, 6, 7, 5, 3, 4, 5, 3, 14, 11, 14, 13, 9, 2, 3, 4, 2, 3, 7, 4, 7, 8, 6, 7, 11, 14, 13, 11, 16, 11, 5, 2, 3, 2, 6, 3, 7, 8, 5, 2, 7, 3, 2, 15, 14, 16, 11, 15, 16, 13, 3, 4, 3, 4, 3, 4, 3, 2, 7, 5, 11, 14, 17, 11, 14, 6, 4, 9, 7, 4, 3, 1, 2, 1, 2, 1, 2, 1, 4, 5, 4, 3, 6, 4, 6, 7, 4, 5, 4, 3, 4, 6, 5, 3, 5, 4, 3, 5, 4, 7, 6, 7, 6, 7, 3, 8, 4, 2, 10, 9, 3, 2, 6, 4, 2, 4, 3, 2, 1, 2, 0, 6, 2, 3, 6, 2, 4, 7, 4, 2, 1, 0, 6, 7, 3, 2, 3, 6, 2, 7, 2, 9, 5, 4, 3, 6, 4, 7, 4, 3, 4, 3, 0, 1, 4, 3, 2, 4, 1, 2, 0, 2, 5, 3, 2, 7, 4, 2, 3, 7, 13, 4, 3, 6, 4, 3, 5, 3, 2, 5, 7, 13, 14, 0, 6, 4, 6, 5, 3, 4, 3, 11, 13, 14, 13, 2, 4, 5, 6, 13, 9, 15, 14, 13, 14, 15, 14, 13, 16, 14, 15, 14, 13, 14, 16, 15, 13, 14, 17, 15, 14, 15, 13, 15, 13, 14, 13, 7, 4, 14, 13, 16, 14, 9, 6, 13, 14, 13, 11, 10, 2, 5, 3, 1, 13]"
1ce913d5,Task2CP,CP,-373,-350,-274,15,-153,9,-373,-345,-263,16,-158,9,-390,-349,-166,22,26,15,-385,-344,-160,21,66,15,"[16, 2, 0, 2, 0, 2, 6, 4, 0, 2, 0, 1, 0, 3, 1, 3, 0, 3, 0, 5, 1, 0, 2, 4, 3, 5, 1, 3, 1, 4, 2, 4, 3, 6, 8, 6, 8, 6, 8, 5, 7, 5, 7, 1, 5, 3, 5, 0, 1, 5, 3, 7, 1, 9, 3, 1, 3, 1, 5, 3, 5, 7, 3, 7, 3, 0, 3, 0, 1, 3, 7, 3, 5, 3, 1, 3, 0, 3, 5, 7, 5, 3, 7, 3, 0, 8, 6, 0, 22, 9, 7, 5, 7, 9, 7, 9, 6, 8, 5, 7, 9, 11, 9, 10, 12, 10, 8, 7, 11, 7, 5, 11, 9, 11, 5, 9, 11, 7, 11, 7, 0, 7, 9, 7, 11, 5, 3, 1, 5, 7, 5, 4, 6, 9, 13, 9, 7, 5, 7, 5, 7, 5, 9, 11, 5, 3, 5, 7, 5, 8, 6, 7, 9, 7, 9, 5, 7, 1, 0, 11, 9, 13, 11, 7, 3, 5, 7, 3, 5, 3, 11, 13, 15, 14, 11, 7, 5, 7, 5, 7, 5, 9, 11, 13, 14, 11, 3, 0, 3, 5, 3, 1, 5, 3, 5, 9, 3, 9, 5, 7, 9, 5, 7, 9, 7, 13, 7, 9, 7, 5, 3, 5, 11, 13, 14, 17, 14, 13, 14, 5, 3, 5, 3, 7, 3, 1, 3, 7, 5, 7, 5, 9, 5, 9, 13, 9, 13, 9, 7, 10, 9, 13, 9, 11, 7, 11, 13, 11, 9, 13, 11, 9, 3, 7, 5, 7, 5, 7, 3, 7, 9, 5, 7, 9, 7, 11, 5, 7, 5, 7, 5, 11, 14, 13, 5, 7, 5, 3, 7, 1, 5, 1, 5, 9, 5, 7, 5, 9, 11, 9, 22, 21, 7, 5, 9, 7, 5, 7, 9, 5, 13, 14, 23, 21, 3, 7, 9, 7, 9, 7, 5, 7, 9, 7, 0, 9, 11, 7, 9, 15, 7, 11, 5, 7, 5, 1, 9, 7, 21, 22, 21, 7, 9, 7, 21, 7, 11, 22, 21, 18, 13, 11, 9, 11, 13, 15, 14, 15, 11, 13, 9, 7, 11, 9, 7, 11, 7, 9, 21, 13, 9, 7, 9, 5, 9, 7, 5, 7, 11, 14, 13, 14, 15, 14, 13, 15, 14, 15, 5, 7, 3, 5, 13, 15, 13, 14, 15, 18, 15, 14, 15, 14, 15, 13, 3, 5, 13, 15, 0, 11, 3, 7, 5, 3, 22, 15, 18, 21, 15, 21, 11, 7, 13, 7, 3, 1, 5, 9, 7, 3, 7, 9, 7, 14, 7, 15, 13, 14, 11, 9, 7, 9, 5, 11, 7, 9, 24, 22, 23, 22, 21, 22, 25, 23]","[9, 1, 0, 1, 0, 1, 3, 2, 0, 1, 0, 1, 0, 2, 1, 2, 0, 2, 0, 3, 1, 0, 1, 2, 3, 1, 2, 1, 2, 1, 2, 3, 4, 3, 4, 3, 4, 3, 4, 3, 4, 1, 3, 2, 3, 0, 1, 3, 2, 4, 1, 5, 2, 1, 2, 1, 3, 2, 3, 4, 2, 4, 2, 0, 2, 0, 1, 2, 4, 2, 3, 2, 1, 2, 0, 2, 3, 4, 3, 2, 4, 2, 0, 4, 3, 0, 14, 5, 4, 3, 4, 5, 4, 5, 3, 4, 3, 4, 5, 6, 5, 6, 5, 4, 6, 4, 3, 6, 5, 6, 3, 5, 6, 4, 6, 4, 0, 4, 5, 4, 6, 3, 2, 1, 3, 4, 3, 2, 3, 5, 7, 5, 4, 3, 4, 3, 4, 3, 5, 6, 3, 2, 3, 4, 3, 4, 3, 4, 5, 4, 5, 3, 4, 1, 0, 6, 5, 7, 6, 4, 2, 3, 4, 2, 3, 2, 6, 7, 9, 8, 6, 4, 3, 4, 3, 4, 3, 5, 6, 7, 8, 6, 2, 0, 2, 3, 2, 1, 3, 2, 3, 5, 2, 5, 3, 4, 5, 3, 4, 5, 4, 7, 4, 5, 4, 3, 2, 3, 6, 7, 8, 10, 8, 7, 8, 3, 2, 3, 2, 4, 2, 1, 2, 4, 3, 4, 3, 5, 3, 5, 7, 5, 7, 5, 4, 5, 7, 5, 6, 4, 6, 7, 6, 5, 7, 6, 5, 2, 4, 3, 4, 3, 4, 2, 4, 5, 3, 4, 5, 4, 6, 3, 4, 3, 4, 3, 6, 8, 7, 3, 4, 3, 2, 4, 1, 3, 1, 3, 5, 3, 4, 3, 5, 6, 5, 14, 13, 4, 3, 5, 4, 3, 4, 5, 3, 7, 8, 15, 13, 2, 4, 5, 4, 5, 4, 3, 4, 5, 4, 0, 5, 6, 4, 5, 9, 4, 6, 3, 4, 3, 1, 5, 4, 13, 14, 13, 4, 5, 4, 13, 4, 6, 14, 13, 11, 7, 6, 5, 6, 7, 9, 8, 9, 6, 7, 5, 4, 6, 5, 4, 6, 4, 5, 13, 7, 5, 4, 5, 3, 5, 4, 3, 4, 6, 8, 7, 8, 9, 8, 7, 9, 8, 9, 3, 4, 2, 3, 7, 9, 7, 8, 9, 11, 9, 8, 9, 8, 9, 7, 2, 3, 7, 9, 0, 6, 2, 4, 3, 2, 14, 9, 11, 13, 9, 13, 6, 4, 7, 4, 2, 1, 3, 5, 4, 2, 4, 5, 4, 8, 4, 9, 7, 8, 6, 5, 4, 5, 3, 6, 4, 5, 16, 14, 15, 14, 13, 14, 17, 15]"
9679a6e6,Task2CP,CP,-63,-50,-40,4,-50,1,-63,-50,-41,3,-50,1,-60,-34,-18,4,-14,3,-59,-33,-13,5,-8,3,"[0, 1, 0, 1, 21, 22, 21, 22, 21, 3, 0, 1, 0, 1, 5, 3, 0, 4, 6, 2, 4, 0, 1, 0, 2, 0, 2, 1, 3, 5, 3, 2, 3, 5, 7, 21, 5, 13, 18, 11, 9, 3, 5, 1, 0, 3, 5, 3, 1, 21, 22, 1, 3, 5, 3, 5, 9, 7, 5, 3, 5, 7, 5, 7, 9, 11, 14, 13, 9, 7, 5, 13, 11, 7, 3, 5, 3, 5, 1, 0, 1, 5, 13, 11, 7, 11, 21, 9, 13, 21, 5, 11, 21, 15, 21, 23, 21, 22, 18]","[0, 1, 0, 1, 13, 14, 13, 14, 13, 2, 0, 1, 0, 1, 3, 2, 0, 2, 3, 1, 2, 0, 1, 0, 1, 0, 1, 2, 3, 2, 1, 2, 3, 4, 13, 3, 7, 11, 6, 5, 2, 3, 1, 0, 2, 3, 2, 1, 13, 14, 1, 2, 3, 2, 3, 5, 4, 3, 2, 3, 4, 3, 4, 5, 6, 8, 7, 5, 4, 3, 7, 6, 4, 2, 3, 2, 3, 1, 0, 1, 3, 7, 6, 4, 6, 13, 5, 7, 13, 3, 6, 13, 9, 13, 15, 13, 14, 11]"
625d844e,Task2CP,CP,-316,-278,-186,11,-182,5,-316,-283,-195,12,-173,6,-343,-312,-185,13,-162,8,-325,-294,-133,14,-34,11,"[16, 0, 6, 1, 2, 0, 22, 23, 22, 21, 22, 21, 22, 21, 1, 11, 18, 17, 21, 22, 11, 14, 15, 16, 3, 1, 2, 0, 2, 6, 10, 8, 3, 7, 5, 0, 12, 16, 6, 4, 14, 13, 11, 1, 0, 2, 0, 2, 0, 2, 0, 1, 2, 4, 6, 4, 5, 3, 1, 2, 0, 4, 0, 1, 0, 1, 0, 1, 0, 2, 0, 4, 0, 3, 4, 2, 4, 0, 18, 4, 3, 2, 3, 4, 3, 2, 6, 8, 6, 3, 5, 7, 8, 10, 7, 9, 11, 10, 18, 4, 5, 6, 8, 6, 8, 9, 7, 5, 7, 5, 9, 11, 8, 10, 9, 5, 3, 7, 9, 8, 10, 8, 10, 8, 9, 3, 14, 13, 3, 5, 3, 6, 8, 6, 0, 2, 7, 5, 13, 14, 13, 5, 9, 11, 9, 7, 13, 3, 13, 14, 5, 9, 15, 3, 5, 1, 0, 1, 13, 11, 14, 15, 22, 21, 22, 13, 14, 13, 22, 14, 12, 22, 23, 22, 21, 13, 22, 23, 21, 14, 21, 16, 14, 13, 16, 15, 14, 13, 11, 13, 14, 5, 3, 5, 7, 5, 7, 3, 1, 3, 5, 3, 0, 5, 1, 5, 3, 13, 5, 1, 3, 0, 22, 21, 9, 7, 21, 11, 9, 7, 21, 9, 5, 9, 13, 14, 13, 14, 13, 9, 7, 9, 13, 9, 13, 15, 16, 7, 9, 5, 21, 3, 7, 5, 3, 5, 11, 3, 11, 13, 11, 13, 9, 7, 9, 18, 13, 9, 11, 9, 5, 7, 9, 1, 3, 5, 3, 1, 6, 4, 2, 3, 6, 8, 6, 4, 6, 4, 6, 4, 6, 8, 6, 8, 6, 2, 1, 0, 3, 5, 21, 9, 10, 7, 6, 5, 11, 5, 7, 5, 7, 9, 22, 5, 3, 5, 0, 7, 9, 7, 13, 9, 7, 3, 7, 13, 9, 7, 5, 9, 7, 11, 16, 11, 7, 11, 13, 7, 13, 9, 7, 9, 7, 9, 7, 9, 7, 9, 7, 5, 7, 3, 5, 3, 5, 3, 5, 8, 6, 15, 14, 13, 7, 22, 21, 16, 22, 21, 3, 2, 1, 3, 1, 0, 3, 5, 3, 5, 8, 6, 4, 2, 4, 6, 4, 8, 16, 21, 22, 21, 13, 11, 15, 17, 16, 18, 15, 21, 23, 22, 23, 22]","[9, 0, 3, 1, 0, 14, 15, 14, 13, 14, 13, 14, 13, 1, 6, 11, 10, 13, 14, 6, 8, 9, 2, 1, 0, 1, 3, 5, 4, 2, 4, 3, 0, 6, 9, 3, 2, 8, 7, 6, 1, 0, 1, 0, 1, 0, 1, 0, 1, 2, 3, 2, 3, 2, 1, 0, 2, 0, 1, 0, 1, 0, 1, 0, 1, 0, 2, 0, 2, 1, 2, 0, 11, 2, 1, 2, 1, 3, 4, 3, 2, 3, 4, 5, 4, 5, 6, 5, 11, 2, 3, 4, 3, 4, 5, 4, 3, 4, 3, 5, 6, 4, 5, 3, 2, 4, 5, 4, 5, 4, 5, 4, 5, 2, 8, 7, 2, 3, 2, 3, 4, 3, 0, 1, 4, 3, 7, 8, 7, 3, 5, 6, 5, 4, 7, 2, 7, 8, 3, 5, 9, 2, 3, 1, 0, 1, 7, 6, 8, 9, 14, 13, 14, 7, 8, 7, 14, 8, 6, 14, 15, 14, 13, 7, 14, 15, 13, 8, 13, 9, 8, 7, 9, 8, 7, 6, 7, 8, 3, 2, 3, 4, 3, 4, 2, 1, 2, 3, 2, 0, 3, 1, 3, 2, 7, 3, 1, 2, 0, 14, 13, 5, 4, 13, 6, 5, 4, 13, 5, 3, 5, 7, 8, 7, 8, 7, 5, 4, 5, 7, 5, 7, 9, 4, 5, 3, 13, 2, 4, 3, 2, 3, 6, 2, 6, 7, 6, 7, 5, 4, 5, 11, 7, 5, 6, 5, 3, 4, 5, 1, 2, 3, 2, 1, 3, 2, 1, 2, 3, 4, 3, 2, 3, 2, 3, 2, 3, 4, 3, 4, 3, 1, 0, 2, 3, 13, 5, 4, 3, 6, 3, 4, 3, 4, 5, 14, 3, 2, 3, 0, 4, 5, 4, 7, 5, 4, 2, 4, 7, 5, 4, 3, 5, 4, 6, 9, 6, 4, 6, 7, 4, 7, 5, 4, 5, 4, 5, 4, 5, 4, 5, 4, 3, 4, 2, 3, 2, 3, 2, 3, 4, 3, 9, 8, 7, 4, 14, 13, 9, 14, 13, 2, 1, 2, 1, 0, 2, 3, 2, 3, 4, 3, 2, 1, 2, 3, 2, 4, 9, 13, 14, 13, 7, 6, 9, 10, 9, 11, 9, 13, 15, 14, 15, 14]"
1de0f518,Task2CP,CP,-264,-236,-185,10,-193,3,-269,-246,-190,10,-194,4,-271,-230,-121,16,-120,5,-266,-225,-101,16,-100,6,"[0, 15, 22, 20, 21, 22, 21, 22, 24, 21, 22, 23, 0, 12, 16, 22, 21, 22, 21, 22, 23, 22, 11, 0, 23, 16, 1, 12, 16, 15, 16, 10, 12, 1, 0, 22, 21, 3, 1, 0, 1, 0, 12, 0, 1, 0, 1, 0, 1, 0, 2, 0, 2, 1, 3, 1, 0, 1, 3, 7, 3, 0, 3, 1, 3, 0, 7, 3, 5, 3, 5, 0, 1, 0, 1, 0, 1, 0, 3, 5, 0, 1, 5, 7, 5, 3, 0, 22, 21, 0, 23, 22, 21, 22, 21, 22, 21, 22, 5, 1, 0, 3, 5, 7, 13, 15, 5, 16, 5, 3, 5, 7, 5, 7, 3, 1, 0, 5, 3, 1, 0, 22, 7, 5, 0, 3, 1, 0, 13, 5, 7, 3, 13, 1, 15, 23, 21, 22, 21, 22, 1, 0, 2, 0, 1, 0, 1, 0, 1, 0, 1, 7, 0, 1, 7, 22, 21, 22, 23, 22, 13, 16, 11, 5, 3, 1, 0, 3, 4, 1, 2, 4, 1, 3, 0, 5, 3, 1, 0, 1, 0, 1, 3, 0, 3, 0, 3, 1, 3, 5, 3, 1, 5, 3, 1, 3, 17, 18, 11, 5, 3, 0, 1, 22, 18, 1, 0, 1, 0, 1, 0, 7, 5, 3, 11, 9, 5, 3, 5, 3, 1, 3, 5, 0, 1, 5, 7, 5, 1, 0, 5, 7, 13, 15, 14, 9, 3, 5, 7, 5, 11, 13, 9, 5, 3, 5, 9, 13, 3, 14, 15, 14, 13, 9, 3, 13, 1, 0, 1, 7, 3, 1, 3, 7, 1, 15, 13, 3, 11, 5, 3, 5, 9, 13, 3, 13, 15, 14, 5, 9, 13, 14, 13, 5, 3, 13, 3, 14, 13, 3, 13, 15, 14, 13, 3, 13, 3, 17, 15, 22, 16, 22, 20, 14, 17, 23, 22, 23, 18, 21, 22, 21, 23, 18, 15, 9, 13, 15, 17, 8]","[0, 9, 14, 12, 13, 14, 13, 14, 16, 13, 14, 15, 0, 6, 9, 14, 13, 14, 13, 14, 15, 14, 6, 0, 15, 9, 1, 6, 9, 5, 6, 1, 0, 14, 13, 2, 1, 0, 1, 0, 6, 0, 1, 0, 1, 0, 1, 0, 1, 0, 1, 2, 1, 0, 1, 2, 4, 2, 0, 2, 1, 2, 0, 4, 2, 3, 2, 3, 0, 1, 0, 1, 0, 1, 0, 2, 3, 0, 1, 3, 4, 3, 2, 0, 14, 13, 0, 15, 14, 13, 14, 13, 14, 13, 14, 3, 1, 0, 2, 3, 4, 7, 9, 3, 9, 3, 2, 3, 4, 3, 4, 2, 1, 0, 3, 2, 1, 0, 14, 4, 3, 0, 2, 1, 0, 7, 3, 4, 2, 7, 1, 9, 15, 13, 14, 13, 14, 1, 0, 1, 0, 1, 0, 1, 0, 1, 0, 1, 4, 0, 1, 4, 14, 13, 14, 15, 14, 7, 9, 6, 3, 2, 1, 0, 2, 1, 2, 1, 2, 0, 3, 2, 1, 0, 1, 0, 1, 2, 0, 2, 0, 2, 1, 2, 3, 2, 1, 3, 2, 1, 2, 10, 11, 6, 3, 2, 0, 1, 14, 11, 1, 0, 1, 0, 1, 0, 4, 3, 2, 6, 5, 3, 2, 3, 2, 1, 2, 3, 0, 1, 3, 4, 3, 1, 0, 3, 4, 7, 9, 8, 5, 2, 3, 4, 3, 6, 7, 5, 3, 2, 3, 5, 7, 2, 8, 9, 8, 7, 5, 2, 7, 1, 0, 1, 4, 2, 1, 2, 4, 1, 9, 7, 2, 6, 3, 2, 3, 5, 7, 2, 7, 9, 8, 3, 5, 7, 8, 7, 3, 2, 7, 2, 8, 7, 2, 7, 9, 8, 7, 2, 7, 2, 10, 9, 14, 9, 14, 12, 8, 10, 15, 14, 15, 11, 13, 14, 13, 15, 11, 9, 5, 7, 9, 10, 4]"
1d1071e4,Task2CP,CP,-260,-222,-158,8,-101,5,-260,-217,-157,9,-101,5,-272,-216,-117,11,-16,7,-261,-210,-96,11,25,8,"[16, 9, 7, 11, 21, 22, 23, 22, 0, 1, 6, 2, 1, 5, 1, 6, 8, 4, 2, 1, 3, 4, 6, 8, 6, 4, 5, 10, 3, 4, 6, 4, 6, 8, 6, 8, 6, 8, 13, 12, 19, 16, 0, 1, 2, 0, 1, 0, 1, 2, 0, 2, 0, 1, 3, 2, 4, 9, 3, 5, 1, 3, 0, 21, 2, 3, 1, 3, 0, 3, 5, 7, 5, 11, 15, 13, 5, 1, 21, 22, 21, 22, 21, 7, 13, 22, 21, 11, 7, 9, 7, 13, 14, 17, 13, 5, 1, 0, 3, 1, 3, 5, 3, 5, 3, 5, 3, 5, 3, 22, 21, 7, 5, 3, 5, 7, 14, 15, 14, 21, 7, 15, 14, 9, 5, 9, 7, 5, 7, 5, 3, 5, 3, 22, 3, 1, 21, 15, 13, 11, 13, 21, 13, 21, 22, 21, 13, 11, 9, 21, 22, 21, 22, 21, 22, 9, 13, 17, 18, 9, 1, 7, 9, 13, 11, 9, 7, 3, 5, 7, 22, 21, 3, 5, 11, 9, 7, 3, 5, 3, 11, 14, 3, 15, 3, 5, 3, 5, 9, 21, 15, 13, 21, 15, 13, 9, 0, 13, 21, 13, 0, 13, 21, 25, 23, 21, 22, 21, 22, 21, 9, 7, 5, 7, 1, 3, 7, 5, 9, 7, 5, 7, 5, 7, 9, 7, 9, 7, 5, 7, 11, 9, 14, 15, 5, 7, 5, 7, 5, 7, 1, 5, 9, 5, 7, 5, 9, 5, 21, 22, 21, 22, 21, 22, 21, 15, 13, 21, 22, 21, 22, 21, 5, 3, 21, 9, 15, 13, 21, 22, 15, 14, 13, 15, 13, 7, 13, 14, 11, 5, 3, 1, 5, 1, 3, 17, 7, 0, 1, 0, 7, 11, 7, 5, 7, 5, 7, 5, 7, 5, 7, 9, 11, 13, 14, 13, 11, 13, 14, 11, 7, 9, 15, 9, 1, 23]","[9, 5, 4, 6, 13, 14, 15, 14, 0, 1, 3, 1, 3, 1, 3, 4, 2, 1, 2, 3, 4, 3, 2, 3, 5, 2, 3, 2, 3, 4, 3, 4, 3, 4, 7, 6, 11, 9, 0, 1, 0, 1, 0, 1, 0, 1, 0, 1, 2, 1, 2, 5, 2, 3, 1, 2, 0, 13, 1, 2, 1, 2, 0, 2, 3, 4, 3, 6, 9, 7, 3, 1, 13, 14, 13, 14, 13, 4, 7, 14, 13, 6, 4, 5, 4, 7, 8, 10, 7, 3, 1, 0, 2, 1, 2, 3, 2, 3, 2, 3, 2, 3, 2, 14, 13, 4, 3, 2, 3, 4, 8, 9, 8, 13, 4, 9, 8, 5, 3, 5, 4, 3, 4, 3, 2, 3, 2, 14, 2, 1, 13, 9, 7, 6, 7, 13, 7, 13, 14, 13, 7, 6, 5, 13, 14, 13, 14, 13, 14, 5, 7, 10, 11, 5, 1, 4, 5, 7, 6, 5, 4, 2, 3, 4, 14, 13, 2, 3, 6, 5, 4, 2, 3, 2, 6, 8, 2, 9, 2, 3, 2, 3, 5, 13, 9, 7, 13, 9, 7, 5, 0, 7, 13, 7, 0, 7, 13, 17, 15, 13, 14, 13, 14, 13, 5, 4, 3, 4, 1, 2, 4, 3, 5, 4, 3, 4, 3, 4, 5, 4, 5, 4, 3, 4, 6, 5, 8, 9, 3, 4, 3, 4, 3, 4, 1, 3, 5, 3, 4, 3, 5, 3, 13, 14, 13, 14, 13, 14, 13, 9, 7, 13, 14, 13, 14, 13, 3, 2, 13, 5, 9, 7, 13, 14, 9, 8, 7, 9, 7, 4, 7, 8, 6, 3, 2, 1, 3, 1, 2, 10, 4, 0, 1, 0, 4, 6, 4, 3, 4, 3, 4, 3, 4, 3, 4, 5, 6, 7, 8, 7, 6, 7, 8, 6, 4, 5, 9, 5, 1, 15]"
cb039d67,Task2CP,CP,-268,-220,-154,10,-153,4,-268,-215,-158,11,-153,4,-290,-239,-113,14,-104,8,-279,-223,-72,14,-38,10,"[7, 0, 10, 6, 0, 2, 4, 0, 3, 0, 1, 0, 2, 1, 0, 1, 0, 1, 21, 22, 23, 24, 23, 22, 0, 1, 0, 1, 4, 1, 0, 1, 5, 22, 21, 22, 21, 5, 9, 11, 0, 5, 3, 5, 3, 21, 3, 0, 1, 3, 1, 0, 1, 0, 18, 1, 2, 0, 21, 12, 10, 16, 4, 3, 5, 21, 1, 5, 7, 0, 2, 8, 3, 1, 5, 21, 3, 5, 1, 0, 3, 5, 1, 5, 0, 3, 1, 5, 13, 3, 5, 9, 5, 21, 5, 3, 0, 1, 0, 6, 5, 21, 7, 5, 8, 6, 5, 6, 8, 10, 8, 10, 13, 14, 16, 18, 21, 14, 3, 1, 3, 13, 1, 0, 21, 10, 2, 4, 0, 21, 5, 18, 5, 1, 21, 5, 9, 5, 7, 14, 13, 22, 21, 9, 21, 18, 21, 5, 21, 13, 3, 5, 21, 5, 21, 23, 15, 21, 13, 11, 7, 5, 7, 3, 13, 11, 7, 5, 3, 5, 0, 1, 14, 13, 7, 21, 9, 5, 1, 18, 13, 7, 23, 7, 9, 14, 7, 13, 5, 3, 9, 15, 22, 21, 15, 11, 5, 7, 6, 8, 5, 1, 15, 18, 14, 3, 5, 3, 5, 18, 21, 25, 21, 11, 13, 21, 15, 21, 11, 14, 7, 5, 6, 8, 5, 22, 9, 7, 10, 8, 10, 8, 10, 7, 9, 11, 17, 16, 15, 14, 15, 13, 14, 17, 11, 7, 15, 14, 13, 14, 15, 13, 7, 1, 14, 5, 11, 13, 17, 9, 14, 7, 5, 9, 11, 7, 9, 3, 4, 6, 4, 6, 4, 6, 1, 5, 3, 5, 6, 4, 6, 22, 21, 4, 6, 8, 5, 7, 5, 21, 7, 3, 21, 7, 9, 13, 18, 9, 5, 15, 14, 11, 9, 3, 5, 7, 21, 16, 15, 13, 5, 0, 1, 14, 15, 21, 18, 22, 21, 22, 21, 22, 23, 22, 24, 21, 22, 21, 22, 21, 22, 21, 13, 15, 14, 13, 5, 9, 7, 9, 13, 7, 9, 21]","[4, 0, 5, 3, 0, 1, 2, 0, 2, 0, 1, 0, 1, 0, 1, 0, 1, 13, 14, 15, 16, 15, 14, 0, 1, 0, 1, 2, 1, 0, 1, 3, 14, 13, 14, 13, 3, 5, 6, 0, 3, 2, 3, 2, 13, 2, 0, 1, 2, 1, 0, 1, 0, 11, 1, 0, 13, 6, 5, 9, 2, 3, 13, 1, 3, 4, 0, 1, 4, 2, 1, 3, 13, 2, 3, 1, 0, 2, 3, 1, 3, 0, 2, 1, 3, 7, 2, 3, 5, 3, 13, 3, 2, 0, 1, 0, 3, 13, 4, 3, 4, 3, 4, 5, 4, 5, 7, 8, 9, 11, 13, 8, 2, 1, 2, 7, 1, 0, 13, 5, 1, 2, 0, 13, 3, 11, 3, 1, 13, 3, 5, 3, 4, 8, 7, 14, 13, 5, 13, 11, 13, 3, 13, 7, 2, 3, 13, 3, 13, 15, 9, 13, 7, 6, 4, 3, 4, 2, 7, 6, 4, 3, 2, 3, 0, 1, 8, 7, 4, 13, 5, 3, 1, 11, 7, 4, 15, 4, 5, 8, 4, 7, 3, 2, 5, 9, 14, 13, 9, 6, 3, 4, 3, 4, 3, 1, 9, 11, 8, 2, 3, 2, 3, 11, 13, 17, 13, 6, 7, 13, 9, 13, 6, 8, 4, 3, 4, 3, 14, 5, 4, 5, 4, 5, 4, 5, 4, 5, 6, 10, 9, 8, 9, 7, 8, 10, 6, 4, 9, 8, 7, 8, 9, 7, 4, 1, 8, 3, 6, 7, 10, 5, 8, 4, 3, 5, 6, 4, 5, 2, 3, 2, 3, 2, 3, 1, 3, 2, 3, 2, 3, 14, 13, 2, 3, 4, 3, 4, 3, 13, 4, 2, 13, 4, 5, 7, 11, 5, 3, 9, 8, 6, 5, 2, 3, 4, 13, 9, 7, 3, 0, 1, 8, 9, 13, 11, 14, 13, 14, 13, 14, 15, 14, 16, 13, 14, 13, 14, 13, 14, 13, 7, 9, 8, 7, 3, 5, 4, 5, 7, 4, 5, 13]"
5e4ae544,Task2CP,CP,-242,-204,-174,9,-69,6,-242,-204,-148,10,-69,6,-264,-223,-131,13,-73,7,-243,-202,-83,16,53,10,"[16, 7, 5, 1, 0, 2, 0, 1, 0, 2, 0, 1, 3, 1, 0, 7, 6, 4, 0, 1, 3, 0, 3, 0, 1, 0, 7, 3, 1, 0, 3, 13, 15, 5, 0, 1, 0, 1, 3, 6, 3, 1, 0, 1, 0, 21, 11, 1, 5, 11, 3, 1, 0, 1, 3, 5, 3, 1, 0, 1, 7, 5, 7, 5, 7, 3, 1, 5, 1, 7, 5, 7, 9, 11, 14, 5, 3, 7, 5, 9, 13, 9, 13, 14, 5, 9, 14, 1, 22, 21, 22, 21, 5, 3, 4, 0, 2, 4, 1, 0, 4, 11, 0, 1, 0, 2, 0, 2, 0, 1, 5, 7, 3, 1, 9, 14, 4, 0, 3, 2, 4, 2, 1, 4, 6, 21, 7, 8, 7, 5, 7, 8, 6, 5, 6, 5, 6, 5, 7, 0, 5, 0, 1, 3, 0, 1, 0, 8, 6, 5, 3, 6, 8, 21, 6, 8, 6, 8, 10, 8, 7, 5, 7, 9, 11, 5, 7, 9, 11, 7, 9, 5, 7, 11, 13, 15, 9, 15, 9, 3, 11, 3, 9, 7, 5, 9, 5, 21, 10, 23, 21, 23, 21, 22, 21, 7, 6, 8, 16, 19, 12, 8, 6, 8, 16, 12, 10, 8, 10, 12, 8, 10, 8, 10, 8, 12, 10, 8, 6, 8, 6, 8, 6, 8, 7, 11, 15, 7, 1, 3, 1, 7, 5, 7, 21, 1, 11, 7, 5, 11, 7, 9, 7, 15, 7, 9, 5, 6, 10, 8, 4, 6, 3, 6, 5, 21, 7, 5, 11, 14, 5, 15, 14, 5, 15, 7, 1, 7, 3, 14, 7, 3, 14, 15, 5, 17, 15, 11, 15, 22, 23, 22, 23, 3, 1, 4, 9, 13, 15, 5, 21, 7, 9, 8, 5, 6, 7, 3, 1, 3, 6, 4, 16, 10, 6, 8, 4, 6]","[9, 4, 3, 1, 0, 1, 0, 1, 0, 1, 0, 1, 2, 1, 0, 4, 3, 2, 0, 1, 2, 0, 2, 0, 1, 0, 4, 2, 1, 0, 2, 7, 9, 3, 0, 1, 0, 1, 2, 3, 2, 1, 0, 1, 0, 13, 6, 1, 3, 6, 2, 1, 0, 1, 2, 3, 2, 1, 0, 1, 4, 3, 4, 3, 4, 2, 1, 3, 1, 4, 3, 4, 5, 6, 8, 3, 2, 4, 3, 5, 7, 5, 7, 8, 3, 5, 8, 1, 14, 13, 14, 13, 3, 2, 0, 1, 2, 1, 0, 2, 6, 0, 1, 0, 1, 0, 1, 0, 1, 3, 4, 2, 1, 5, 8, 2, 0, 2, 1, 2, 1, 2, 3, 13, 4, 3, 4, 3, 4, 0, 3, 0, 1, 2, 0, 1, 0, 4, 3, 2, 3, 4, 13, 3, 4, 3, 4, 5, 4, 3, 4, 5, 6, 3, 4, 5, 6, 4, 5, 3, 4, 6, 7, 9, 5, 9, 5, 2, 6, 2, 5, 4, 3, 5, 3, 13, 5, 15, 13, 15, 13, 14, 13, 4, 3, 4, 9, 11, 6, 4, 3, 4, 9, 6, 5, 4, 5, 6, 4, 5, 4, 5, 4, 6, 5, 4, 3, 4, 3, 4, 3, 4, 6, 9, 4, 1, 2, 1, 4, 3, 4, 13, 1, 6, 4, 3, 6, 4, 5, 4, 9, 4, 5, 3, 5, 4, 2, 3, 2, 3, 13, 4, 3, 6, 8, 3, 9, 8, 3, 9, 4, 1, 4, 2, 8, 4, 2, 8, 9, 3, 10, 9, 6, 9, 14, 15, 14, 15, 2, 1, 2, 5, 7, 9, 3, 13, 4, 5, 4, 3, 4, 2, 1, 2, 3, 2, 9, 5, 3, 4, 2, 3]"
dfab1ede,Task2CP,CP,-237,-199,-141,12,-123,5,-232,-209,-132,11,-133,5,-259,-208,-54,16,-43,7,-246,-195,-36,16,-10,8,"[13, 0, 18, 21, 3, 13, 18, 21, 1, 0, 1, 0, 1, 0, 1, 0, 1, 0, 2, 0, 1, 7, 3, 1, 2, 0, 2, 1, 3, 2, 0, 2, 1, 4, 3, 1, 3, 1, 2, 1, 2, 1, 3, 5, 7, 3, 1, 3, 14, 12, 8, 3, 4, 6, 5, 3, 1, 7, 0, 5, 0, 1, 0, 1, 0, 1, 15, 21, 5, 21, 22, 21, 22, 7, 3, 5, 9, 3, 1, 3, 0, 3, 1, 7, 1, 3, 7, 3, 1, 3, 5, 6, 4, 6, 8, 6, 8, 6, 5, 7, 1, 3, 0, 3, 5, 7, 3, 1, 11, 13, 7, 5, 9, 5, 3, 11, 13, 1, 5, 7, 18, 7, 0, 1, 3, 13, 11, 14, 13, 14, 9, 1, 0, 1, 3, 5, 3, 7, 5, 1, 5, 3, 0, 1, 0, 1, 5, 3, 5, 15, 3, 11, 7, 3, 5, 1, 7, 5, 3, 5, 7, 5, 12, 3, 7, 9, 5, 7, 11, 7, 3, 1, 5, 6, 7, 19, 15, 11, 14, 11, 13, 15, 9, 3, 0, 1, 18, 0, 1, 3, 5, 18, 5, 1, 3, 9, 15, 18, 7, 15, 18, 11, 7, 5, 3, 7, 23, 21, 5, 13, 9, 7, 5, 3, 5, 15, 13, 9, 3, 13, 15, 14, 11, 7, 5, 3, 5, 3, 13, 1, 11, 13, 16, 3, 5, 9, 5, 15, 21, 17, 3, 7, 11, 3, 13, 11, 13, 15, 13, 19, 12, 18, 11, 7, 9, 0, 3, 11, 7, 3, 9, 3, 5, 0, 15, 13, 11, 13, 14, 21, 9, 13, 15, 13, 11, 5, 9, 18, 10, 13, 11, 13, 21, 7, 15, 22, 15, 9, 1, 5, 3, 15, 11, 15, 7, 5, 11, 16, 21, 13, 11, 15, 21, 22, 24, 25, 22, 23, 22, 25, 14, 15, 13]","[7, 0, 11, 13, 2, 7, 11, 13, 1, 0, 1, 0, 1, 0, 1, 0, 1, 0, 1, 0, 1, 4, 2, 1, 0, 1, 2, 1, 0, 1, 2, 1, 2, 1, 2, 3, 4, 2, 1, 2, 8, 6, 4, 2, 3, 2, 1, 4, 0, 3, 0, 1, 0, 1, 0, 1, 9, 13, 3, 13, 14, 13, 14, 4, 2, 3, 5, 2, 1, 2, 0, 2, 1, 4, 1, 2, 4, 2, 1, 2, 3, 2, 3, 4, 3, 4, 3, 4, 1, 2, 0, 2, 3, 4, 2, 1, 6, 7, 4, 3, 5, 3, 2, 6, 7, 1, 3, 4, 11, 4, 0, 1, 2, 7, 6, 8, 7, 8, 5, 1, 0, 1, 2, 3, 2, 4, 3, 1, 3, 2, 0, 1, 0, 1, 3, 2, 3, 9, 2, 6, 4, 2, 3, 1, 4, 3, 2, 3, 4, 3, 6, 2, 4, 5, 3, 4, 6, 4, 2, 1, 3, 4, 11, 9, 6, 8, 6, 7, 9, 5, 2, 0, 1, 11, 0, 1, 2, 3, 11, 3, 1, 2, 5, 9, 11, 4, 9, 11, 6, 4, 3, 2, 4, 15, 13, 3, 7, 5, 4, 3, 2, 3, 9, 7, 5, 2, 7, 9, 8, 6, 4, 3, 2, 3, 2, 7, 1, 6, 7, 9, 2, 3, 5, 3, 9, 13, 10, 2, 4, 6, 2, 7, 6, 7, 9, 7, 11, 6, 11, 6, 4, 5, 0, 2, 6, 4, 2, 5, 2, 3, 0, 9, 7, 6, 7, 8, 13, 5, 7, 9, 7, 6, 3, 5, 11, 5, 7, 6, 7, 13, 4, 9, 14, 9, 5, 1, 3, 2, 9, 6, 9, 4, 3, 6, 9, 13, 7, 6, 9, 13, 14, 16, 17, 14, 15, 14, 17, 8, 9, 7]"
9a43cae5,Task2CP,CP,-291,-263,-153,9,-158,6,-291,-263,-158,9,-153,6,-298,-257,-95,13,-37,10,-291,-250,-80,15,-10,11,"[13, 0, 1, 2, 0, 2, 3, 5, 3, 5, 1, 3, 5, 3, 5, 1, 5, 7, 5, 3, 5, 3, 1, 3, 5, 8, 6, 8, 5, 3, 9, 5, 0, 3, 5, 7, 9, 7, 5, 7, 5, 7, 5, 6, 8, 5, 7, 5, 7, 6, 8, 4, 6, 7, 9, 11, 13, 11, 9, 11, 5, 3, 5, 13, 17, 15, 18, 20, 21, 22, 23, 22, 23, 22, 21, 22, 5, 13, 7, 1, 0, 1, 0, 5, 1, 0, 3, 5, 3, 1, 0, 1, 0, 1, 0, 1, 0, 3, 1, 0, 3, 1, 3, 5, 13, 14, 13, 5, 9, 11, 13, 11, 13, 21, 15, 13, 9, 11, 13, 9, 1, 0, 14, 15, 13, 15, 18, 17, 18, 21, 18, 11, 3, 7, 14, 13, 14, 5, 3, 5, 13, 14, 13, 15, 13, 15, 7, 9, 14, 11, 7, 3, 8, 6, 3, 1, 3, 0, 20, 21, 22, 21, 0, 1, 2, 0, 1, 18, 1, 3, 5, 3, 5, 13, 25, 22, 21, 18, 21, 22, 21, 9, 11, 3, 5, 3, 7, 5, 22, 13, 5, 22, 21, 5, 13, 22, 21, 11, 13, 7, 5, 7, 5, 15, 9, 3, 7, 15, 21, 22, 7, 3, 5, 3, 5, 3, 5, 3, 21, 5, 3, 5, 21, 3, 7, 5, 1, 0, 1, 3, 11, 14, 15, 13, 5, 3, 5, 21, 5, 3, 6, 4, 6, 5, 3, 5, 3, 5, 14, 15, 11, 5, 7, 5, 3, 5, 21, 5, 1, 0, 21, 7, 11, 13, 9, 5, 18, 21, 23, 7, 21, 23, 16, 23, 24, 23, 24, 23, 22, 16, 23, 16, 15, 16, 13, 14, 15, 14, 3, 5, 14, 3, 15, 3, 1, 3, 7, 13, 3, 7, 13, 14, 5, 3, 7, 3, 14, 7, 3, 5, 11, 5, 3, 13, 5, 13, 3, 14, 15, 17, 15, 0, 13, 15, 18, 15, 5, 3, 1, 3, 5, 13, 5, 11, 7, 9, 11, 5, 7, 9, 23, 21, 5, 25, 21, 22, 21, 16, 15, 17, 5, 15, 13, 9, 3, 17, 16]","[7, 0, 1, 0, 1, 2, 3, 2, 3, 1, 2, 3, 2, 3, 1, 3, 4, 3, 2, 3, 2, 1, 2, 3, 4, 3, 4, 3, 2, 5, 3, 0, 2, 3, 4, 5, 4, 3, 4, 3, 4, 3, 4, 3, 4, 3, 4, 3, 4, 2, 3, 4, 5, 6, 7, 6, 5, 6, 3, 2, 3, 7, 10, 9, 11, 12, 13, 14, 15, 14, 15, 14, 13, 14, 3, 7, 4, 1, 0, 1, 0, 3, 1, 0, 2, 3, 2, 1, 0, 1, 0, 1, 0, 1, 0, 2, 1, 0, 2, 1, 2, 3, 7, 8, 7, 3, 5, 6, 7, 6, 7, 13, 9, 7, 5, 6, 7, 5, 1, 0, 8, 9, 7, 9, 11, 10, 11, 13, 11, 6, 2, 4, 8, 7, 8, 3, 2, 3, 7, 8, 7, 9, 7, 9, 4, 5, 8, 6, 4, 2, 4, 3, 2, 1, 2, 0, 12, 13, 14, 13, 0, 1, 0, 1, 11, 1, 2, 3, 2, 3, 7, 17, 14, 13, 11, 13, 14, 13, 5, 6, 2, 3, 2, 4, 3, 14, 7, 3, 14, 13, 3, 7, 14, 13, 6, 7, 4, 3, 4, 3, 9, 5, 2, 4, 9, 13, 14, 4, 2, 3, 2, 3, 2, 3, 2, 13, 3, 2, 3, 13, 2, 4, 3, 1, 0, 1, 2, 6, 8, 9, 7, 3, 2, 3, 13, 3, 2, 3, 2, 3, 2, 3, 2, 3, 8, 9, 6, 3, 4, 3, 2, 3, 13, 3, 1, 0, 13, 4, 6, 7, 5, 3, 11, 13, 15, 4, 13, 15, 9, 15, 16, 15, 16, 15, 14, 9, 15, 9, 7, 8, 9, 8, 2, 3, 8, 2, 9, 2, 1, 2, 4, 7, 2, 4, 7, 8, 3, 2, 4, 2, 8, 4, 2, 3, 6, 3, 2, 7, 3, 7, 2, 8, 9, 10, 9, 0, 7, 9, 11, 9, 3, 2, 1, 2, 3, 7, 3, 6, 4, 5, 6, 3, 4, 5, 15, 13, 3, 17, 13, 14, 13, 9, 10, 3, 9, 7, 5, 2, 10, 9]"
66310afd,Task2CP,CP,-254,-201,-114,11,-109,4,-249,-206,-128,12,-120,5,-281,-230,-103,13,-65,8,-258,-207,-50,13,-12,9,"[16, 0, 1, 0, 3, 1, 7, 6, 4, 0, 2, 0, 21, 22, 21, 22, 21, 22, 21, 22, 0, 1, 0, 1, 0, 3, 1, 3, 1, 2, 0, 1, 2, 1, 0, 3, 2, 4, 1, 3, 0, 5, 3, 5, 0, 5, 6, 8, 5, 13, 5, 9, 13, 0, 11, 13, 15, 23, 21, 22, 21, 22, 21, 22, 9, 15, 23, 22, 23, 21, 13, 11, 13, 11, 9, 0, 3, 9, 7, 14, 7, 5, 1, 3, 7, 5, 7, 5, 7, 5, 21, 5, 21, 7, 13, 22, 23, 21, 23, 15, 11, 17, 14, 17, 5, 3, 1, 3, 14, 9, 7, 15, 22, 18, 15, 14, 15, 13, 15, 9, 14, 7, 5, 7, 9, 14, 21, 7, 5, 3, 5, 3, 21, 14, 15, 17, 21, 15, 21, 18, 21, 22, 11, 7, 5, 7, 8, 6, 3, 7, 8, 7, 9, 7, 9, 7, 11, 13, 21, 22, 21, 22, 21, 22, 15, 14, 15, 11, 7, 11, 9, 7, 11, 10, 11, 0, 23, 22, 14, 11, 9, 5, 7, 11, 10, 11, 5, 15, 17, 22, 24, 23, 24, 23, 9, 21, 16, 9, 7, 9, 7, 9, 7, 9, 7, 21, 4, 16, 9, 10, 9, 11, 15, 14, 17, 15, 17, 16, 15, 16, 12, 7, 8, 9, 3, 5, 3, 5, 11, 5, 11, 13, 9, 11, 22, 23, 11, 16, 13, 16, 15, 11, 13, 12, 8, 6, 2, 0, 5, 7, 8, 10, 22, 11, 7, 8, 10, 7, 21, 22, 21, 5, 7, 21, 22, 21, 22, 21, 23, 22, 24, 23, 24, 23, 15, 13, 9, 21, 23, 24, 19, 16, 15, 13, 14, 5, 1, 0, 4, 5, 3, 5, 3, 6, 8, 10, 13, 18, 21, 23, 22, 23, 22, 16, 23, 22, 23, 22, 23, 22, 11, 7, 5, 9, 13, 15, 16, 9, 15, 11, 19, 10, 9, 5, 11, 5, 13, 11, 7, 19]","[9, 0, 1, 0, 2, 1, 4, 3, 2, 0, 1, 0, 13, 14, 13, 14, 13, 14, 13, 14, 0, 1, 0, 1, 0, 2, 1, 2, 1, 0, 1, 0, 2, 1, 2, 1, 2, 0, 3, 2, 3, 0, 3, 4, 3, 7, 3, 5, 7, 0, 6, 7, 9, 15, 13, 14, 13, 14, 13, 14, 5, 9, 15, 14, 15, 13, 7, 6, 7, 6, 5, 0, 2, 5, 4, 8, 4, 3, 1, 2, 4, 3, 4, 3, 4, 3, 13, 3, 13, 4, 7, 14, 15, 13, 15, 9, 6, 10, 8, 10, 3, 2, 1, 2, 8, 5, 4, 9, 14, 11, 9, 8, 9, 7, 9, 5, 8, 4, 3, 4, 5, 8, 13, 4, 3, 2, 3, 2, 13, 8, 9, 10, 13, 9, 13, 11, 13, 14, 6, 4, 3, 4, 3, 2, 4, 5, 4, 5, 4, 6, 7, 13, 14, 13, 14, 13, 14, 9, 8, 9, 6, 4, 6, 5, 4, 6, 5, 6, 0, 15, 14, 8, 6, 5, 3, 4, 6, 5, 6, 3, 9, 10, 14, 16, 15, 16, 15, 5, 13, 9, 5, 4, 5, 4, 5, 4, 5, 4, 13, 2, 9, 5, 6, 9, 8, 10, 9, 10, 9, 6, 4, 5, 2, 3, 2, 3, 6, 3, 6, 7, 5, 6, 14, 15, 6, 9, 7, 9, 6, 7, 6, 4, 3, 1, 0, 3, 4, 5, 14, 6, 4, 5, 4, 13, 14, 13, 3, 4, 13, 14, 13, 14, 13, 15, 14, 16, 15, 16, 15, 9, 7, 5, 13, 15, 16, 11, 9, 7, 8, 3, 1, 0, 2, 3, 2, 3, 2, 3, 4, 5, 7, 11, 13, 15, 14, 15, 14, 9, 15, 14, 15, 14, 15, 14, 6, 4, 3, 5, 7, 9, 5, 9, 6, 11, 5, 3, 6, 3, 7, 6, 4, 11]"
615db7bf,Task3CM,CM,0,0,0,0,0,0,0,0,0,0,0,0,-128,-41,-31,9,68,5,-128,-41,-31,9,68,5,"[9, 0, 12, 14, 2, 0, 1, 0, 1, 0, 1, 0, 2, 3, 2, 4, 12, 5, 4, 3, 4, 7, 5, 7, 6, 9, 10, 4, 3, 5, 4, 6, 5, 4, 7, 4, 7, 9, 12, 7, 10, 17, 8, 10, 5, 7, 3, 5, 7, 3, 5, 3, 6, 3, 4, 3, 6, 4, 13, 7, 6, 7, 14, 9, 7, 6, 12, 7, 6, 3, 12, 7, 4, 5, 6, 5, 4, 3, 0, 3, 2, 7, 6, 7, 4, 3, 4, 3, 4, 6, 5, 7, 6, 7, 6, 5, 9, 7, 6, 7, 6, 7, 6, 3, 12, 5, 3, 4, 6, 4, 7, 6, 3, 4, 5, 7, 5, 3, 16, 6, 5, 7, 9, 5, 14, 6, 9, 10, 6, 7, 1, 3, 6, 12, 17, 9, 7, 6, 7, 4, 6, 3, 8, 4, 8, 7, 3, 14, 3, 7, 4, 3, 4, 3, 5, 12, 4, 3, 4, 9, 7, 6, 7, 6, 7, 9, 7, 9, 7, 6, 7, 10, 6, 5, 16, 9, 14]","[9, 0, 12, 14, 2, 0, 1, 0, 1, 0, 1, 0, 2, 3, 2, 4, 12, 5, 4, 3, 4, 7, 5, 7, 6, 9, 10, 4, 3, 5, 4, 6, 5, 4, 7, 4, 7, 9, 12, 7, 10, 17, 8, 10, 5, 7, 3, 5, 7, 3, 5, 3, 6, 3, 4, 3, 6, 4, 13, 7, 6, 7, 14, 9, 7, 6, 12, 7, 6, 3, 12, 7, 4, 5, 6, 5, 4, 3, 0, 3, 2, 7, 6, 7, 4, 3, 4, 3, 4, 6, 5, 7, 6, 7, 6, 5, 9, 7, 6, 7, 6, 7, 6, 3, 12, 5, 3, 4, 6, 4, 7, 6, 3, 4, 5, 7, 5, 3, 16, 6, 5, 7, 9, 5, 14, 6, 9, 10, 6, 7, 1, 3, 6, 12, 17, 9, 7, 6, 7, 4, 6, 3, 8, 4, 8, 7, 3, 14, 3, 7, 4, 3, 4, 3, 5, 12, 4, 3, 4, 9, 7, 6, 7, 6, 7, 9, 7, 9, 7, 6, 7, 10, 6, 5, 16, 9, 14]"
f9ec2bc7,Task3CM,CM,0,0,0,0,0,0,0,0,0,0,0,0,-129,-77,-42,9,-15,3,-129,-77,-42,9,-15,3,"[1, 0, 1, 0, 2, 1, 3, 2, 1, 4, 3, 2, 3, 1, 0, 2, 3, 5, 4, 2, 1, 4, 5, 9, 8, 6, 8, 12, 5, 3, 1, 2, 5, 4, 2, 5, 3, 2, 5, 3, 1, 6, 7, 6, 5, 6, 5, 1, 7, 8, 7, 8, 7, 6, 7, 6, 4, 6, 5, 4, 7, 8, 5, 4, 5, 4, 2, 7, 14, 8, 4, 14, 5, 4, 14, 15, 14, 5, 6, 4, 6, 7, 6, 7, 6, 4, 1, 0, 6, 4, 3, 14, 7, 2, 6, 14, 6, 14, 7, 6, 0, 2, 8, 14, 16, 9, 8, 15, 14, 5, 6, 14, 9, 6, 4, 6, 12, 14, 15, 14, 15, 14, 15, 14, 15, 14, 15, 14, 4, 14, 15, 14, 15, 14, 15, 16, 15, 14, 15, 14, 6, 8, 7, 14, 15, 14, 9, 15, 14, 15, 14, 15, 14, 10, 14, 12, 8, 7, 6, 14, 6, 7, 1, 0, 3, 4, 6, 14, 15, 14, 15, 14, 9, 14, 7, 9, 14, 15, 14, 4, 14, 15, 14, 17, 14, 7, 14, 15]","[1, 0, 1, 0, 2, 1, 3, 2, 1, 4, 3, 2, 3, 1, 0, 2, 3, 5, 4, 2, 1, 4, 5, 9, 8, 6, 8, 12, 5, 3, 1, 2, 5, 4, 2, 5, 3, 2, 5, 3, 1, 6, 7, 6, 5, 6, 5, 1, 7, 8, 7, 8, 7, 6, 7, 6, 4, 6, 5, 4, 7, 8, 5, 4, 5, 4, 2, 7, 14, 8, 4, 14, 5, 4, 14, 15, 14, 5, 6, 4, 6, 7, 6, 7, 6, 4, 1, 0, 6, 4, 3, 14, 7, 2, 6, 14, 6, 14, 7, 6, 0, 2, 8, 14, 16, 9, 8, 15, 14, 5, 6, 14, 9, 6, 4, 6, 12, 14, 15, 14, 15, 14, 15, 14, 15, 14, 15, 14, 4, 14, 15, 14, 15, 14, 15, 16, 15, 14, 15, 14, 6, 8, 7, 14, 15, 14, 9, 15, 14, 15, 14, 15, 14, 10, 14, 12, 8, 7, 6, 14, 6, 7, 1, 0, 3, 4, 6, 14, 15, 14, 15, 14, 9, 14, 7, 9, 14, 15, 14, 4, 14, 15, 14, 17, 14, 7, 14, 15]"
dac593bd,Task3CM,CM,0,0,0,0,0,0,0,0,0,0,0,0,-236,-134,9,16,47,7,-236,-134,9,16,47,7,"[3, 1, 14, 12, 11, 13, 14, 5, 1, 0, 1, 3, 14, 5, 7, 9, 14, 15, 0, 1, 3, 2, 3, 4, 6, 5, 8, 17, 15, 0, 15, 1, 2, 0, 1, 0, 1, 0, 1, 3, 5, 4, 7, 6, 4, 1, 0, 10, 14, 5, 9, 5, 9, 4, 0, 1, 4, 2, 5, 14, 3, 4, 6, 5, 3, 5, 6, 7, 14, 4, 7, 5, 4, 3, 4, 5, 4, 1, 5, 4, 3, 4, 3, 2, 1, 2, 1, 0, 1, 2, 1, 0, 1, 7, 6, 15, 9, 8, 9, 8, 10, 1, 0, 1, 0, 3, 2, 1, 9, 8, 7, 5, 0, 5, 7, 15, 2, 12, 2, 16, 14, 12, 3, 4, 2, 3, 6, 7, 5, 3, 5, 4, 3, 1, 3, 1, 3, 4, 1, 5, 6, 2, 3, 4, 3, 4, 2, 0, 1, 2, 3, 4, 12, 9, 4, 2, 3, 4, 6, 4, 6, 15, 7, 5, 4, 5, 4, 3, 1, 0, 1, 0, 1, 3, 1, 2, 1, 2, 3, 4, 3, 4, 6, 5, 7, 9, 12, 14, 9, 7, 6, 3, 4, 3, 2, 0, 1, 0, 3, 1, 2, 3, 2, 3, 4, 6, 4, 5, 4, 6, 5, 7, 6, 9, 5, 6, 10, 14, 3, 4, 3, 4, 3, 4, 5, 6, 9, 5, 2, 3, 4, 5, 6, 4, 6, 4, 3, 4, 7, 6, 3, 4, 3, 4, 12, 14, 15, 14, 12, 9, 7, 5, 3, 4, 6, 14, 6, 4, 14, 12, 13, 14, 9, 6, 5, 4, 5, 0, 7, 6, 3, 4, 1, 0, 1, 6, 8, 9, 5, 4, 2, 3, 4, 3, 4]","[3, 1, 14, 12, 11, 13, 14, 5, 1, 0, 1, 3, 14, 5, 7, 9, 14, 15, 0, 1, 3, 2, 3, 4, 6, 5, 8, 17, 15, 0, 15, 1, 2, 0, 1, 0, 1, 0, 1, 3, 5, 4, 7, 6, 4, 1, 0, 10, 14, 5, 9, 5, 9, 4, 0, 1, 4, 2, 5, 14, 3, 4, 6, 5, 3, 5, 6, 7, 14, 4, 7, 5, 4, 3, 4, 5, 4, 1, 5, 4, 3, 4, 3, 2, 1, 2, 1, 0, 1, 2, 1, 0, 1, 7, 6, 15, 9, 8, 9, 8, 10, 1, 0, 1, 0, 3, 2, 1, 9, 8, 7, 5, 0, 5, 7, 15, 2, 12, 2, 16, 14, 12, 3, 4, 2, 3, 6, 7, 5, 3, 5, 4, 3, 1, 3, 1, 3, 4, 1, 5, 6, 2, 3, 4, 3, 4, 2, 0, 1, 2, 3, 4, 12, 9, 4, 2, 3, 4, 6, 4, 6, 15, 7, 5, 4, 5, 4, 3, 1, 0, 1, 0, 1, 3, 1, 2, 1, 2, 3, 4, 3, 4, 6, 5, 7, 9, 12, 14, 9, 7, 6, 3, 4, 3, 2, 0, 1, 0, 3, 1, 2, 3, 2, 3, 4, 6, 4, 5, 4, 6, 5, 7, 6, 9, 5, 6, 10, 14, 3, 4, 3, 4, 3, 4, 5, 6, 9, 5, 2, 3, 4, 5, 6, 4, 6, 4, 3, 4, 7, 6, 3, 4, 3, 4, 12, 14, 15, 14, 12, 9, 7, 5, 3, 4, 6, 14, 6, 4, 14, 12, 13, 14, 9, 6, 5, 4, 5, 0, 7, 6, 3, 4, 1, 0, 1, 6, 8, 9, 5, 4, 2, 3, 4, 3, 4]"
b1c5e27d,Task3CM,CM,0,0,0,0,0,0,0,0,0,0,0,0,-155,-68,-56,12,66,5,-155,-68,-56,12,66,5,"[9, 7, 6, 0, 3, 1, 8, 12, 2, 0, 2, 1, 2, 3, 2, 4, 3, 4, 2, 3, 6, 4, 3, 2, 4, 3, 6, 4, 5, 6, 3, 5, 6, 4, 6, 4, 5, 3, 2, 4, 1, 4, 5, 7, 5, 7, 9, 12, 6, 4, 3, 2, 4, 7, 6, 4, 7, 5, 4, 3, 4, 3, 7, 5, 4, 7, 4, 6, 3, 4, 9, 5, 4, 7, 5, 7, 5, 4, 6, 7, 4, 3, 4, 5, 2, 6, 7, 6, 5, 3, 1, 4, 5, 7, 3, 12, 6, 3, 4, 3, 6, 5, 7, 2, 0, 4, 2, 6, 4, 2, 3, 4, 7, 9, 7, 6, 7, 4, 5, 4, 3, 4, 6, 9, 7, 6, 4, 5, 6, 7, 5, 7, 5, 7, 5, 7, 5, 7, 4, 5, 7, 6, 7, 5, 7, 5, 8, 7, 6, 5, 4, 7, 9, 7, 3, 12, 5, 7, 9, 7, 9, 6, 7, 5, 3, 4, 5, 4, 5, 7, 6, 7, 4, 6, 7, 4, 5, 7, 5, 4, 7, 14, 7, 2, 14, 8, 7, 6, 7, 6, 5, 3, 7, 14, 7, 14, 15, 14, 15, 14, 9, 7, 9, 14]","[9, 7, 6, 0, 3, 1, 8, 12, 2, 0, 2, 1, 2, 3, 2, 4, 3, 4, 2, 3, 6, 4, 3, 2, 4, 3, 6, 4, 5, 6, 3, 5, 6, 4, 6, 4, 5, 3, 2, 4, 1, 4, 5, 7, 5, 7, 9, 12, 6, 4, 3, 2, 4, 7, 6, 4, 7, 5, 4, 3, 4, 3, 7, 5, 4, 7, 4, 6, 3, 4, 9, 5, 4, 7, 5, 7, 5, 4, 6, 7, 4, 3, 4, 5, 2, 6, 7, 6, 5, 3, 1, 4, 5, 7, 3, 12, 6, 3, 4, 3, 6, 5, 7, 2, 0, 4, 2, 6, 4, 2, 3, 4, 7, 9, 7, 6, 7, 4, 5, 4, 3, 4, 6, 9, 7, 6, 4, 5, 6, 7, 5, 7, 5, 7, 5, 7, 5, 7, 4, 5, 7, 6, 7, 5, 7, 5, 8, 7, 6, 5, 4, 7, 9, 7, 3, 12, 5, 7, 9, 7, 9, 6, 7, 5, 3, 4, 5, 4, 5, 7, 6, 7, 4, 6, 7, 4, 5, 7, 5, 4, 7, 14, 7, 2, 14, 8, 7, 6, 7, 6, 5, 3, 7, 14, 7, 14, 15, 14, 15, 14, 9, 7, 9, 14]"
967a04d0,Task3CM,CM,0,0,0,0,0,0,0,0,0,0,0,0,-125,-53,-53,9,41,5,-125,-53,-53,9,41,5,"[9, 3, 1, 0, 1, 2, 0, 2, 1, 2, 3, 2, 1, 2, 1, 2, 1, 0, 3, 2, 3, 1, 4, 3, 2, 4, 5, 4, 5, 1, 5, 6, 5, 6, 5, 2, 0, 5, 4, 2, 3, 5, 4, 3, 4, 5, 4, 6, 7, 6, 4, 3, 5, 7, 6, 4, 6, 4, 5, 4, 3, 4, 5, 4, 5, 6, 5, 9, 2, 0, 1, 5, 6, 5, 7, 6, 7, 8, 7, 6, 5, 10, 7, 5, 4, 5, 6, 10, 4, 5, 6, 5, 6, 7, 12, 7, 6, 4, 14, 7, 4, 14, 4, 7, 12, 14, 1, 8, 12, 14, 12, 5, 6, 14, 12, 14, 9, 12, 14, 4, 12, 14, 12, 14, 15, 14, 7, 14, 12, 14, 7, 6, 7, 8, 6, 5, 3, 6, 7, 14, 7, 6, 9, 6, 14, 6, 3, 4, 14, 15, 14, 16, 14, 15, 14, 16, 14, 7, 6, 7, 8, 7, 6, 7, 6, 7, 6, 14, 7, 14, 7, 14, 6, 9, 6, 14, 1, 4, 3]","[9, 3, 1, 0, 1, 2, 0, 2, 1, 2, 3, 2, 1, 2, 1, 2, 1, 0, 3, 2, 3, 1, 4, 3, 2, 4, 5, 4, 5, 1, 5, 6, 5, 6, 5, 2, 0, 5, 4, 2, 3, 5, 4, 3, 4, 5, 4, 6, 7, 6, 4, 3, 5, 7, 6, 4, 6, 4, 5, 4, 3, 4, 5, 4, 5, 6, 5, 9, 2, 0, 1, 5, 6, 5, 7, 6, 7, 8, 7, 6, 5, 10, 7, 5, 4, 5, 6, 10, 4, 5, 6, 5, 6, 7, 12, 7, 6, 4, 14, 7, 4, 14, 4, 7, 12, 14, 1, 8, 12, 14, 12, 5, 6, 14, 12, 14, 9, 12, 14, 4, 12, 14, 12, 14, 15, 14, 7, 14, 12, 14, 7, 6, 7, 8, 6, 5, 3, 6, 7, 14, 7, 6, 9, 6, 14, 6, 3, 4, 14, 15, 14, 16, 14, 15, 14, 16, 14, 7, 6, 7, 8, 7, 6, 7, 6, 7, 6, 14, 7, 14, 7, 14, 6, 9, 6, 14, 1, 4, 3]"
66b337a9,Task3CM,CM,0,0,0,0,0,0,0,0,0,0,0,0,-227,-125,-34,13,121,7,-227,-125,-34,13,121,7,"[7, 0, 14, 15, 1, 0, 1, 2, 4, 2, 3, 1, 2, 3, 0, 12, 4, 3, 4, 5, 4, 5, 4, 3, 5, 4, 2, 5, 4, 3, 4, 6, 4, 5, 4, 5, 7, 6, 8, 10, 4, 3, 1, 0, 8, 9, 6, 5, 6, 5, 6, 5, 4, 2, 5, 3, 2, 3, 1, 4, 7, 3, 4, 3, 6, 5, 6, 5, 4, 5, 0, 6, 5, 1, 6, 3, 4, 6, 7, 3, 7, 3, 1, 5, 4, 3, 4, 5, 4, 6, 7, 9, 6, 7, 5, 14, 3, 1, 3, 4, 5, 4, 3, 4, 1, 2, 1, 4, 3, 6, 3, 1, 2, 3, 2, 4, 5, 3, 4, 2, 5, 4, 5, 6, 7, 6, 9, 8, 7, 1, 3, 6, 5, 3, 5, 9, 7, 4, 3, 7, 9, 10, 9, 7, 6, 7, 5, 7, 6, 10, 4, 8, 12, 4, 3, 4, 6, 4, 6, 5, 2, 4, 6, 4, 6, 7, 6, 5, 7, 6, 8, 7, 5, 6, 7, 6, 7, 9, 7, 9, 12, 7, 5, 9, 5, 4, 5, 3, 4, 6, 5, 4, 5, 4, 3, 6, 7, 6, 8, 7, 14, 7, 4, 12, 9, 5, 4, 5, 7, 12, 15, 14, 6, 7, 6, 7, 8, 9, 7, 6, 4, 6, 4, 5, 7, 4, 12, 14, 7, 4, 3, 12, 15, 16, 6, 5, 6, 5, 6, 5, 7, 6, 15, 9, 14, 7, 6, 5, 4, 14, 4, 9, 7, 6, 15, 7, 6, 7, 14, 15, 6, 4, 6, 5, 6, 16, 7, 9, 6, 7, 9, 6, 9, 8, 15, 14, 15, 9, 14, 9, 11]","[7, 0, 14, 15, 1, 0, 1, 2, 4, 2, 3, 1, 2, 3, 0, 12, 4, 3, 4, 5, 4, 5, 4, 3, 5, 4, 2, 5, 4, 3, 4, 6, 4, 5, 4, 5, 7, 6, 8, 10, 4, 3, 1, 0, 8, 9, 6, 5, 6, 5, 6, 5, 4, 2, 5, 3, 2, 3, 1, 4, 7, 3, 4, 3, 6, 5, 6, 5, 4, 5, 0, 6, 5, 1, 6, 3, 4, 6, 7, 3, 7, 3, 1, 5, 4, 3, 4, 5, 4, 6, 7, 9, 6, 7, 5, 14, 3, 1, 3, 4, 5, 4, 3, 4, 1, 2, 1, 4, 3, 6, 3, 1, 2, 3, 2, 4, 5, 3, 4, 2, 5, 4, 5, 6, 7, 6, 9, 8, 7, 1, 3, 6, 5, 3, 5, 9, 7, 4, 3, 7, 9, 10, 9, 7, 6, 7, 5, 7, 6, 10, 4, 8, 12, 4, 3, 4, 6, 4, 6, 5, 2, 4, 6, 4, 6, 7, 6, 5, 7, 6, 8, 7, 5, 6, 7, 6, 7, 9, 7, 9, 12, 7, 5, 9, 5, 4, 5, 3, 4, 6, 5, 4, 5, 4, 3, 6, 7, 6, 8, 7, 14, 7, 4, 12, 9, 5, 4, 5, 7, 12, 15, 14, 6, 7, 6, 7, 8, 9, 7, 6, 4, 6, 4, 5, 7, 4, 12, 14, 7, 4, 3, 12, 15, 16, 6, 5, 6, 5, 6, 5, 7, 6, 15, 9, 14, 7, 6, 5, 4, 14, 4, 9, 7, 6, 15, 7, 6, 7, 14, 15, 6, 4, 6, 5, 6, 16, 7, 9, 6, 7, 9, 6, 9, 8, 15, 14, 15, 9, 14, 9, 11]"
45c939e2,Task3CM,CM,0,0,0,0,0,0,0,0,0,0,0,0,-108,-51,-1,9,22,4,-108,-51,-1,9,22,4,"[1, 3, 16, 14, 3, 6, 3, 5, 3, 4, 2, 1, 2, 1, 4, 6, 5, 7, 8, 7, 6, 7, 6, 7, 8, 12, 14, 15, 7, 8, 9, 7, 3, 7, 6, 3, 5, 4, 3, 4, 5, 6, 5, 6, 7, 5, 6, 7, 6, 7, 6, 3, 1, 0, 1, 2, 3, 1, 3, 4, 7, 4, 6, 7, 8, 9, 7, 5, 4, 5, 6, 5, 6, 8, 9, 12, 9, 7, 4, 3, 7, 8, 14, 2, 3, 4, 5, 4, 5, 1, 0, 1, 6, 8, 14, 15, 14, 5, 6, 14, 6, 14, 7, 6, 7, 3, 4, 6, 7, 9, 6, 3, 7, 9, 14, 9, 14, 6, 7, 1, 3, 7, 6, 7, 9, 14, 7, 6, 15, 14, 15, 14, 15, 14, 15, 9, 12, 14, 12, 14, 15, 14, 15, 14, 15, 14, 15, 14, 7, 15, 7, 8, 9, 7, 6, 7, 6, 7, 3, 5, 7, 6, 14, 16, 6, 4, 17]","[1, 3, 16, 14, 3, 6, 3, 5, 3, 4, 2, 1, 2, 1, 4, 6, 5, 7, 8, 7, 6, 7, 6, 7, 8, 12, 14, 15, 7, 8, 9, 7, 3, 7, 6, 3, 5, 4, 3, 4, 5, 6, 5, 6, 7, 5, 6, 7, 6, 7, 6, 3, 1, 0, 1, 2, 3, 1, 3, 4, 7, 4, 6, 7, 8, 9, 7, 5, 4, 5, 6, 5, 6, 8, 9, 12, 9, 7, 4, 3, 7, 8, 14, 2, 3, 4, 5, 4, 5, 1, 0, 1, 6, 8, 14, 15, 14, 5, 6, 14, 6, 14, 7, 6, 7, 3, 4, 6, 7, 9, 6, 3, 7, 9, 14, 9, 14, 6, 7, 1, 3, 7, 6, 7, 9, 14, 7, 6, 15, 14, 15, 14, 15, 14, 15, 9, 12, 14, 12, 14, 15, 14, 15, 14, 15, 14, 15, 14, 7, 15, 7, 8, 9, 7, 6, 7, 6, 7, 3, 5, 7, 6, 14, 16, 6, 4, 17]"
ba88bf04,Task3CM,CM,0,0,0,0,0,0,0,0,0,0,0,0,-101,-44,-12,7,28,3,-101,-44,-12,7,28,3,"[1, 2, 3, 4, 5, 6, 5, 4, 6, 4, 6, 5, 6, 12, 6, 5, 6, 5, 7, 5, 2, 6, 7, 5, 6, 7, 6, 7, 8, 7, 8, 5, 4, 8, 7, 6, 7, 8, 6, 14, 15, 16, 17, 18, 17, 9, 8, 6, 5, 4, 6, 4, 3, 1, 7, 6, 5, 6, 7, 5, 6, 4, 7, 6, 4, 8, 7, 8, 6, 7, 9, 14, 17, 16, 17, 16, 15, 16, 15, 17, 16, 8, 6, 7, 9, 8, 5, 4, 2, 17, 15, 16, 17, 15, 16, 17, 16, 17, 15, 16, 15, 16, 15, 16, 9, 16, 9, 6, 16, 9, 6, 5, 7, 6, 8, 7, 16, 17, 16, 8, 10, 6, 16, 15, 16, 9, 5, 16, 15, 16, 7, 9, 8, 6, 9, 7, 6, 9, 16, 15, 17, 16, 15, 16, 17, 16, 15, 16, 15, 16]","[1, 2, 3, 4, 5, 6, 5, 4, 6, 4, 6, 5, 6, 12, 6, 5, 6, 5, 7, 5, 2, 6, 7, 5, 6, 7, 6, 7, 8, 7, 8, 5, 4, 8, 7, 6, 7, 8, 6, 14, 15, 16, 17, 18, 17, 9, 8, 6, 5, 4, 6, 4, 3, 1, 7, 6, 5, 6, 7, 5, 6, 4, 7, 6, 4, 8, 7, 8, 6, 7, 9, 14, 17, 16, 17, 16, 15, 16, 15, 17, 16, 8, 6, 7, 9, 8, 5, 4, 2, 17, 15, 16, 17, 15, 16, 17, 16, 17, 15, 16, 15, 16, 15, 16, 9, 16, 9, 6, 16, 9, 6, 5, 7, 6, 8, 7, 16, 17, 16, 8, 10, 6, 16, 15, 16, 9, 5, 16, 15, 16, 7, 9, 8, 6, 9, 7, 6, 9, 16, 15, 17, 16, 15, 16, 17, 16, 15, 16, 15, 16]"
782b7c64,Task3CM,CM,0,0,0,0,0,0,0,0,0,0,0,0,-167,-85,-30,14,14,5,-167,-85,-30,14,14,5,"[9, 4, 0, 1, 3, 4, 5, 6, 7, 10, 14, 15, 14, 9, 0, 1, 0, 1, 0, 1, 2, 1, 2, 4, 2, 3, 0, 4, 3, 4, 0, 2, 1, 2, 1, 0, 2, 3, 2, 3, 1, 3, 6, 3, 2, 3, 6, 3, 1, 3, 4, 3, 2, 3, 4, 3, 4, 3, 2, 0, 3, 1, 0, 3, 2, 3, 2, 3, 5, 8, 7, 11, 6, 4, 3, 4, 3, 1, 4, 5, 4, 3, 4, 5, 3, 1, 2, 1, 0, 3, 14, 5, 3, 4, 3, 4, 5, 4, 5, 4, 6, 4, 3, 8, 7, 3, 7, 5, 2, 3, 2, 7, 4, 7, 3, 4, 5, 4, 3, 6, 7, 4, 5, 4, 3, 6, 7, 4, 2, 8, 5, 4, 5, 6, 5, 0, 1, 6, 3, 4, 3, 4, 3, 7, 3, 5, 6, 5, 7, 9, 10, 5, 4, 5, 7, 14, 6, 14, 6, 5, 7, 15, 7, 9, 7, 8, 6, 14, 5, 6, 14, 12, 6, 4, 3, 4, 12, 4, 7, 9, 5, 7, 14, 16, 4, 5, 15, 6, 3, 4, 3, 6, 7, 14, 7, 6, 5, 14, 4, 3, 7, 14, 6, 5, 4, 6, 14, 4, 5, 6, 14, 6, 15, 9, 8, 10]","[9, 4, 0, 1, 3, 4, 5, 6, 7, 10, 14, 15, 14, 9, 0, 1, 0, 1, 0, 1, 2, 1, 2, 4, 2, 3, 0, 4, 3, 4, 0, 2, 1, 2, 1, 0, 2, 3, 2, 3, 1, 3, 6, 3, 2, 3, 6, 3, 1, 3, 4, 3, 2, 3, 4, 3, 4, 3, 2, 0, 3, 1, 0, 3, 2, 3, 2, 3, 5, 8, 7, 11, 6, 4, 3, 4, 3, 1, 4, 5, 4, 3, 4, 5, 3, 1, 2, 1, 0, 3, 14, 5, 3, 4, 3, 4, 5, 4, 5, 4, 6, 4, 3, 8, 7, 3, 7, 5, 2, 3, 2, 7, 4, 7, 3, 4, 5, 4, 3, 6, 7, 4, 5, 4, 3, 6, 7, 4, 2, 8, 5, 4, 5, 6, 5, 0, 1, 6, 3, 4, 3, 4, 3, 7, 3, 5, 6, 5, 7, 9, 10, 5, 4, 5, 7, 14, 6, 14, 6, 5, 7, 15, 7, 9, 7, 8, 6, 14, 5, 6, 14, 12, 6, 4, 3, 4, 12, 4, 7, 9, 5, 7, 14, 16, 4, 5, 15, 6, 3, 4, 3, 6, 7, 14, 7, 6, 5, 14, 4, 3, 7, 14, 6, 5, 4, 6, 14, 4, 5, 6, 14, 6, 15, 9, 8, 10]"
4d750b0b,Task3CM,CM,0,0,0,0,0,0,0,0,0,0,0,0,-220,-143,-90,16,63,7,-220,-143,-90,16,63,7,"[9, 2, 0, 7, 1, 7, 2, 12, 17, 2, 5, 1, 0, 1, 5, 0, 1, 2, 4, 2, 1, 2, 4, 2, 3, 4, 3, 1, 0, 3, 4, 5, 3, 4, 3, 12, 4, 3, 5, 4, 3, 4, 5, 4, 5, 4, 5, 4, 5, 3, 4, 5, 4, 5, 6, 7, 6, 9, 6, 7, 5, 6, 5, 4, 3, 6, 3, 4, 3, 5, 4, 3, 4, 3, 5, 2, 12, 14, 4, 3, 4, 5, 4, 3, 4, 7, 6, 8, 7, 3, 2, 7, 6, 3, 9, 7, 6, 4, 14, 5, 3, 12, 3, 9, 12, 4, 3, 4, 7, 6, 4, 14, 12, 4, 9, 12, 4, 5, 4, 8, 5, 9, 5, 9, 4, 5, 4, 5, 8, 6, 7, 12, 7, 4, 5, 4, 5, 7, 4, 0, 4, 5, 4, 3, 4, 3, 6, 7, 4, 5, 4, 7, 4, 5, 6, 4, 6, 3, 4, 3, 6, 5, 4, 6, 16, 4, 3, 4, 7, 12, 4, 6, 4, 6, 7, 12, 6, 15, 14, 6, 5, 4, 7, 5, 3, 4, 6, 5, 7, 6, 5, 17, 6, 4, 6, 9, 4, 15, 14, 15, 14, 15, 14, 15, 3, 5, 4, 16, 5, 15, 14, 15, 14, 16, 14, 16, 15, 16, 15, 14, 15, 14, 16, 14, 3, 17, 14, 15, 14, 15, 14, 15, 14, 9, 5, 4, 14, 6, 4, 3, 14, 15, 14, 15, 14, 15, 12, 14, 15, 14, 17, 14, 17, 15, 14, 15, 14, 12, 14, 15, 14, 16, 15, 14, 15, 14, 15, 14, 7, 4, 7, 4, 6, 7, 6, 5, 15, 14, 9]","[9, 2, 0, 7, 1, 7, 2, 12, 17, 2, 5, 1, 0, 1, 5, 0, 1, 2, 4, 2, 1, 2, 4, 2, 3, 4, 3, 1, 0, 3, 4, 5, 3, 4, 3, 12, 4, 3, 5, 4, 3, 4, 5, 4, 5, 4, 5, 4, 5, 3, 4, 5, 4, 5, 6, 7, 6, 9, 6, 7, 5, 6, 5, 4, 3, 6, 3, 4, 3, 5, 4, 3, 4, 3, 5, 2, 12, 14, 4, 3, 4, 5, 4, 3, 4, 7, 6, 8, 7, 3, 2, 7, 6, 3, 9, 7, 6, 4, 14, 5, 3, 12, 3, 9, 12, 4, 3, 4, 7, 6, 4, 14, 12, 4, 9, 12, 4, 5, 4, 8, 5, 9, 5, 9, 4, 5, 4, 5, 8, 6, 7, 12, 7, 4, 5, 4, 5, 7, 4, 0, 4, 5, 4, 3, 4, 3, 6, 7, 4, 5, 4, 7, 4, 5, 6, 4, 6, 3, 4, 3, 6, 5, 4, 6, 16, 4, 3, 4, 7, 12, 4, 6, 4, 6, 7, 12, 6, 15, 14, 6, 5, 4, 7, 5, 3, 4, 6, 5, 7, 6, 5, 17, 6, 4, 6, 9, 4, 15, 14, 15, 14, 15, 14, 15, 3, 5, 4, 16, 5, 15, 14, 15, 14, 16, 14, 16, 15, 16, 15, 14, 15, 14, 16, 14, 3, 17, 14, 15, 14, 15, 14, 15, 14, 9, 5, 4, 14, 6, 4, 3, 14, 15, 14, 15, 14, 15, 12, 14, 15, 14, 17, 14, 17, 15, 14, 15, 14, 12, 14, 15, 14, 16, 15, 14, 15, 14, 15, 14, 7, 4, 7, 4, 6, 7, 6, 5, 15, 14, 9]"
1ce913d5,Task3CP,CP,-81,-66,-59,4,-47,2,-81,-66,-64,4,-42,2,-111,-81,-66,6,-43,3,-89,-56,-28,8,-4,3,"[14, 9, 14, 2, 0, 2, 0, 2, 1, 3, 5, 3, 7, 5, 2, 5, 4, 2, 4, 6, 4, 2, 4, 7, 5, 1, 0, 3, 1, 0, 2, 4, 5, 7, 9, 3, 7, 5, 4, 1, 3, 0, 3, 1, 0, 5, 7, 5, 4, 6, 5, 6, 3, 9, 7, 5, 6, 5, 6, 4, 6, 5, 6, 5, 6, 5, 7, 5, 3, 7, 10, 8, 7, 8, 5, 9, 7, 9, 7, 10, 11, 8, 10, 5, 7, 9, 7, 5, 9, 7, 5, 1, 4, 5, 9, 7, 9, 7, 5, 7, 9, 7, 3, 7, 8, 10, 11, 10, 11, 9, 14, 12, 9, 14, 9, 12, 3, 4, 11, 10, 9, 12, 14, 11, 13, 12, 14, 5, 7, 1, 0, 2, 14, 12, 14, 16, 17, 24, 25, 24, 22, 24, 0, 3, 1, 19, 16, 14, 19, 20, 19, 17, 22, 25, 24, 21, 22, 25, 24, 25]","[8, 5, 8, 1, 0, 1, 0, 1, 2, 3, 2, 4, 3, 1, 3, 2, 1, 2, 3, 2, 1, 2, 4, 3, 1, 0, 2, 1, 0, 1, 2, 3, 4, 5, 2, 4, 3, 2, 1, 2, 0, 2, 1, 0, 3, 4, 3, 2, 3, 2, 5, 4, 3, 2, 3, 4, 3, 2, 4, 5, 4, 3, 5, 4, 5, 4, 5, 6, 4, 5, 3, 4, 5, 4, 3, 5, 4, 3, 1, 2, 3, 5, 4, 5, 4, 3, 4, 5, 4, 2, 4, 5, 6, 5, 6, 5, 8, 7, 5, 8, 5, 7, 2, 6, 5, 7, 8, 6, 7, 8, 3, 4, 1, 0, 1, 8, 7, 8, 9, 10, 15, 16, 15, 13, 15, 0, 2, 1, 11, 9, 8, 11, 12, 11, 10, 13, 16, 15, 13, 16, 15, 16]"
9679a6e6,Task3CP,CP,-156,-116,-95,5,-78,3,-161,-126,-114,4,-93,3,-191,-146,-114,9,-108,3,-177,-119,-55,10,-15,5,"[7, 0, 1, 0, 1, 24, 17, 2, 0, 2, 0, 1, 4, 7, 3, 24, 5, 25, 1, 3, 2, 3, 4, 2, 4, 3, 4, 6, 4, 6, 4, 5, 4, 7, 5, 7, 5, 6, 5, 7, 5, 7, 5, 8, 5, 8, 6, 8, 6, 5, 9, 7, 5, 7, 5, 4, 7, 12, 7, 5, 7, 5, 7, 11, 9, 7, 9, 10, 5, 8, 6, 8, 6, 5, 7, 8, 10, 8, 10, 8, 10, 8, 10, 8, 10, 8, 10, 8, 10, 11, 10, 11, 10, 11, 10, 11, 10, 8, 5, 3, 12, 7, 10, 12, 14, 13, 2, 0, 1, 7, 21, 14, 13, 14, 17, 19, 17, 16, 17, 19, 17, 14, 16, 12, 14, 12, 14, 9, 7, 5, 1, 5, 9, 12, 14, 13, 2, 0, 3, 5, 7, 5, 7, 23, 21, 9, 14, 12, 9, 7, 12, 21, 14, 12, 24, 14, 12, 11, 12, 11, 12, 11, 14, 12, 16, 12, 21, 12, 13, 11, 7, 5, 3, 5, 22, 12, 11, 7, 9, 7, 9, 14, 11, 14, 21, 24, 25, 16, 17, 24, 9, 12, 5, 9, 24, 13, 17, 22, 7, 25, 24, 25, 24, 26, 24, 17, 14, 11, 13, 11, 10, 11, 10, 11, 13, 10, 14, 13, 4, 18, 14, 22, 25, 21, 11, 22, 26, 25, 24, 25, 18, 22, 18, 12, 10, 11, 24, 18, 24, 26, 24, 18, 16, 14, 18]","[4, 0, 1, 0, 1, 15, 10, 1, 0, 1, 0, 1, 2, 4, 2, 15, 3, 16, 1, 2, 1, 2, 1, 2, 3, 2, 3, 2, 3, 2, 4, 3, 4, 3, 4, 3, 4, 3, 4, 3, 4, 3, 4, 3, 5, 4, 3, 4, 3, 2, 4, 7, 4, 3, 4, 3, 4, 6, 5, 4, 5, 3, 4, 3, 4, 3, 4, 5, 4, 5, 4, 5, 4, 5, 4, 5, 4, 5, 4, 5, 6, 5, 6, 5, 6, 5, 6, 5, 4, 3, 2, 7, 4, 5, 7, 8, 7, 1, 0, 1, 4, 13, 8, 7, 8, 10, 11, 10, 9, 10, 11, 10, 8, 9, 7, 8, 7, 8, 5, 4, 3, 1, 3, 5, 7, 8, 7, 1, 0, 2, 3, 4, 3, 4, 14, 13, 5, 8, 7, 5, 4, 7, 13, 8, 7, 15, 8, 7, 6, 7, 6, 7, 6, 8, 7, 9, 7, 13, 7, 6, 4, 3, 2, 3, 13, 7, 6, 4, 5, 4, 5, 8, 6, 8, 13, 15, 16, 9, 10, 15, 5, 7, 3, 5, 15, 7, 10, 13, 4, 16, 15, 16, 15, 17, 15, 10, 8, 6, 7, 6, 5, 6, 5, 6, 7, 5, 8, 7, 2, 10, 8, 13, 16, 13, 6, 13, 17, 16, 15, 16, 10, 13, 10, 7, 5, 6, 15, 10, 15, 17, 15, 10, 9, 8, 10]"
625d844e,Task3CP,CP,-289,-209,-128,10,-92,4,-289,-199,-137,9,-87,4,-324,-269,-193,10,-193,5,-284,-206,-58,18,31,8,"[11, 0, 1, 0, 2, 5, 18, 22, 24, 17, 16, 17, 9, 5, 3, 7, 5, 4, 2, 4, 3, 5, 3, 5, 1, 0, 5, 1, 3, 4, 2, 0, 4, 5, 3, 10, 14, 10, 4, 0, 4, 2, 5, 2, 4, 2, 4, 6, 7, 4, 2, 0, 8, 3, 1, 4, 6, 4, 5, 3, 4, 6, 5, 6, 7, 5, 8, 5, 8, 5, 6, 5, 8, 10, 8, 10, 8, 10, 8, 11, 10, 8, 10, 7, 3, 5, 6, 12, 11, 10, 5, 6, 5, 4, 5, 7, 5, 8, 7, 9, 3, 5, 3, 7, 10, 9, 11, 10, 13, 12, 10, 11, 5, 8, 10, 6, 2, 4, 13, 11, 10, 8, 10, 11, 13, 11, 10, 2, 1, 4, 1, 5, 11, 10, 6, 10, 8, 10, 11, 10, 11, 13, 11, 9, 11, 9, 13, 11, 13, 7, 10, 11, 13, 11, 9, 5, 7, 13, 10, 11, 8, 11, 10, 11, 7, 10, 4, 11, 13, 11, 14, 15, 14, 12, 14, 12, 9, 12, 11, 14, 11, 13, 14, 15, 14, 16, 14, 17, 19, 24, 5, 1, 7, 9, 7, 1, 0, 1, 5, 24, 3, 7, 8, 9, 5, 9, 7, 5, 7, 9, 7, 5, 7, 12, 14, 9, 14, 25, 7, 9, 7, 9, 7, 16, 9, 7, 24, 21, 9, 5, 9, 5, 7, 14, 12, 14, 12, 0, 1, 12, 7, 9, 14, 12, 16, 14, 13, 11, 14, 12, 11, 13, 12, 11, 12, 13, 12, 11, 5, 1, 11, 12, 14, 22, 21, 24, 12, 9, 5, 7, 12, 13, 11, 13, 11, 12, 14, 12, 14, 12, 14, 12, 11, 21, 12, 16, 22, 24, 22, 14, 24, 13, 11, 24, 22, 18, 14, 18, 14, 13, 10, 2, 0, 2, 0, 3, 7, 5, 7, 4, 2, 0, 2, 0, 10, 2, 4, 2, 4, 8, 5, 6, 8, 7, 8, 5, 8, 5, 6, 5, 6, 5, 6, 8, 10, 8, 10, 7, 5, 9, 5, 9, 11, 12, 11, 13, 9, 12, 13, 14, 17, 4, 2, 4, 6, 4, 6, 4, 6, 5, 4, 2, 1, 24, 16, 21, 22, 25, 22, 13, 11, 15, 18]","[6, 0, 1, 0, 1, 3, 10, 13, 15, 10, 9, 10, 5, 3, 2, 4, 3, 2, 1, 2, 3, 2, 3, 1, 0, 3, 1, 2, 1, 0, 2, 3, 2, 5, 8, 5, 2, 0, 2, 1, 3, 1, 2, 1, 2, 3, 4, 2, 1, 0, 4, 2, 1, 2, 3, 2, 3, 2, 3, 4, 3, 4, 3, 4, 3, 4, 5, 4, 5, 4, 5, 4, 6, 5, 4, 5, 4, 2, 3, 7, 6, 5, 3, 2, 3, 4, 3, 4, 5, 2, 3, 2, 4, 5, 6, 5, 7, 5, 6, 3, 4, 5, 3, 1, 2, 7, 6, 5, 4, 5, 6, 7, 6, 5, 1, 2, 1, 3, 6, 5, 3, 5, 4, 5, 6, 5, 6, 7, 6, 5, 6, 5, 7, 6, 7, 4, 5, 6, 7, 6, 5, 3, 4, 7, 5, 6, 4, 6, 5, 6, 4, 5, 2, 6, 7, 6, 8, 7, 8, 7, 5, 7, 6, 8, 6, 7, 8, 9, 8, 10, 11, 15, 3, 1, 4, 5, 4, 1, 0, 1, 3, 15, 2, 4, 5, 3, 5, 4, 3, 4, 5, 4, 3, 4, 7, 8, 5, 8, 16, 4, 5, 4, 5, 4, 9, 5, 4, 15, 13, 5, 3, 5, 3, 4, 8, 7, 8, 7, 0, 1, 7, 4, 5, 8, 7, 9, 8, 7, 6, 8, 7, 6, 7, 6, 7, 6, 3, 1, 6, 7, 8, 13, 15, 7, 5, 3, 4, 7, 6, 7, 6, 7, 8, 7, 8, 7, 8, 7, 6, 13, 7, 9, 13, 15, 13, 8, 15, 7, 6, 15, 13, 10, 8, 10, 8, 7, 5, 1, 0, 1, 0, 2, 4, 3, 4, 2, 1, 0, 1, 0, 5, 1, 2, 1, 2, 4, 3, 4, 3, 4, 3, 4, 5, 4, 5, 4, 3, 5, 3, 5, 6, 7, 6, 7, 5, 7, 8, 10, 2, 1, 2, 3, 2, 3, 2, 3, 2, 1, 15, 9, 13, 16, 13, 7, 6, 8, 10]"
1de0f518,Task3CP,CP,-397,-307,-217,11,-181,5,-397,-297,-217,11,-186,5,-417,-347,-190,19,-168,7,-397,-299,-84,22,-56,9,"[12, 24, 25, 24, 0, 1, 0, 1, 0, 2, 0, 19, 0, 16, 20, 25, 14, 19, 0, 19, 25, 17, 14, 0, 19, 0, 1, 3, 1, 3, 2, 1, 3, 1, 5, 3, 0, 4, 5, 3, 2, 5, 1, 5, 0, 5, 1, 3, 5, 0, 5, 7, 1, 3, 4, 5, 9, 5, 3, 5, 4, 5, 1, 5, 1, 2, 4, 5, 7, 1, 5, 17, 5, 3, 9, 5, 9, 1, 3, 1, 2, 4, 1, 0, 1, 5, 4, 3, 2, 0, 3, 2, 1, 14, 0, 2, 3, 4, 5, 24, 25, 24, 12, 14, 5, 17, 18, 13, 11, 10, 19, 16, 25, 24, 17, 9, 1, 4, 5, 9, 7, 3, 7, 0, 1, 14, 9, 5, 12, 14, 9, 7, 5, 9, 5, 3, 7, 5, 9, 12, 14, 12, 3, 5, 7, 3, 7, 5, 0, 3, 5, 9, 12, 14, 5, 12, 5, 12, 14, 16, 17, 3, 5, 3, 5, 7, 5, 24, 5, 9, 7, 5, 9, 26, 5, 9, 11, 10, 14, 7, 1, 9, 14, 12, 3, 16, 19, 9, 3, 1, 3, 4, 5, 4, 24, 7, 9, 0, 11, 0, 12, 11, 13, 11, 10, 11, 9, 3, 5, 11, 7, 11, 7, 5, 11, 9, 13, 11, 9, 5, 4, 9, 11, 4, 0, 9, 7, 5, 4, 3, 2, 14, 11, 13, 11, 12, 17, 19, 7, 9, 12, 9, 14, 13, 15, 24, 25, 24, 9, 12, 7, 1, 0, 12, 11, 14, 18, 9, 12, 9, 5, 7, 5, 9, 14, 18, 14, 7, 9, 7, 5, 7, 5, 6, 5, 6, 12, 9, 1, 0, 9, 5, 9, 12, 14, 12, 14, 19, 12, 7, 14, 19, 5, 9, 11, 13, 14, 0, 2, 4, 21, 5, 14, 13, 0, 14, 16, 19, 12, 3, 5, 14, 21, 24, 18, 2, 0, 9, 10, 8, 10, 8, 11, 13, 14, 7, 9, 0, 5, 4, 5, 8, 5, 4, 2, 4, 5, 6, 10, 8, 10, 7, 10, 8, 5, 8, 6, 8, 10, 9, 3, 0, 3, 18, 2, 4, 5, 7, 9, 12, 11, 1, 12, 14, 9, 5, 1, 12, 11, 9, 11, 7, 9, 5, 12, 14, 13, 10, 13, 11, 9, 14, 16, 18, 19, 14, 20, 14, 17, 24, 22, 17, 19, 12, 14, 19, 9, 3, 0, 1, 14, 11, 5, 1, 12, 7, 16, 14, 11, 4, 5, 3, 14, 12, 11, 12, 22, 3, 7, 0, 2, 19, 1, 0, 7, 0, 16, 10, 5, 4, 12, 14, 19, 9, 19, 18, 19, 11, 13, 14, 19, 9, 1, 0, 16, 19, 18, 12, 11, 13, 11, 17, 19, 0, 19, 7, 14, 12, 11, 25, 24, 13, 14, 13, 2, 18]","[7, 15, 16, 15, 0, 1, 0, 1, 0, 1, 0, 11, 0, 9, 12, 16, 8, 11, 0, 11, 16, 10, 8, 0, 11, 0, 1, 2, 1, 2, 1, 2, 1, 3, 2, 0, 2, 3, 2, 1, 3, 1, 3, 0, 3, 1, 2, 3, 0, 3, 4, 1, 2, 3, 5, 3, 2, 3, 2, 3, 1, 3, 1, 2, 3, 4, 1, 3, 10, 3, 2, 5, 3, 5, 1, 2, 1, 2, 1, 0, 1, 3, 2, 1, 0, 2, 1, 8, 0, 1, 2, 3, 15, 16, 15, 7, 8, 3, 10, 7, 6, 5, 11, 9, 16, 15, 10, 5, 1, 2, 3, 5, 4, 2, 4, 0, 1, 8, 5, 3, 7, 8, 5, 4, 3, 5, 3, 2, 4, 3, 5, 7, 8, 7, 2, 3, 4, 2, 4, 3, 0, 2, 3, 5, 7, 8, 3, 7, 3, 7, 8, 9, 10, 2, 3, 2, 3, 4, 3, 15, 3, 5, 4, 3, 5, 17, 3, 5, 6, 5, 8, 4, 1, 5, 8, 7, 2, 9, 11, 5, 2, 1, 2, 3, 2, 15, 4, 5, 0, 6, 0, 7, 6, 7, 6, 5, 6, 5, 2, 3, 6, 4, 6, 4, 3, 6, 5, 7, 6, 5, 3, 2, 5, 6, 2, 0, 5, 4, 3, 2, 1, 8, 6, 7, 6, 7, 10, 11, 4, 5, 7, 5, 8, 7, 8, 15, 16, 15, 5, 7, 4, 1, 0, 7, 6, 8, 10, 5, 7, 5, 3, 4, 3, 5, 8, 10, 8, 4, 5, 4, 3, 4, 3, 7, 5, 1, 0, 5, 3, 5, 7, 8, 7, 8, 11, 7, 4, 8, 11, 3, 5, 6, 7, 8, 0, 1, 2, 13, 3, 8, 7, 0, 8, 9, 11, 7, 2, 3, 8, 13, 15, 10, 1, 0, 5, 4, 5, 4, 6, 7, 8, 4, 5, 0, 3, 2, 3, 4, 3, 2, 1, 2, 3, 5, 4, 5, 4, 5, 4, 3, 4, 3, 4, 5, 2, 0, 2, 10, 1, 2, 3, 4, 5, 7, 6, 1, 7, 8, 5, 3, 1, 7, 6, 5, 6, 4, 5, 3, 7, 8, 7, 5, 7, 6, 5, 8, 9, 10, 11, 8, 12, 8, 10, 15, 13, 10, 11, 7, 8, 11, 5, 2, 0, 1, 8, 6, 3, 1, 7, 4, 9, 8, 6, 2, 3, 2, 8, 7, 6, 7, 13, 2, 4, 0, 1, 11, 1, 0, 4, 0, 9, 5, 3, 2, 7, 8, 11, 5, 11, 10, 11, 6, 7, 8, 11, 5, 1, 0, 9, 11, 10, 7, 6, 7, 6, 10, 11, 0, 11, 4, 8, 7, 6, 16, 15, 7, 8, 7, 1, 10]"
1d1071e4,Task3CP,CP,-470,-415,-292,13,-260,6,-475,-415,-321,12,-265,6,-510,-440,-283,19,-236,7,-482,-404,-169,27,-116,9,"[18, 14, 11, 10, 24, 21, 24, 25, 24, 25, 24, 0, 24, 25, 24, 1, 0, 3, 2, 4, 2, 0, 2, 0, 1, 2, 4, 2, 0, 3, 5, 3, 5, 3, 5, 7, 5, 4, 6, 4, 5, 3, 1, 3, 18, 2, 5, 6, 4, 1, 3, 7, 9, 5, 3, 5, 9, 7, 5, 7, 5, 7, 9, 7, 5, 7, 3, 5, 25, 24, 21, 24, 7, 9, 7, 9, 7, 4, 5, 1, 7, 9, 12, 9, 12, 5, 1, 3, 1, 2, 4, 12, 14, 12, 14, 16, 14, 12, 16, 9, 12, 19, 12, 13, 11, 14, 12, 14, 9, 7, 5, 1, 5, 4, 2, 4, 2, 4, 2, 4, 2, 3, 4, 6, 4, 2, 4, 12, 8, 10, 5, 4, 6, 8, 6, 5, 3, 5, 8, 6, 4, 5, 6, 8, 6, 8, 6, 8, 10, 7, 5, 11, 10, 11, 8, 10, 8, 10, 11, 10, 8, 10, 11, 10, 11, 14, 11, 13, 14, 22, 26, 24, 25, 24, 9, 5, 3, 5, 7, 12, 9, 12, 9, 12, 11, 10, 11, 12, 14, 16, 14, 17, 14, 12, 9, 7, 5, 3, 12, 14, 17, 14, 5, 4, 5, 4, 2, 14, 5, 19, 16, 12, 14, 12, 10, 12, 13, 7, 9, 12, 14, 12, 14, 11, 13, 3, 5, 4, 2, 4, 5, 4, 6, 8, 10, 5, 6, 3, 2, 4, 5, 14, 16, 14, 16, 18, 14, 15, 14, 15, 14, 18, 16, 17, 14, 15, 18, 14, 5, 14, 12, 7, 9, 7, 5, 7, 5, 7, 16, 22, 24, 14, 7, 9, 7, 9, 12, 14, 12, 14, 17, 14, 17, 14, 12, 14, 13, 14, 5, 3, 5, 3, 5, 7, 24, 7, 12, 7, 5, 7, 17, 21, 24, 22, 9, 12, 14, 7, 14, 9, 7, 5, 24, 12, 17, 24, 27, 26, 25, 24, 12, 5, 7, 5, 7, 9, 7, 25, 24, 7, 5, 24, 7, 5, 7, 24, 25, 24, 9, 5, 7, 9, 14, 16, 14, 9, 7, 14, 17, 14, 9, 7, 5, 14, 25, 16, 14, 24, 25, 24, 9, 5, 9, 7, 14, 7, 9, 12, 14, 9, 5, 19, 17, 12, 9, 4, 2, 4, 5, 3, 4, 5, 14, 15, 19, 14, 9, 14, 17, 5, 4, 5, 16, 19, 16, 12, 14, 12, 1, 12, 10, 11, 10, 11, 10, 8, 4, 5, 6, 8, 6, 8, 11, 8, 10, 8, 10, 22, 8, 6, 5, 6, 5, 14, 7, 5, 9, 3, 1, 2, 4, 2, 4, 6, 4, 2, 12, 9, 12, 9, 12, 9, 7, 9, 14, 16, 17, 19, 17, 16, 14, 16, 9, 14, 9, 14, 21, 24, 18, 14, 18, 24, 26, 25, 24, 25, 24, 25, 24, 14, 19, 14, 12, 14, 12, 9, 3, 0, 11, 13, 14, 11, 13, 18, 13, 11, 13, 12, 24, 14, 11, 17, 24, 14, 11, 12, 11, 10, 12, 13, 11, 17, 12, 14, 11, 13, 15, 13, 11, 13, 11, 13, 11, 13, 11, 14, 11, 13, 11, 13, 12, 14, 13, 14, 12, 14, 20, 19, 14, 19, 13, 14, 13, 14, 5, 11, 24, 25, 24, 13, 14, 13, 14, 11, 13, 11, 13, 14, 13, 17, 14, 24, 14, 13, 14, 22, 16, 17, 14, 17, 24, 14, 17, 24]","[10, 8, 6, 5, 15, 13, 15, 16, 15, 16, 15, 0, 15, 16, 15, 1, 0, 2, 1, 2, 1, 0, 1, 0, 1, 2, 1, 0, 2, 3, 2, 3, 2, 3, 4, 3, 2, 3, 2, 3, 2, 1, 2, 10, 1, 3, 2, 1, 2, 4, 5, 3, 2, 3, 5, 4, 3, 4, 3, 4, 5, 4, 3, 4, 2, 3, 16, 15, 13, 15, 4, 5, 4, 5, 4, 2, 3, 1, 4, 5, 7, 5, 7, 3, 1, 2, 1, 2, 7, 8, 7, 8, 9, 8, 7, 9, 5, 7, 11, 7, 6, 8, 7, 8, 5, 4, 3, 1, 3, 2, 1, 2, 1, 2, 1, 2, 1, 2, 3, 2, 1, 2, 7, 4, 5, 3, 2, 3, 4, 3, 2, 3, 4, 3, 2, 3, 4, 3, 4, 3, 4, 5, 4, 3, 6, 5, 6, 4, 5, 4, 5, 6, 5, 4, 5, 6, 5, 6, 8, 6, 7, 8, 13, 17, 15, 16, 15, 5, 3, 2, 3, 4, 7, 5, 7, 5, 7, 6, 5, 6, 7, 8, 9, 8, 10, 8, 7, 5, 4, 3, 2, 7, 8, 10, 8, 3, 2, 3, 2, 1, 8, 3, 11, 9, 7, 8, 7, 5, 7, 4, 5, 7, 8, 7, 8, 6, 7, 2, 3, 2, 1, 2, 3, 2, 3, 4, 5, 3, 2, 1, 2, 3, 8, 9, 8, 9, 10, 8, 10, 9, 10, 8, 10, 8, 3, 8, 7, 4, 5, 4, 3, 4, 3, 4, 9, 13, 15, 8, 4, 5, 4, 5, 7, 8, 7, 8, 10, 8, 10, 8, 7, 8, 7, 8, 3, 2, 3, 2, 3, 4, 15, 4, 7, 4, 3, 4, 10, 13, 15, 13, 5, 7, 8, 4, 8, 5, 4, 3, 15, 7, 10, 15, 18, 17, 16, 15, 7, 3, 4, 3, 4, 5, 4, 16, 15, 4, 3, 15, 4, 3, 4, 15, 16, 15, 5, 3, 4, 5, 8, 9, 8, 5, 4, 8, 10, 8, 5, 4, 3, 8, 16, 9, 8, 15, 16, 15, 5, 3, 5, 4, 8, 4, 5, 7, 8, 5, 3, 11, 10, 7, 5, 2, 1, 2, 3, 2, 3, 8, 11, 8, 5, 8, 10, 3, 2, 3, 9, 11, 9, 7, 8, 7, 1, 7, 5, 6, 5, 6, 5, 4, 2, 3, 4, 3, 4, 6, 4, 5, 4, 5, 13, 4, 3, 8, 4, 3, 5, 2, 1, 2, 1, 2, 3, 2, 1, 7, 5, 7, 5, 7, 5, 4, 5, 8, 9, 10, 11, 10, 9, 8, 9, 5, 8, 5, 8, 13, 15, 10, 8, 10, 15, 17, 16, 15, 16, 15, 16, 15, 8, 11, 8, 7, 8, 7, 5, 2, 0, 6, 7, 8, 6, 7, 10, 7, 6, 7, 15, 8, 6, 10, 15, 8, 6, 7, 6, 5, 7, 6, 10, 7, 8, 6, 7, 8, 7, 6, 7, 6, 7, 6, 7, 6, 8, 6, 7, 6, 7, 8, 7, 8, 7, 8, 12, 11, 8, 11, 7, 8, 7, 8, 3, 6, 15, 16, 15, 7, 8, 7, 8, 6, 7, 6, 7, 8, 7, 10, 8, 15, 8, 7, 8, 13, 9, 10, 8, 10, 15, 8, 10, 15]"
cb039d67,Task3CP,CP,-308,-228,-107,10,-121,4,-303,-233,-126,9,-136,4,-338,-278,-106,14,-147,5,-314,-241,-42,20,-81,6,"[9, 7, 9, 24, 25, 24, 25, 0, 1, 0, 21, 24, 25, 24, 0, 7, 4, 2, 0, 22, 2, 0, 4, 2, 0, 5, 3, 1, 4, 6, 4, 3, 4, 0, 3, 5, 6, 17, 19, 24, 10, 5, 3, 0, 1, 5, 4, 6, 7, 5, 7, 5, 3, 5, 8, 10, 5, 10, 11, 10, 7, 5, 8, 5, 8, 6, 8, 7, 8, 7, 3, 5, 3, 5, 7, 8, 11, 10, 11, 10, 9, 12, 13, 1, 3, 1, 0, 12, 11, 13, 14, 0, 3, 11, 13, 15, 17, 21, 24, 25, 24, 1, 4, 12, 24, 3, 1, 0, 1, 0, 4, 2, 6, 4, 6, 2, 1, 3, 4, 5, 3, 5, 9, 5, 7, 3, 2, 4, 2, 3, 7, 3, 7, 9, 12, 7, 3, 1, 7, 5, 3, 1, 0, 4, 7, 5, 9, 7, 9, 5, 4, 5, 12, 14, 16, 14, 12, 14, 16, 14, 12, 9, 3, 1, 5, 7, 5, 7, 9, 12, 13, 14, 12, 14, 17, 14, 16, 14, 16, 12, 1, 0, 1, 7, 9, 12, 1, 3, 1, 7, 5, 0, 4, 12, 11, 12, 9, 12, 13, 11, 13, 14, 16, 9, 7, 14, 16, 19, 16, 14, 19, 17, 24, 16, 7, 5, 14, 16, 17, 14, 16, 14, 16, 14, 16, 1, 5, 3, 14, 24, 25, 26, 25, 26, 25, 24, 25, 16, 17, 3, 1, 3, 1, 0, 14, 9, 5, 3, 5, 4, 5, 4, 2, 0, 4, 22, 24, 7, 5, 6, 3, 5, 8, 10, 7, 10, 11, 10, 7, 5, 7, 8, 9, 7, 5, 10, 11, 10, 9, 11, 9, 7, 9, 2, 0, 3, 0, 3, 2, 12, 10, 11, 13, 15, 12, 1, 12, 13, 11, 13, 11, 9, 3, 5, 11, 13, 14, 24, 12, 14, 13, 14, 16, 14, 17, 24, 25, 21, 24, 17, 5, 1, 24, 25, 1, 0, 3, 19, 24, 3, 1, 4, 2, 4, 3, 1, 3, 5, 7, 2, 4, 2, 4, 2, 4, 2, 3, 2, 5, 2, 0, 3, 5, 9, 7, 3, 7, 12, 24, 18, 24, 18, 25, 17, 14, 24, 25, 24, 5, 1, 2, 21, 24, 25, 19, 24, 25, 16, 17, 24, 21, 12, 13, 11, 14, 16, 17]","[5, 4, 5, 15, 16, 15, 16, 0, 1, 0, 13, 15, 16, 15, 0, 4, 2, 1, 0, 13, 1, 0, 2, 1, 0, 3, 2, 1, 2, 3, 2, 0, 2, 3, 10, 11, 15, 5, 3, 2, 0, 1, 3, 2, 3, 4, 3, 4, 3, 2, 3, 4, 5, 3, 5, 6, 5, 4, 3, 4, 3, 4, 3, 4, 2, 3, 2, 3, 4, 6, 5, 6, 5, 7, 1, 2, 1, 0, 7, 6, 7, 8, 0, 2, 6, 7, 8, 10, 13, 15, 16, 15, 1, 2, 7, 15, 2, 1, 0, 1, 0, 2, 1, 3, 2, 3, 1, 2, 3, 2, 3, 5, 3, 4, 2, 1, 2, 1, 2, 4, 2, 4, 5, 7, 4, 2, 1, 4, 3, 2, 1, 0, 2, 4, 3, 5, 4, 5, 3, 2, 3, 7, 8, 9, 8, 7, 8, 9, 8, 7, 5, 2, 1, 3, 4, 3, 4, 5, 7, 8, 7, 8, 10, 8, 9, 8, 9, 7, 1, 0, 1, 4, 5, 7, 1, 2, 1, 4, 3, 0, 2, 7, 6, 7, 5, 7, 6, 7, 8, 9, 5, 4, 8, 9, 11, 9, 8, 11, 10, 15, 9, 4, 3, 8, 9, 10, 8, 9, 8, 9, 8, 9, 1, 3, 2, 8, 15, 16, 17, 16, 17, 16, 15, 16, 9, 10, 2, 1, 2, 1, 0, 8, 5, 3, 2, 3, 2, 3, 2, 1, 0, 2, 13, 15, 4, 3, 2, 3, 4, 5, 4, 5, 6, 5, 4, 3, 4, 5, 4, 3, 5, 6, 5, 6, 5, 4, 5, 1, 0, 2, 0, 2, 1, 7, 5, 6, 7, 8, 7, 1, 7, 6, 7, 6, 5, 2, 3, 6, 7, 8, 15, 7, 8, 7, 8, 9, 8, 10, 15, 16, 13, 15, 10, 3, 1, 15, 16, 1, 0, 2, 11, 15, 2, 1, 2, 1, 2, 1, 2, 3, 4, 1, 2, 1, 2, 1, 2, 1, 2, 1, 3, 1, 0, 2, 3, 5, 4, 2, 4, 7, 15, 10, 15, 10, 16, 10, 8, 15, 16, 15, 3, 1, 13, 15, 16, 11, 15, 16, 9, 10, 15, 13, 7, 6, 8, 9, 10]"
5e4ae544,Task3CP,CP,-174,-129,-113,5,-76,3,-189,-144,-124,6,-86,3,-214,-174,-148,10,-121,3,-187,-134,-63,14,-4,6,"[18, 10, 5, 0, 2, 0, 2, 0, 1, 3, 2, 4, 1, 2, 4, 2, 4, 5, 3, 5, 7, 3, 5, 4, 9, 4, 3, 5, 4, 3, 4, 5, 7, 5, 7, 5, 7, 9, 7, 9, 7, 10, 5, 6, 8, 7, 8, 11, 8, 10, 7, 5, 4, 7, 9, 5, 7, 5, 1, 0, 4, 11, 10, 11, 10, 11, 10, 11, 9, 12, 4, 0, 1, 2, 0, 12, 18, 12, 4, 5, 7, 12, 13, 14, 11, 8, 10, 8, 10, 13, 10, 11, 12, 11, 9, 11, 13, 12, 13, 15, 18, 15, 14, 16, 14, 15, 13, 12, 16, 14, 15, 14, 16, 12, 16, 19, 14, 13, 11, 13, 12, 14, 19, 7, 5, 7, 14, 11, 13, 12, 11, 12, 13, 11, 14, 13, 7, 12, 11, 13, 11, 14, 11, 8, 4, 27, 24, 4, 5, 7, 9, 7, 21, 17, 9, 7, 9, 24, 3, 1, 21, 24, 17, 24, 7, 24, 7, 14, 3, 5, 24, 14, 24, 21, 12, 16, 5, 7, 14, 7, 21, 24, 21, 12, 24, 4, 5, 21, 9, 5, 9, 10, 13, 24, 25, 24, 14, 7, 11, 13, 12, 11, 13, 11, 14, 13, 14, 11, 12, 11, 24, 7, 12, 11, 12, 11, 7, 13, 11, 24, 11, 12, 14, 18, 11, 24, 12, 14, 11, 7, 13, 12, 11, 14, 13, 12, 14, 13, 21, 24, 13, 11, 21, 12, 18, 11, 10, 24, 8, 18, 24, 25, 24, 22, 24, 25, 24, 26, 14, 24, 13, 21, 24, 25, 24, 25, 24, 18]","[10, 5, 3, 0, 1, 0, 1, 0, 1, 2, 1, 2, 1, 2, 1, 2, 3, 2, 3, 4, 2, 3, 2, 5, 2, 3, 2, 3, 4, 3, 4, 3, 4, 5, 4, 5, 4, 5, 3, 4, 6, 4, 5, 4, 3, 2, 4, 5, 3, 4, 3, 1, 0, 2, 6, 5, 6, 5, 6, 5, 6, 5, 7, 2, 0, 1, 0, 7, 10, 7, 2, 3, 4, 7, 8, 6, 4, 5, 4, 5, 7, 5, 6, 7, 6, 5, 6, 7, 8, 10, 8, 9, 8, 7, 9, 8, 9, 7, 9, 11, 8, 7, 6, 7, 8, 11, 4, 3, 4, 8, 6, 7, 6, 7, 6, 8, 7, 4, 7, 6, 7, 6, 8, 6, 4, 2, 18, 15, 2, 3, 4, 5, 4, 13, 10, 5, 4, 5, 15, 2, 1, 13, 15, 10, 15, 4, 15, 4, 8, 2, 3, 15, 8, 15, 13, 7, 9, 3, 4, 8, 4, 13, 15, 13, 7, 15, 2, 3, 13, 5, 3, 5, 7, 15, 16, 15, 8, 4, 6, 7, 6, 7, 6, 8, 7, 8, 6, 7, 6, 15, 4, 7, 6, 7, 6, 4, 7, 6, 15, 6, 7, 8, 10, 6, 15, 7, 8, 6, 4, 7, 6, 8, 7, 8, 7, 13, 15, 7, 6, 13, 7, 10, 6, 5, 15, 4, 10, 15, 16, 15, 13, 15, 16, 15, 17, 8, 15, 7, 13, 15, 16, 15, 16, 15, 10]"
dfab1ede,Task3CP,CP,-310,-230,-182,8,-119,5,-310,-250,-193,9,-139,5,-350,-295,-191,12,-171,7,-316,-238,-91,21,-26,8,"[14, 13, 7, 0, 9, 0, 21, 17, 12, 0, 3, 1, 7, 9, 12, 9, 10, 9, 5, 1, 2, 3, 7, 0, 1, 0, 24, 17, 25, 13, 0, 1, 22, 24, 0, 1, 0, 2, 0, 1, 2, 3, 1, 3, 7, 9, 8, 10, 8, 10, 8, 7, 3, 17, 19, 24, 14, 7, 6, 4, 5, 4, 5, 1, 3, 4, 21, 7, 3, 4, 5, 9, 5, 3, 4, 2, 4, 5, 2, 4, 6, 4, 6, 5, 7, 5, 7, 8, 6, 8, 6, 5, 8, 6, 7, 4, 5, 8, 6, 8, 6, 4, 6, 4, 5, 3, 5, 3, 7, 3, 1, 5, 4, 5, 4, 2, 4, 7, 5, 7, 0, 1, 2, 9, 7, 9, 7, 5, 6, 4, 8, 7, 5, 7, 12, 14, 12, 7, 3, 5, 3, 21, 7, 9, 10, 22, 9, 1, 3, 0, 10, 9, 3, 11, 14, 11, 5, 3, 4, 0, 4, 0, 5, 1, 2, 4, 10, 5, 7, 5, 0, 7, 5, 12, 9, 5, 17, 22, 10, 11, 10, 11, 7, 10, 11, 14, 13, 11, 10, 11, 9, 12, 11, 12, 9, 7, 5, 9, 14, 11, 12, 14, 11, 3, 2, 9, 12, 14, 12, 0, 13, 10, 11, 12, 11, 10, 11, 7, 12, 3, 5, 22, 14, 12, 17, 18, 22, 16, 17, 14, 15, 14, 13, 15, 13, 14, 12, 24, 26, 24, 25, 2, 5, 9, 1, 7, 12, 9, 7, 9, 12, 9, 3, 12, 24, 12, 7, 3, 9, 2, 12, 14, 12, 14, 17, 12, 16, 17, 14, 12, 9, 10, 8, 7, 8, 11, 13, 11, 13, 11, 4, 14, 9, 10, 11, 10, 8, 10, 11, 10, 11, 10, 9, 7, 12, 22, 21, 9, 12, 14, 12, 7, 1, 5, 7, 5, 12, 7, 5, 12, 9, 12, 21, 14, 21, 12, 18, 14, 12, 14, 25, 13, 10, 11, 8, 10, 12, 9, 21, 12, 14, 19, 9, 17, 18, 14, 22, 21, 19, 17, 19, 24, 25, 13, 18, 15, 5, 18, 13, 14, 15, 16, 10, 0, 2, 25, 26, 24, 25, 14, 11, 18, 15, 13, 15, 7, 4, 11, 8, 6, 4, 8, 10, 13, 5, 1, 5, 9, 7, 10, 7, 10, 8, 10, 11, 12, 0, 1, 24, 16, 17, 12, 3, 7, 5, 4, 2, 4, 2, 24, 14, 12, 10, 11]","[8, 7, 4, 0, 5, 0, 13, 10, 7, 0, 2, 1, 4, 5, 7, 5, 3, 1, 2, 4, 0, 1, 0, 15, 10, 16, 7, 0, 1, 13, 15, 0, 1, 0, 1, 0, 1, 2, 1, 2, 4, 5, 4, 5, 4, 5, 4, 2, 10, 11, 15, 8, 4, 3, 2, 3, 2, 3, 1, 2, 13, 4, 2, 3, 5, 3, 2, 1, 2, 3, 1, 2, 3, 2, 3, 4, 3, 4, 3, 4, 3, 4, 3, 4, 2, 3, 4, 3, 4, 3, 2, 3, 2, 3, 2, 3, 2, 4, 2, 1, 3, 2, 3, 2, 1, 2, 4, 3, 4, 0, 1, 5, 4, 5, 4, 3, 2, 4, 3, 4, 7, 8, 7, 4, 2, 3, 2, 13, 4, 5, 13, 5, 1, 2, 0, 5, 2, 6, 8, 6, 3, 2, 0, 2, 0, 3, 1, 2, 5, 3, 4, 3, 0, 4, 3, 7, 5, 3, 10, 13, 5, 6, 5, 6, 4, 5, 6, 8, 7, 6, 5, 6, 5, 7, 6, 7, 5, 4, 3, 5, 8, 6, 7, 8, 6, 2, 1, 5, 7, 8, 7, 0, 7, 5, 6, 7, 6, 5, 6, 4, 7, 2, 3, 13, 8, 7, 10, 13, 9, 10, 8, 7, 8, 7, 8, 7, 15, 17, 15, 16, 1, 3, 5, 1, 4, 7, 5, 4, 5, 7, 5, 2, 7, 15, 7, 4, 2, 5, 1, 7, 8, 7, 8, 10, 7, 9, 10, 8, 7, 5, 4, 6, 7, 6, 7, 6, 2, 8, 5, 6, 5, 4, 5, 6, 5, 6, 5, 4, 7, 13, 5, 7, 8, 7, 4, 1, 3, 4, 3, 7, 4, 3, 7, 5, 7, 13, 8, 13, 7, 10, 8, 7, 8, 16, 7, 5, 6, 4, 5, 7, 5, 13, 7, 8, 11, 5, 10, 8, 13, 11, 10, 11, 15, 16, 7, 10, 8, 3, 10, 7, 8, 9, 5, 0, 1, 16, 17, 15, 16, 8, 6, 10, 8, 7, 8, 4, 2, 6, 4, 3, 2, 4, 5, 7, 3, 1, 3, 5, 4, 5, 4, 5, 4, 5, 6, 7, 0, 1, 15, 9, 10, 7, 2, 4, 3, 2, 1, 2, 1, 15, 8, 7, 5, 6]"
9a43cae5,Task3CP,CP,-162,-132,-107,6,-123,2,-157,-122,-112,6,-118,2,-172,-127,-88,7,-89,3,-161,-113,-64,10,-55,4,"[0, 1, 2, 3, 4, 2, 3, 7, 5, 20, 24, 12, 5, 3, 1, 3, 5, 1, 5, 4, 2, 4, 5, 3, 4, 2, 4, 1, 3, 5, 4, 5, 4, 3, 7, 1, 7, 5, 7, 9, 7, 3, 14, 5, 14, 19, 20, 24, 12, 21, 24, 9, 14, 7, 24, 7, 9, 1, 2, 5, 7, 14, 12, 14, 12, 14, 17, 19, 14, 9, 12, 14, 19, 12, 14, 12, 17, 19, 9, 5, 1, 7, 5, 7, 5, 1, 16, 12, 7, 5, 3, 5, 3, 5, 7, 5, 25, 9, 5, 21, 14, 17, 14, 7, 5, 7, 12, 11, 13, 11, 5, 11, 12, 24, 17, 12, 11, 10, 12, 5, 1, 12, 11, 14, 10, 11, 13, 11, 9, 7, 5, 11, 5, 11, 13, 11, 5, 12, 14, 11, 7, 3, 1, 3, 4, 11, 12, 9, 14, 11, 14, 13, 11, 16, 14, 11, 14, 11, 14, 9, 14, 12, 14, 12, 7, 5, 9, 5, 7, 25, 24, 14, 12, 7, 5, 14, 26, 24, 17, 24, 25, 21, 24, 25, 24, 7, 22, 12, 7, 5, 7, 9, 12, 11, 12, 18, 12, 7, 5, 4, 5, 18, 12, 11, 12, 13, 21, 14, 13, 14, 17, 24, 21, 17, 21, 19, 14, 21, 9, 7, 17]","[0, 1, 2, 1, 2, 4, 3, 12, 15, 7, 3, 2, 1, 2, 3, 1, 3, 2, 1, 2, 3, 2, 1, 2, 1, 2, 3, 2, 3, 2, 4, 1, 4, 3, 4, 5, 4, 2, 8, 3, 8, 11, 12, 15, 7, 13, 15, 5, 8, 4, 15, 4, 5, 1, 3, 4, 8, 7, 8, 7, 8, 10, 11, 8, 5, 7, 8, 11, 7, 8, 7, 10, 11, 5, 3, 1, 4, 3, 4, 3, 1, 9, 7, 4, 3, 2, 3, 2, 3, 4, 3, 16, 5, 3, 13, 8, 10, 8, 4, 3, 4, 7, 6, 7, 6, 3, 6, 7, 15, 10, 7, 6, 5, 7, 3, 1, 7, 6, 8, 5, 6, 7, 6, 5, 4, 3, 6, 3, 6, 7, 6, 3, 7, 8, 6, 4, 2, 1, 2, 6, 7, 5, 8, 6, 8, 7, 6, 9, 8, 6, 8, 6, 8, 5, 8, 7, 8, 7, 4, 3, 5, 3, 4, 16, 15, 8, 7, 4, 3, 8, 17, 15, 10, 15, 16, 13, 15, 16, 15, 4, 13, 7, 4, 3, 4, 5, 7, 6, 7, 10, 7, 4, 3, 2, 3, 10, 7, 6, 7, 13, 8, 7, 8, 10, 15, 13, 10, 13, 11, 8, 13, 5, 4, 10]"
66310afd,Task3CP,CP,-235,-180,-156,7,-133,4,-230,-195,-161,7,-143,4,-260,-210,-153,9,-142,3,-237,-164,-67,16,-40,5,"[18, 10, 0, 1, 0, 2, 4, 6, 1, 0, 5, 0, 1, 3, 5, 2, 4, 2, 4, 8, 1, 3, 1, 0, 1, 3, 4, 3, 5, 4, 3, 5, 2, 5, 8, 4, 2, 1, 4, 2, 24, 25, 24, 25, 7, 0, 1, 0, 24, 26, 24, 5, 0, 3, 1, 5, 4, 2, 4, 3, 7, 5, 6, 4, 6, 4, 13, 15, 13, 15, 10, 6, 4, 11, 15, 12, 5, 4, 5, 4, 0, 1, 3, 5, 3, 5, 7, 9, 7, 5, 7, 5, 9, 7, 9, 7, 9, 7, 3, 1, 9, 10, 8, 10, 8, 10, 11, 18, 14, 11, 10, 11, 22, 17, 12, 7, 8, 10, 17, 16, 12, 10, 11, 13, 10, 11, 22, 10, 11, 13, 15, 10, 8, 6, 8, 6, 15, 10, 11, 15, 13, 10, 18, 13, 11, 8, 10, 8, 10, 13, 11, 10, 11, 10, 7, 9, 5, 12, 24, 9, 7, 24, 22, 10, 11, 12, 7, 9, 12, 14, 16, 19, 16, 9, 12, 17, 12, 1, 13, 12, 16, 13, 15, 13, 12, 13, 11, 13, 10, 14, 12, 24, 21, 24, 13, 24, 13, 12, 14, 12, 24, 14, 13, 11, 13, 11, 10, 7, 10, 3, 1, 14, 12, 13, 12, 14, 12, 13, 24, 14, 21, 14, 12, 14, 24, 16, 12, 14, 12, 7, 12, 14, 16, 18, 17, 16, 24, 12, 16, 14, 16, 12, 0, 7, 5, 25, 24, 9, 5, 9, 24, 17, 16, 12, 14, 17, 21, 9, 7, 24, 7, 5, 7, 9, 7, 9, 24, 7, 9, 7, 24, 14, 12, 5, 7, 5, 21, 24, 13, 24, 13, 24, 13, 12, 24, 14, 24, 14, 24, 14, 12, 24, 17, 21, 17, 14, 7, 12, 16, 12, 18, 12, 14, 13, 12, 13, 22, 18, 24]","[10, 5, 0, 1, 0, 1, 2, 3, 1, 0, 3, 0, 1, 2, 3, 1, 2, 1, 2, 4, 1, 2, 1, 0, 1, 2, 3, 2, 3, 1, 3, 4, 2, 1, 2, 1, 15, 16, 15, 16, 4, 0, 1, 0, 15, 17, 15, 3, 0, 2, 1, 3, 2, 1, 2, 4, 3, 2, 3, 2, 7, 8, 7, 8, 5, 3, 2, 6, 8, 7, 3, 2, 3, 2, 0, 1, 2, 3, 2, 3, 4, 5, 4, 3, 4, 3, 5, 4, 5, 4, 5, 4, 2, 1, 5, 4, 5, 4, 5, 6, 10, 8, 6, 5, 6, 13, 10, 7, 4, 5, 10, 9, 7, 5, 6, 7, 5, 6, 13, 5, 6, 7, 8, 5, 4, 3, 4, 3, 8, 5, 6, 8, 7, 5, 10, 7, 6, 4, 5, 4, 5, 7, 6, 5, 6, 5, 4, 5, 3, 7, 15, 5, 4, 15, 13, 5, 6, 7, 4, 5, 7, 8, 9, 11, 9, 5, 7, 10, 7, 1, 7, 9, 7, 8, 7, 6, 7, 5, 8, 7, 15, 13, 15, 7, 15, 7, 8, 7, 15, 8, 7, 6, 7, 6, 5, 4, 5, 2, 1, 8, 7, 8, 7, 15, 8, 13, 8, 7, 8, 15, 9, 7, 8, 7, 4, 7, 8, 9, 10, 9, 15, 7, 9, 8, 9, 7, 0, 4, 3, 16, 15, 5, 3, 5, 15, 10, 9, 7, 8, 10, 13, 5, 4, 15, 4, 3, 4, 5, 4, 5, 15, 4, 5, 4, 15, 8, 7, 3, 4, 3, 13, 15, 7, 15, 7, 15, 7, 15, 8, 15, 8, 15, 8, 7, 15, 10, 13, 10, 8, 4, 7, 9, 7, 10, 7, 8, 7, 13, 10, 15]"
615db7bf,Task4CM,CM,0,0,0,0,0,0,0,0,0,0,0,0,-208,-93,-60,14,-14,5,-208,-93,-60,14,-14,5,"[11, 2, 0, 1, 0, 1, 0, 1, 16, 18, 17, 19, 2, 1, 2, 0, 1, 0, 1, 2, 3, 1, 0, 1, 0, 1, 0, 1, 2, 0, 2, 9, 2, 1, 0, 1, 2, 1, 3, 11, 14, 12, 8, 10, 11, 9, 7, 5, 6, 11, 14, 12, 10, 5, 10, 11, 7, 0, 1, 2, 1, 2, 1, 2, 3, 14, 15, 17, 11, 3, 2, 1, 17, 11, 10, 11, 12, 10, 19, 20, 4, 6, 4, 14, 7, 6, 7, 6, 11, 7, 6, 7, 8, 9, 8, 9, 8, 9, 10, 12, 11, 7, 6, 8, 5, 6, 4, 6, 7, 6, 1, 2, 3, 1, 4, 6, 7, 6, 8, 10, 7, 6, 7, 9, 8, 7, 8, 6, 8, 9, 8, 9, 10, 12, 8, 12, 8, 14, 8, 6, 5, 6, 5, 11, 9, 7, 9, 11, 12, 10, 14, 12, 3, 2, 1, 2, 8, 7, 8, 14, 10, 14, 7, 6, 19, 6, 5, 6, 12, 14, 10, 8, 6, 8, 7, 8, 9, 8, 6, 8, 6, 8, 6, 7, 8, 10, 11, 9, 8, 9, 11, 12, 7, 6, 7, 6, 7, 17, 7, 9, 7, 10, 12, 8, 11, 7, 12, 10, 8, 6, 8, 11, 9, 14, 12, 19, 12, 11, 12, 11, 17, 19, 7, 6, 2, 6, 7, 6, 7, 6, 7, 6, 7, 6, 7, 6, 7, 4, 6, 7, 9, 8, 7, 9, 8, 7, 8, 19, 7, 9, 8, 7, 8, 10, 7, 8, 11, 9, 8, 9, 10, 11, 12, 11]","[11, 2, 0, 1, 0, 1, 0, 1, 16, 18, 17, 19, 2, 1, 2, 0, 1, 0, 1, 2, 3, 1, 0, 1, 0, 1, 0, 1, 2, 0, 2, 9, 2, 1, 0, 1, 2, 1, 3, 11, 14, 12, 8, 10, 11, 9, 7, 5, 6, 11, 14, 12, 10, 5, 10, 11, 7, 0, 1, 2, 1, 2, 1, 2, 3, 14, 15, 17, 11, 3, 2, 1, 17, 11, 10, 11, 12, 10, 19, 20, 4, 6, 4, 14, 7, 6, 7, 6, 11, 7, 6, 7, 8, 9, 8, 9, 8, 9, 10, 12, 11, 7, 6, 8, 5, 6, 4, 6, 7, 6, 1, 2, 3, 1, 4, 6, 7, 6, 8, 10, 7, 6, 7, 9, 8, 7, 8, 6, 8, 9, 8, 9, 10, 12, 8, 12, 8, 14, 8, 6, 5, 6, 5, 11, 9, 7, 9, 11, 12, 10, 14, 12, 3, 2, 1, 2, 8, 7, 8, 14, 10, 14, 7, 6, 19, 6, 5, 6, 12, 14, 10, 8, 6, 8, 7, 8, 9, 8, 6, 8, 6, 8, 6, 7, 8, 10, 11, 9, 8, 9, 11, 12, 7, 6, 7, 6, 7, 17, 7, 9, 7, 10, 12, 8, 11, 7, 12, 10, 8, 6, 8, 11, 9, 14, 12, 19, 12, 11, 12, 11, 17, 19, 7, 6, 2, 6, 7, 6, 7, 6, 7, 6, 7, 6, 7, 6, 7, 4, 6, 7, 9, 8, 7, 9, 8, 7, 8, 19, 7, 9, 8, 7, 8, 10, 7, 8, 11, 9, 8, 9, 10, 11, 12, 11]"
f9ec2bc7,Task4CM,CM,0,0,0,0,0,0,0,0,0,0,0,0,-53,-13,-34,5,-7,2,-53,-13,-34,5,-7,2,"[12, 0, 1, 0, 1, 2, 6, 7, 4, 1, 2, 1, 0, 2, 1, 4, 5, 4, 2, 6, 2, 4, 6, 7, 12, 6, 13, 7, 8, 7, 8, 12, 13, 10, 6, 7, 15, 6, 7, 6, 7, 8, 7, 6, 7, 8, 7, 9, 7, 8, 9, 8, 7, 6, 14, 7, 6, 3, 7, 8, 9, 8, 9, 8, 9, 8, 6, 8, 6, 1, 7, 6, 7, 10, 8, 7, 8, 9, 8, 10, 9, 8, 13, 12, 6, 1, 0, 12, 13, 7, 15, 6, 19, 7, 19, 20, 19, 20, 21]","[12, 0, 1, 0, 1, 2, 6, 7, 4, 1, 2, 1, 0, 2, 1, 4, 5, 4, 2, 6, 2, 4, 6, 7, 12, 6, 13, 7, 8, 7, 8, 12, 13, 10, 6, 7, 15, 6, 7, 6, 7, 8, 7, 6, 7, 8, 7, 9, 7, 8, 9, 8, 7, 6, 14, 7, 6, 3, 7, 8, 9, 8, 9, 8, 9, 8, 6, 8, 6, 1, 7, 6, 7, 10, 8, 7, 8, 9, 8, 10, 9, 8, 13, 12, 6, 1, 0, 12, 13, 7, 15, 6, 19, 7, 19, 20, 19, 20, 21]"
dac593bd,Task4CM,CM,0,0,0,0,0,0,0,0,0,0,0,0,-226,-91,-34,13,18,5,-226,-91,-34,13,18,5,"[4, 19, 0, 6, 8, 0, 2, 0, 1, 0, 6, 3, 4, 6, 7, 8, 10, 11, 14, 17, 18, 17, 18, 19, 3, 0, 13, 9, 10, 11, 6, 3, 4, 2, 6, 15, 19, 20, 19, 8, 11, 7, 6, 3, 0, 1, 0, 1, 0, 2, 0, 3, 0, 1, 2, 1, 0, 1, 3, 4, 13, 3, 4, 14, 6, 4, 6, 7, 8, 10, 11, 14, 15, 17, 14, 9, 7, 4, 6, 3, 2, 1, 3, 4, 1, 11, 3, 4, 7, 12, 17, 19, 10, 6, 8, 6, 7, 6, 7, 17, 7, 4, 3, 17, 7, 8, 7, 6, 7, 14, 7, 8, 7, 8, 9, 8, 9, 10, 11, 13, 15, 13, 20, 12, 7, 9, 12, 11, 10, 11, 10, 8, 9, 10, 11, 6, 11, 6, 7, 6, 7, 13, 14, 6, 4, 6, 7, 8, 7, 6, 8, 6, 7, 8, 7, 6, 7, 8, 7, 9, 8, 6, 7, 6, 7, 8, 12, 11, 14, 15, 19, 6, 7, 9, 8, 9, 12, 14, 11, 15, 19, 20, 6, 2, 0, 4, 6, 4, 6, 7, 6, 7, 6, 4, 17, 7, 8, 7, 8, 7, 6, 7, 8, 7, 9, 12, 14, 11, 9, 12, 11, 9, 8, 10, 8, 9, 10, 9, 12, 11, 10, 19, 12, 11, 7, 8, 7, 17, 11, 10, 9, 7, 2, 6, 4, 3, 2, 17, 7, 9, 19, 9, 19, 8, 9, 7, 6, 7, 8, 7, 8, 7, 8, 9, 8, 12, 11, 9, 17, 10, 9, 11, 9, 8, 7, 10, 7, 8, 6, 8, 7, 6, 7, 8, 7, 8, 7, 17, 10, 11, 14, 18]","[4, 19, 0, 6, 8, 0, 2, 0, 1, 0, 6, 3, 4, 6, 7, 8, 10, 11, 14, 17, 18, 17, 18, 19, 3, 0, 13, 9, 10, 11, 6, 3, 4, 2, 6, 15, 19, 20, 19, 8, 11, 7, 6, 3, 0, 1, 0, 1, 0, 2, 0, 3, 0, 1, 2, 1, 0, 1, 3, 4, 13, 3, 4, 14, 6, 4, 6, 7, 8, 10, 11, 14, 15, 17, 14, 9, 7, 4, 6, 3, 2, 1, 3, 4, 1, 11, 3, 4, 7, 12, 17, 19, 10, 6, 8, 6, 7, 6, 7, 17, 7, 4, 3, 17, 7, 8, 7, 6, 7, 14, 7, 8, 7, 8, 9, 8, 9, 10, 11, 13, 15, 13, 20, 12, 7, 9, 12, 11, 10, 11, 10, 8, 9, 10, 11, 6, 11, 6, 7, 6, 7, 13, 14, 6, 4, 6, 7, 8, 7, 6, 8, 6, 7, 8, 7, 6, 7, 8, 7, 9, 8, 6, 7, 6, 7, 8, 12, 11, 14, 15, 19, 6, 7, 9, 8, 9, 12, 14, 11, 15, 19, 20, 6, 2, 0, 4, 6, 4, 6, 7, 6, 7, 6, 4, 17, 7, 8, 7, 8, 7, 6, 7, 8, 7, 9, 12, 14, 11, 9, 12, 11, 9, 8, 10, 8, 9, 10, 9, 12, 11, 10, 19, 12, 11, 7, 8, 7, 17, 11, 10, 9, 7, 2, 6, 4, 3, 2, 17, 7, 9, 19, 9, 19, 8, 9, 7, 6, 7, 8, 7, 8, 7, 8, 9, 8, 12, 11, 9, 17, 10, 9, 11, 9, 8, 7, 10, 7, 8, 6, 8, 7, 6, 7, 8, 7, 8, 7, 17, 10, 11, 14, 18]"
b1c5e27d,Task4CM,CM,0,0,0,0,0,0,0,0,0,0,0,0,-245,-125,-70,16,59,5,-245,-125,-70,16,59,5,"[10, 2, 0, 1, 0, 3, 1, 0, 2, 1, 2, 4, 2, 3, 4, 6, 8, 9, 17, 19, 2, 3, 4, 3, 2, 4, 2, 3, 4, 3, 1, 0, 2, 3, 1, 3, 2, 1, 0, 3, 2, 4, 6, 8, 6, 7, 8, 9, 10, 9, 11, 12, 11, 15, 14, 10, 4, 12, 14, 11, 12, 7, 6, 7, 13, 12, 5, 15, 18, 12, 15, 17, 2, 1, 4, 2, 4, 3, 0, 9, 3, 2, 0, 2, 0, 1, 2, 0, 6, 4, 2, 4, 3, 4, 14, 17, 4, 6, 9, 6, 7, 6, 19, 14, 6, 19, 8, 11, 12, 9, 12, 10, 7, 6, 8, 10, 12, 8, 9, 8, 7, 6, 7, 6, 10, 6, 10, 6, 11, 6, 7, 9, 7, 8, 6, 8, 9, 10, 8, 7, 8, 7, 6, 4, 8, 6, 10, 9, 10, 9, 10, 8, 9, 8, 9, 10, 11, 12, 11, 12, 14, 11, 6, 11, 12, 14, 9, 10, 12, 11, 20, 11, 8, 19, 7, 6, 1, 3, 7, 8, 7, 8, 9, 8, 10, 8, 9, 8, 7, 10, 9, 7, 6, 8, 6, 7, 6, 9, 7, 8, 7, 6, 9, 8, 6, 12, 11, 19, 9, 7, 6, 7, 6, 4, 12, 7, 8, 9, 8, 9, 10, 9, 11, 8, 9, 8, 9, 7, 11, 14, 11, 6, 10, 6, 11, 10, 6, 20, 6, 11, 9, 6, 10, 9, 6, 7, 11, 7, 6, 11, 6, 20, 6, 7, 8, 10, 8, 9, 7, 8, 10, 8, 9, 7, 9, 10, 8, 10, 9, 10, 12, 7, 8, 13, 12, 8, 9, 7, 8, 7, 8, 7, 8, 9, 7, 8, 11, 12, 11, 12, 14, 11, 10, 14, 19, 11, 14, 12, 20, 19, 11, 20, 19, 12, 11, 12]","[10, 2, 0, 1, 0, 3, 1, 0, 2, 1, 2, 4, 2, 3, 4, 6, 8, 9, 17, 19, 2, 3, 4, 3, 2, 4, 2, 3, 4, 3, 1, 0, 2, 3, 1, 3, 2, 1, 0, 3, 2, 4, 6, 8, 6, 7, 8, 9, 10, 9, 11, 12, 11, 15, 14, 10, 4, 12, 14, 11, 12, 7, 6, 7, 13, 12, 5, 15, 18, 12, 15, 17, 2, 1, 4, 2, 4, 3, 0, 9, 3, 2, 0, 2, 0, 1, 2, 0, 6, 4, 2, 4, 3, 4, 14, 17, 4, 6, 9, 6, 7, 6, 19, 14, 6, 19, 8, 11, 12, 9, 12, 10, 7, 6, 8, 10, 12, 8, 9, 8, 7, 6, 7, 6, 10, 6, 10, 6, 11, 6, 7, 9, 7, 8, 6, 8, 9, 10, 8, 7, 8, 7, 6, 4, 8, 6, 10, 9, 10, 9, 10, 8, 9, 8, 9, 10, 11, 12, 11, 12, 14, 11, 6, 11, 12, 14, 9, 10, 12, 11, 20, 11, 8, 19, 7, 6, 1, 3, 7, 8, 7, 8, 9, 8, 10, 8, 9, 8, 7, 10, 9, 7, 6, 8, 6, 7, 6, 9, 7, 8, 7, 6, 9, 8, 6, 12, 11, 19, 9, 7, 6, 7, 6, 4, 12, 7, 8, 9, 8, 9, 10, 9, 11, 8, 9, 8, 9, 7, 11, 14, 11, 6, 10, 6, 11, 10, 6, 20, 6, 11, 9, 6, 10, 9, 6, 7, 11, 7, 6, 11, 6, 20, 6, 7, 8, 10, 8, 9, 7, 8, 10, 8, 9, 7, 9, 10, 8, 10, 9, 10, 12, 7, 8, 13, 12, 8, 9, 7, 8, 7, 8, 7, 8, 9, 7, 8, 11, 12, 11, 12, 14, 11, 10, 14, 19, 11, 14, 12, 20, 19, 11, 20, 19, 12, 11, 12]"
967a04d0,Task4CM,CM,0,0,0,0,0,0,0,0,0,0,0,0,-168,-98,-77,12,-35,4,-168,-98,-77,12,-35,4,"[12, 11, 3, 2, 0, 2, 1, 0, 1, 2, 0, 3, 5, 6, 2, 6, 7, 6, 7, 6, 8, 9, 8, 7, 8, 9, 8, 9, 8, 10, 7, 8, 9, 8, 9, 8, 9, 10, 8, 7, 10, 12, 13, 12, 6, 12, 8, 9, 10, 11, 12, 9, 3, 6, 12, 8, 6, 7, 15, 16, 17, 14, 12, 8, 7, 4, 2, 6, 9, 8, 22, 12, 10, 9, 10, 9, 8, 9, 8, 9, 8, 10, 8, 10, 12, 10, 8, 9, 7, 12, 9, 10, 9, 8, 9, 8, 10, 12, 8, 2, 4, 7, 8, 10, 14, 15, 20, 19, 9, 10, 12, 10, 9, 19, 20, 19, 20, 19, 10, 22, 21, 19, 17, 11, 19, 10, 12, 10, 8, 6, 2, 1, 7, 9, 10, 9, 12, 19, 14, 12, 10, 11, 9, 10, 9, 10, 9, 11, 8, 10, 8, 9, 8, 10, 12, 10, 20, 19, 21, 19, 10, 11, 9, 10, 9, 11, 10, 19, 12, 10, 11, 10, 19, 10, 8, 6, 7, 6, 7, 19, 9, 7, 6, 7, 6, 7, 6, 7, 12, 10, 19, 8, 10, 20, 21, 19, 12, 20, 19, 9, 11, 10, 11, 8, 9, 10, 19, 12, 10, 19, 20, 19, 10, 9, 10, 9, 10, 16, 10, 9, 10, 9, 10, 11, 10, 19, 10, 9, 10]","[12, 11, 3, 2, 0, 2, 1, 0, 1, 2, 0, 3, 5, 6, 2, 6, 7, 6, 7, 6, 8, 9, 8, 7, 8, 9, 8, 9, 8, 10, 7, 8, 9, 8, 9, 8, 9, 10, 8, 7, 10, 12, 13, 12, 6, 12, 8, 9, 10, 11, 12, 9, 3, 6, 12, 8, 6, 7, 15, 16, 17, 14, 12, 8, 7, 4, 2, 6, 9, 8, 22, 12, 10, 9, 10, 9, 8, 9, 8, 9, 8, 10, 8, 10, 12, 10, 8, 9, 7, 12, 9, 10, 9, 8, 9, 8, 10, 12, 8, 2, 4, 7, 8, 10, 14, 15, 20, 19, 9, 10, 12, 10, 9, 19, 20, 19, 20, 19, 10, 22, 21, 19, 17, 11, 19, 10, 12, 10, 8, 6, 2, 1, 7, 9, 10, 9, 12, 19, 14, 12, 10, 11, 9, 10, 9, 10, 9, 11, 8, 10, 8, 9, 8, 10, 12, 10, 20, 19, 21, 19, 10, 11, 9, 10, 9, 11, 10, 19, 12, 10, 11, 10, 19, 10, 8, 6, 7, 6, 7, 19, 9, 7, 6, 7, 6, 7, 6, 7, 12, 10, 19, 8, 10, 20, 21, 19, 12, 20, 19, 9, 11, 10, 11, 8, 9, 10, 19, 12, 10, 19, 20, 19, 10, 9, 10, 9, 10, 16, 10, 9, 10, 9, 10, 11, 10, 19, 10, 9, 10]"
66b337a9,Task4CM,CM,0,0,0,0,0,0,0,0,0,0,0,0,-131,-56,-72,10,-9,3,-131,-56,-72,10,-9,3,"[11, 2, 1, 0, 3, 0, 17, 14, 17, 19, 3, 1, 4, 1, 2, 3, 0, 1, 3, 2, 6, 4, 3, 6, 7, 6, 7, 6, 11, 7, 14, 17, 5, 8, 6, 7, 12, 6, 7, 6, 7, 8, 7, 8, 7, 8, 9, 8, 9, 10, 7, 9, 10, 11, 10, 7, 8, 7, 9, 10, 9, 7, 9, 7, 8, 10, 9, 11, 9, 6, 7, 9, 7, 9, 10, 9, 8, 10, 8, 7, 8, 10, 9, 10, 9, 7, 8, 9, 8, 9, 8, 9, 7, 8, 9, 17, 8, 9, 11, 14, 13, 8, 11, 12, 11, 12, 11, 12, 11, 10, 9, 10, 12, 11, 9, 7, 6, 7, 12, 9, 8, 7, 6, 19, 10, 9, 7, 8, 9, 10, 12, 11, 10, 13, 11, 13, 15, 17, 14, 11, 7, 11, 12, 11, 10, 11, 10, 12, 10, 9, 10, 9, 10, 14, 12, 11, 10, 9, 19, 11, 10, 11, 14, 11, 19, 20, 17, 19, 17, 19, 9, 7, 8, 19, 10, 7, 8, 9, 19, 17, 10, 19, 12, 10, 11, 12, 11]","[11, 2, 1, 0, 3, 0, 17, 14, 17, 19, 3, 1, 4, 1, 2, 3, 0, 1, 3, 2, 6, 4, 3, 6, 7, 6, 7, 6, 11, 7, 14, 17, 5, 8, 6, 7, 12, 6, 7, 6, 7, 8, 7, 8, 7, 8, 9, 8, 9, 10, 7, 9, 10, 11, 10, 7, 8, 7, 9, 10, 9, 7, 9, 7, 8, 10, 9, 11, 9, 6, 7, 9, 7, 9, 10, 9, 8, 10, 8, 7, 8, 10, 9, 10, 9, 7, 8, 9, 8, 9, 8, 9, 7, 8, 9, 17, 8, 9, 11, 14, 13, 8, 11, 12, 11, 12, 11, 12, 11, 10, 9, 10, 12, 11, 9, 7, 6, 7, 12, 9, 8, 7, 6, 19, 10, 9, 7, 8, 9, 10, 12, 11, 10, 13, 11, 13, 15, 17, 14, 11, 7, 11, 12, 11, 10, 11, 10, 12, 10, 9, 10, 9, 10, 14, 12, 11, 10, 9, 19, 11, 10, 11, 14, 11, 19, 20, 17, 19, 17, 19, 9, 7, 8, 19, 10, 7, 8, 9, 19, 17, 10, 19, 12, 10, 11, 12, 11]"
45c939e2,Task4CM,CM,0,0,0,0,0,0,0,0,0,0,0,0,-15,-10,12,3,-4,2,-15,-10,12,3,-4,2,"[0, 3, 2, 1, 0, 1, 2, 1, 2, 7, 2, 3, 6, 7, 6, 7, 8, 7, 9, 10, 11, 19, 14, 11, 19, 12, 15, 17, 14, 13, 8, 6, 16, 14, 13, 2, 0, 1, 3, 2, 3, 6, 7, 9, 6, 20, 19, 6, 7, 6, 7, 8, 9, 10, 8, 7, 9, 7, 6, 8, 11, 10, 11, 9, 8, 21, 20, 19, 11, 12, 21]","[0, 3, 2, 1, 0, 1, 2, 1, 2, 7, 2, 3, 6, 7, 6, 7, 8, 7, 9, 10, 11, 19, 14, 11, 19, 12, 15, 17, 14, 13, 8, 6, 16, 14, 13, 2, 0, 1, 3, 2, 3, 6, 7, 9, 6, 20, 19, 6, 7, 6, 7, 8, 9, 10, 8, 7, 9, 7, 6, 8, 11, 10, 11, 9, 8, 21, 20, 19, 11, 12, 21]"
ba88bf04,Task4CM,CM,0,0,0,0,0,0,0,0,0,0,0,0,-59,1,-10,5,7,2,-59,1,-10,5,7,2,"[14, 13, 6, 2, 3, 2, 4, 8, 4, 3, 4, 7, 11, 4, 8, 4, 3, 4, 7, 3, 2, 3, 4, 8, 9, 8, 11, 8, 9, 10, 12, 15, 22, 21, 22, 12, 4, 7, 4, 3, 7, 1, 6, 7, 8, 9, 11, 9, 15, 8, 10, 9, 11, 15, 11, 12, 10, 8, 21, 20, 21, 10, 21, 17, 19, 21, 22, 21, 9, 8, 21, 11, 10, 21, 13, 9, 10, 9, 12, 9, 10, 11, 12, 20, 21, 12, 13, 15, 14, 12, 11, 10, 21, 12, 21, 10, 11, 12, 11, 12, 19, 21, 20, 21, 14, 10, 21, 20, 21, 10]","[14, 13, 6, 2, 3, 2, 4, 8, 4, 3, 4, 7, 11, 4, 8, 4, 3, 4, 7, 3, 2, 3, 4, 8, 9, 8, 11, 8, 9, 10, 12, 15, 22, 21, 22, 12, 4, 7, 4, 3, 7, 1, 6, 7, 8, 9, 11, 9, 15, 8, 10, 9, 11, 15, 11, 12, 10, 8, 21, 20, 21, 10, 21, 17, 19, 21, 22, 21, 9, 8, 21, 11, 10, 21, 13, 9, 10, 9, 12, 9, 10, 11, 12, 20, 21, 12, 13, 15, 14, 12, 11, 10, 21, 12, 21, 10, 11, 12, 11, 12, 19, 21, 20, 21, 14, 10, 21, 20, 21, 10]"
782b7c64,Task4CM,CM,0,0,0,0,0,0,0,0,0,0,0,0,-294,-169,-99,16,-67,3,-294,-169,-99,16,-67,3,"[11, 2, 0, 4, 6, 7, 12, 13, 15, 17, 19, 20, 0, 1, 0, 2, 1, 0, 1, 2, 1, 0, 1, 5, 1, 3, 0, 3, 2, 1, 4, 5, 4, 2, 3, 7, 3, 1, 0, 4, 6, 5, 6, 7, 6, 3, 7, 10, 11, 9, 5, 4, 6, 9, 5, 9, 10, 13, 15, 10, 3, 0, 4, 6, 4, 2, 0, 4, 6, 4, 7, 6, 1, 6, 7, 6, 8, 7, 8, 7, 8, 6, 7, 8, 7, 8, 9, 7, 10, 12, 3, 2, 1, 2, 11, 13, 15, 2, 14, 19, 1, 19, 6, 7, 8, 9, 12, 11, 8, 9, 11, 8, 7, 6, 19, 12, 9, 14, 17, 21, 20, 9, 8, 9, 13, 12, 8, 11, 12, 9, 5, 6, 5, 11, 13, 11, 4, 10, 14, 13, 12, 7, 10, 12, 0, 12, 13, 15, 10, 5, 4, 7, 4, 19, 5, 8, 6, 10, 6, 10, 13, 12, 8, 7, 8, 11, 14, 13, 17, 8, 7, 6, 1, 2, 5, 10, 12, 7, 5, 6, 10, 13, 10, 6, 10, 13, 15, 14, 10, 5, 4, 6, 13, 12, 8, 14, 15, 12, 14, 15, 14, 12, 11, 10, 8, 7, 6, 11, 17, 19, 8, 9, 12, 19, 7, 8, 19, 7, 8, 9, 11, 9, 7, 12, 7, 10, 19, 7, 19, 6, 7, 6, 4, 10, 9, 12, 13, 12, 20, 19, 8, 7, 19, 12, 8, 9, 8, 4, 0, 1, 6, 19, 4, 19, 6, 7, 19, 8, 11, 9, 6, 9, 8, 6, 8, 19, 10, 7, 11, 9, 7, 8, 9, 8, 9, 19, 9, 20, 9, 19, 11, 10, 9, 7, 9, 10, 9, 8, 6, 8, 9, 19, 9, 11, 6, 8, 20, 8, 12, 7, 9, 11, 9, 11, 9, 6, 7, 8, 9, 8, 9, 12, 10, 9, 10, 9, 7, 14, 10, 20, 9, 11, 9, 10, 19, 9, 19, 9, 19, 9, 17, 19, 12, 9, 8, 19, 11, 8, 11, 10, 9, 11, 10, 9, 8, 9, 12, 19, 10, 12, 10, 12, 10, 7, 9, 12, 22, 21, 20, 19]","[11, 2, 0, 4, 6, 7, 12, 13, 15, 17, 19, 20, 0, 1, 0, 2, 1, 0, 1, 2, 1, 0, 1, 5, 1, 3, 0, 3, 2, 1, 4, 5, 4, 2, 3, 7, 3, 1, 0, 4, 6, 5, 6, 7, 6, 3, 7, 10, 11, 9, 5, 4, 6, 9, 5, 9, 10, 13, 15, 10, 3, 0, 4, 6, 4, 2, 0, 4, 6, 4, 7, 6, 1, 6, 7, 6, 8, 7, 8, 7, 8, 6, 7, 8, 7, 8, 9, 7, 10, 12, 3, 2, 1, 2, 11, 13, 15, 2, 14, 19, 1, 19, 6, 7, 8, 9, 12, 11, 8, 9, 11, 8, 7, 6, 19, 12, 9, 14, 17, 21, 20, 9, 8, 9, 13, 12, 8, 11, 12, 9, 5, 6, 5, 11, 13, 11, 4, 10, 14, 13, 12, 7, 10, 12, 0, 12, 13, 15, 10, 5, 4, 7, 4, 19, 5, 8, 6, 10, 6, 10, 13, 12, 8, 7, 8, 11, 14, 13, 17, 8, 7, 6, 1, 2, 5, 10, 12, 7, 5, 6, 10, 13, 10, 6, 10, 13, 15, 14, 10, 5, 4, 6, 13, 12, 8, 14, 15, 12, 14, 15, 14, 12, 11, 10, 8, 7, 6, 11, 17, 19, 8, 9, 12, 19, 7, 8, 19, 7, 8, 9, 11, 9, 7, 12, 7, 10, 19, 7, 19, 6, 7, 6, 4, 10, 9, 12, 13, 12, 20, 19, 8, 7, 19, 12, 8, 9, 8, 4, 0, 1, 6, 19, 4, 19, 6, 7, 19, 8, 11, 9, 6, 9, 8, 6, 8, 19, 10, 7, 11, 9, 7, 8, 9, 8, 9, 19, 9, 20, 9, 19, 11, 10, 9, 7, 9, 10, 9, 8, 6, 8, 9, 19, 9, 11, 6, 8, 20, 8, 12, 7, 9, 11, 9, 11, 9, 6, 7, 8, 9, 8, 9, 12, 10, 9, 10, 9, 7, 14, 10, 20, 9, 11, 9, 10, 19, 9, 19, 9, 19, 9, 17, 19, 12, 9, 8, 19, 11, 8, 11, 10, 9, 11, 10, 9, 8, 9, 12, 19, 10, 12, 10, 12, 10, 7, 9, 12, 22, 21, 20, 19]"
4d750b0b,Task4CM,CM,0,0,0,0,0,0,0,0,0,0,0,0,-95,-5,-39,7,6,2,-95,-5,-39,7,6,2,"[4, 7, 4, 3, 0, 3, 4, 6, 4, 3, 1, 0, 6, 7, 3, 4, 7, 6, 1, 0, 10, 8, 10, 11, 14, 9, 6, 4, 6, 2, 3, 0, 4, 6, 7, 8, 7, 6, 7, 6, 7, 4, 2, 4, 6, 7, 4, 6, 8, 7, 6, 19, 6, 8, 6, 8, 6, 13, 7, 8, 6, 7, 8, 7, 4, 7, 8, 7, 8, 7, 8, 9, 11, 12, 8, 12, 8, 7, 8, 12, 8, 7, 6, 7, 8, 7, 9, 10, 8, 10, 8, 7, 8, 7, 6, 11, 12, 7, 11, 10, 6, 12, 8, 6, 7, 11, 10, 9, 8, 6, 4, 2, 11, 10, 11, 14, 10, 7, 9, 8, 6, 1, 3, 7, 6, 7, 5, 6, 8, 7, 6, 12, 7, 6, 12, 11, 8, 12, 11, 10, 8, 19, 11, 9, 7, 19]","[4, 7, 4, 3, 0, 3, 4, 6, 4, 3, 1, 0, 6, 7, 3, 4, 7, 6, 1, 0, 10, 8, 10, 11, 14, 9, 6, 4, 6, 2, 3, 0, 4, 6, 7, 8, 7, 6, 7, 6, 7, 4, 2, 4, 6, 7, 4, 6, 8, 7, 6, 19, 6, 8, 6, 8, 6, 13, 7, 8, 6, 7, 8, 7, 4, 7, 8, 7, 8, 7, 8, 9, 11, 12, 8, 12, 8, 7, 8, 12, 8, 7, 6, 7, 8, 7, 9, 10, 8, 10, 8, 7, 8, 7, 6, 11, 12, 7, 11, 10, 6, 12, 8, 6, 7, 11, 10, 9, 8, 6, 4, 2, 11, 10, 11, 14, 10, 7, 9, 8, 6, 1, 3, 7, 6, 7, 5, 6, 8, 7, 6, 12, 7, 6, 12, 11, 8, 12, 11, 10, 8, 19, 11, 9, 7, 19]"
1ce913d5,Task4CP,CP,-74,-43,-65,3,-43,1,-79,-38,-70,3,-38,1,-90,-30,-61,5,-19,2,-82,-17,-52,6,-6,2,"[18, 1, 0, 4, 2, 1, 5, 1, 3, 1, 5, 0, 1, 2, 3, 5, 1, 0, 1, 0, 1, 2, 0, 2, 4, 2, 4, 2, 4, 2, 1, 7, 1, 5, 8, 6, 7, 5, 6, 5, 3, 6, 3, 0, 11, 9, 12, 9, 6, 11, 13, 11, 10, 9, 10, 12, 11, 10, 13, 11, 10, 12, 9, 12, 10, 16, 12, 14, 16, 12, 16, 15, 13, 15, 13, 16, 19, 24, 27, 23, 21, 25, 28, 25, 28, 8, 12, 9, 8, 10, 9, 10, 9, 10, 19, 20, 23, 12, 8, 9, 10, 9, 10, 18, 12, 10, 20, 8, 10, 29, 10, 18, 20, 19, 14, 16, 12, 14, 12, 28, 25, 28, 10, 12, 10, 12, 14, 16, 14, 12, 8, 28, 26, 9, 10, 9, 10, 9, 12, 9, 28, 19, 21, 23, 24, 28]","[11, 1, 0, 2, 1, 3, 1, 2, 1, 3, 0, 1, 2, 3, 1, 0, 1, 0, 1, 0, 1, 2, 1, 2, 1, 2, 1, 4, 1, 3, 5, 4, 3, 4, 3, 2, 4, 2, 0, 7, 6, 8, 6, 4, 7, 8, 7, 6, 7, 8, 7, 8, 7, 8, 6, 8, 7, 10, 8, 9, 10, 8, 10, 9, 8, 9, 8, 10, 12, 16, 18, 15, 14, 17, 19, 17, 19, 5, 8, 6, 5, 7, 6, 7, 6, 7, 12, 13, 15, 8, 5, 6, 7, 6, 7, 11, 8, 7, 13, 5, 7, 20, 7, 11, 13, 12, 9, 10, 8, 9, 8, 19, 17, 19, 7, 8, 7, 8, 9, 10, 9, 8, 5, 19, 17, 6, 7, 6, 7, 6, 8, 6, 19, 12, 14, 15, 16, 19]"
9679a6e6,Task4CP,CP,-61,-10,-52,3,-10,1,-61,-15,-52,3,-15,1,-72,-7,-46,7,-7,1,-64,6,-38,7,7,2,"[21, 0, 1, 0, 1, 3, 1, 2, 3, 28, 6, 1, 3, 1, 3, 5, 3, 5, 4, 28, 2, 1, 3, 4, 2, 3, 2, 1, 3, 4, 2, 4, 2, 4, 2, 5, 6, 25, 3, 6, 5, 6, 5, 3, 1, 0, 1, 0, 3, 5, 6, 9, 12, 8, 6, 3, 1, 6, 9, 10, 9, 10, 9, 10, 9, 14, 10, 9, 10, 12, 10, 12, 14, 10, 14, 12, 14, 13, 15, 12, 13, 16, 19, 16, 12, 10, 14, 16, 19, 18, 19, 16, 14, 16, 10, 14, 18, 25, 10, 12, 10, 12, 14, 12, 16, 21, 13, 17, 12, 18, 19, 20, 23, 10, 16, 14, 18, 19, 28, 17, 22, 21, 22]","[14, 0, 1, 0, 1, 2, 1, 2, 19, 4, 1, 2, 1, 2, 3, 2, 3, 2, 19, 1, 2, 1, 2, 1, 2, 1, 2, 1, 2, 1, 3, 4, 17, 2, 4, 3, 4, 3, 2, 1, 0, 1, 0, 2, 3, 4, 6, 8, 5, 4, 2, 1, 4, 6, 7, 6, 7, 6, 7, 6, 9, 7, 6, 7, 8, 7, 8, 9, 7, 9, 8, 9, 8, 9, 8, 10, 12, 10, 8, 7, 9, 10, 12, 11, 12, 10, 9, 10, 7, 9, 11, 17, 7, 8, 7, 8, 9, 8, 10, 14, 8, 10, 8, 11, 12, 13, 15, 7, 10, 9, 11, 12, 19, 10, 14]"
625d844e,Task4CP,CP,-215,-84,-148,7,-46,2,-210,-84,-153,7,-66,2,-241,-116,-142,10,-49,3,-206,-76,-95,12,6,3,"[10, 12, 3, 28, 22, 25, 30, 25, 28, 5, 1, 0, 3, 1, 2, 0, 28, 29, 28, 23, 21, 23, 28, 12, 5, 3, 2, 0, 1, 2, 3, 19, 17, 2, 4, 2, 1, 2, 4, 7, 3, 1, 4, 25, 29, 6, 7, 4, 3, 1, 3, 5, 9, 4, 6, 3, 7, 5, 3, 5, 9, 8, 10, 7, 1, 0, 3, 6, 1, 3, 1, 3, 6, 5, 3, 9, 16, 9, 10, 9, 6, 8, 9, 25, 9, 13, 11, 19, 12, 10, 11, 9, 11, 13, 11, 13, 10, 14, 6, 10, 11, 10, 12, 13, 10, 12, 10, 15, 13, 15, 14, 9, 15, 16, 14, 15, 14, 12, 13, 12, 13, 14, 9, 10, 9, 10, 9, 15, 10, 9, 6, 11, 12, 6, 13, 25, 12, 15, 14, 12, 13, 10, 9, 13, 14, 12, 13, 12, 13, 14, 13, 16, 12, 14, 15, 12, 14, 15, 13, 14, 10, 12, 10, 12, 14, 16, 9, 10, 14, 12, 13, 12, 16, 18, 19, 22, 21, 16, 20, 18, 16, 20, 19, 16, 19, 16, 14, 13, 18, 16, 14, 12, 10, 12, 14, 10, 12, 15, 13, 14, 19, 24, 23, 21, 13, 12, 1, 3, 5, 6, 10, 11, 9, 10, 16, 13, 14, 12, 11, 28, 29, 28, 20, 23, 9, 3, 5, 3, 1, 5, 10, 25, 5, 6, 5, 9, 19, 9, 19, 8, 9, 10, 9, 10, 9, 10, 12, 14, 12, 14, 15, 13, 15, 13, 15, 14, 15, 26, 14, 10, 14, 15, 12, 10, 12, 10, 9, 16, 10, 19, 14, 13, 16, 18, 13, 12, 10, 9, 12, 9, 10, 9, 25, 29, 25, 21, 12, 10, 19, 18, 14, 15, 14, 21, 18, 21, 4]","[7, 8, 2, 19, 14, 17, 21, 17, 19, 3, 1, 0, 2, 1, 0, 19, 20, 19, 15, 14, 15, 19, 8, 3, 2, 1, 0, 1, 2, 12, 10, 1, 2, 1, 2, 4, 2, 1, 2, 17, 20, 4, 2, 1, 2, 3, 6, 2, 4, 2, 4, 3, 2, 3, 6, 5, 7, 4, 1, 0, 2, 4, 1, 2, 1, 2, 4, 3, 2, 6, 10, 6, 7, 6, 4, 5, 6, 17, 6, 8, 7, 12, 8, 7, 6, 7, 8, 7, 8, 7, 9, 4, 7, 8, 7, 8, 7, 9, 8, 9, 6, 9, 10, 9, 8, 9, 6, 7, 6, 7, 6, 9, 7, 6, 4, 7, 8, 4, 8, 17, 8, 9, 8, 7, 6, 8, 9, 8, 9, 8, 10, 8, 9, 8, 9, 8, 9, 7, 8, 7, 8, 9, 10, 6, 7, 9, 8, 10, 11, 12, 14, 10, 13, 11, 10, 13, 12, 10, 12, 10, 9, 8, 11, 10, 9, 8, 7, 8, 9, 7, 8, 9, 8, 9, 12, 16, 15, 14, 8, 1, 2, 3, 4, 7, 6, 7, 10, 8, 9, 8, 7, 19, 20, 19, 13, 15, 6, 2, 3, 2, 1, 3, 7, 17, 3, 4, 3, 6, 12, 6, 12, 5, 6, 7, 6, 7, 6, 7, 8, 9, 8, 9, 8, 9, 8, 9, 17, 9, 7, 9, 8, 7, 8, 7, 6, 10, 7, 12, 9, 8, 10, 11, 8, 7, 6, 8, 6, 7, 6, 17, 20, 17, 14, 8, 7, 12, 11, 9, 14, 11, 14, 2]"
1de0f518,Task4CP,CP,-296,-190,-195,9,-92,2,-296,-190,-200,9,-102,2,-307,-177,-116,17,-43,5,-298,-168,-107,17,-19,5,"[1, 0, 28, 29, 27, 25, 28, 5, 0, 1, 2, 1, 3, 0, 3, 0, 1, 0, 3, 5, 3, 0, 3, 5, 1, 0, 5, 3, 0, 3, 1, 0, 1, 3, 0, 28, 3, 0, 5, 28, 27, 3, 1, 3, 5, 6, 3, 1, 5, 6, 0, 8, 3, 10, 3, 9, 10, 6, 28, 16, 12, 20, 21, 5, 6, 7, 6, 9, 6, 8, 1, 0, 28, 9, 5, 25, 12, 10, 9, 6, 1, 9, 10, 6, 28, 10, 9, 1, 9, 6, 9, 10, 16, 10, 3, 0, 9, 10, 12, 10, 6, 10, 12, 10, 12, 9, 12, 13, 10, 12, 10, 12, 10, 12, 10, 15, 13, 11, 13, 10, 13, 10, 14, 12, 10, 25, 10, 9, 3, 6, 0, 1, 3, 9, 6, 12, 10, 12, 16, 14, 9, 10, 6, 5, 1, 3, 6, 14, 12, 14, 12, 14, 12, 13, 12, 14, 16, 19, 18, 12, 19, 12, 16, 9, 1, 10, 6, 1, 19, 16, 12, 10, 19, 23, 19, 18, 8, 6, 9, 10, 14, 11, 13, 11, 9, 3, 4, 16, 12, 6, 5, 6, 5, 1, 3, 5, 25, 28, 25, 24, 10, 8, 6, 5, 1, 3, 6, 5, 9, 8, 6, 28, 6, 3, 6, 3, 6, 5, 6, 5, 6, 16, 6, 9, 10, 18, 9, 12, 21, 8, 9, 3, 9, 6, 9, 10, 18, 14, 9, 21, 18, 24, 9, 19, 10, 12, 13, 14, 12, 9, 12, 10, 12, 9, 10, 12, 10, 12, 10, 12, 14, 12, 19, 12, 16, 19, 5, 10, 14, 10, 5, 1, 12, 10, 14, 10, 12, 19, 23, 19, 8, 19, 9, 18, 16, 19, 24, 9, 6, 19, 6, 8, 19, 23, 16, 12, 9, 12, 14, 16, 14, 12, 25, 16, 9, 16, 9, 19, 9, 8, 21, 28, 9, 6, 28, 9, 12, 10, 28, 12, 14, 18, 19, 10, 18, 19, 18, 12, 16, 10, 9, 19, 10, 19, 18, 9, 21, 20, 9, 6, 9, 6, 25, 6, 10, 12, 10, 14, 25, 19, 20, 21, 23, 21, 16, 19, 18, 16, 14, 10, 17, 7, 21]","[1, 0, 19, 20, 18, 17, 19, 3, 0, 1, 2, 0, 2, 0, 1, 0, 2, 3, 2, 0, 2, 3, 1, 0, 3, 2, 0, 2, 1, 0, 1, 2, 0, 19, 2, 0, 3, 19, 18, 2, 1, 2, 3, 4, 2, 1, 3, 4, 0, 5, 2, 7, 2, 6, 7, 4, 19, 10, 8, 13, 14, 3, 4, 6, 4, 5, 1, 0, 19, 6, 3, 17, 8, 7, 6, 4, 1, 6, 7, 4, 19, 7, 6, 1, 6, 4, 6, 7, 10, 7, 2, 0, 6, 7, 8, 7, 4, 7, 8, 7, 8, 6, 8, 7, 8, 7, 8, 7, 8, 7, 9, 8, 7, 8, 7, 8, 7, 9, 8, 7, 17, 7, 6, 2, 4, 0, 1, 2, 6, 4, 8, 7, 8, 10, 9, 6, 7, 4, 3, 1, 2, 4, 9, 8, 9, 8, 9, 8, 9, 10, 12, 11, 8, 12, 8, 10, 6, 1, 7, 4, 1, 12, 10, 8, 7, 12, 15, 12, 11, 5, 4, 6, 7, 9, 7, 8, 7, 6, 2, 10, 8, 4, 3, 4, 3, 1, 2, 3, 17, 19, 17, 16, 7, 5, 4, 3, 1, 2, 4, 3, 6, 5, 4, 19, 4, 2, 4, 2, 4, 3, 4, 3, 4, 10, 4, 6, 7, 11, 6, 8, 14, 5, 6, 2, 6, 4, 6, 7, 11, 9, 6, 14, 11, 16, 6, 12, 7, 8, 9, 8, 6, 8, 7, 8, 6, 7, 8, 7, 8, 7, 8, 9, 8, 12, 8, 10, 12, 3, 7, 9, 7, 3, 1, 8, 7, 9, 7, 8, 12, 15, 12, 5, 12, 6, 11, 10, 12, 16, 6, 4, 12, 4, 5, 12, 15, 10, 8, 6, 8, 9, 10, 9, 8, 17, 10, 6, 10, 6, 12, 6, 5, 14, 19, 6, 4, 19, 6, 8, 7, 19, 8, 9, 11, 12, 7, 11, 12, 11, 8, 10, 7, 6, 12, 7, 12, 11, 6, 14, 13, 6, 4, 6, 4, 17, 4, 7, 8, 7, 9, 17, 12, 13, 14, 15, 14, 10, 12, 11, 10, 9, 7, 10, 4, 14]"
1d1071e4,Task4CP,CP,-357,-231,-219,10,-145,3,-352,-226,-211,9,-150,3,-378,-228,-183,16,-84,5,-362,-212,-156,17,-47,6,"[16, 28, 29, 28, 0, 29, 28, 29, 0, 30, 29, 28, 16, 5, 0, 28, 1, 0, 1, 0, 1, 3, 1, 0, 1, 0, 1, 0, 1, 2, 3, 0, 5, 3, 0, 1, 2, 4, 0, 3, 5, 6, 0, 16, 18, 23, 9, 8, 5, 6, 1, 0, 3, 1, 0, 3, 5, 0, 1, 4, 5, 3, 1, 0, 1, 0, 1, 3, 9, 6, 3, 1, 4, 5, 8, 6, 3, 8, 3, 6, 8, 9, 6, 9, 10, 9, 11, 9, 6, 5, 10, 12, 10, 13, 11, 9, 10, 9, 11, 13, 11, 13, 11, 13, 11, 9, 10, 18, 10, 12, 14, 12, 16, 12, 18, 15, 13, 15, 10, 12, 14, 12, 14, 12, 15, 13, 15, 13, 15, 12, 14, 12, 14, 12, 14, 12, 14, 12, 13, 15, 16, 15, 19, 16, 20, 19, 21, 23, 24, 20, 18, 14, 10, 6, 3, 1, 3, 5, 3, 1, 0, 1, 3, 5, 3, 0, 5, 6, 3, 9, 14, 18, 16, 1, 0, 10, 14, 21, 28, 0, 1, 3, 1, 0, 3, 5, 3, 5, 3, 10, 9, 12, 10, 9, 10, 12, 16, 14, 12, 14, 5, 16, 14, 12, 14, 12, 14, 12, 10, 9, 12, 9, 5, 1, 9, 6, 19, 12, 9, 10, 9, 10, 9, 10, 12, 14, 10, 14, 12, 13, 12, 14, 12, 14, 16, 19, 14, 16, 10, 8, 16, 12, 10, 9, 10, 9, 10, 9, 12, 14, 16, 12, 14, 12, 9, 6, 5, 1, 9, 6, 9, 23, 9, 12, 9, 10, 14, 16, 12, 14, 12, 13, 12, 16, 12, 10, 13, 16, 14, 18, 20, 19, 20, 19, 20, 23, 21, 18, 19, 20, 21, 18, 12, 9, 18, 19, 26, 21, 18, 14, 16, 21, 16, 19, 14, 10, 9, 12, 10, 6, 21, 18, 19, 20, 14, 6, 12, 6, 8, 6, 1, 3, 1, 3, 1, 3, 5, 3, 5, 21, 23, 3, 1, 10, 14, 11, 13, 21, 2, 4, 2, 1, 29, 28, 4, 7, 28, 29, 28, 13, 11, 13, 11, 13, 11, 15, 11, 13, 11, 15, 13, 11, 13, 11, 15, 13, 17, 13, 15, 12, 14, 12, 14, 15, 10, 15, 10, 15, 18, 19, 18, 14, 16, 14, 16, 19, 21, 9, 5, 9, 12, 10, 9, 12, 10, 14, 12, 16, 14, 16, 12, 13, 14, 16, 14, 18, 12, 16, 10, 15, 14, 12, 16, 19, 14, 16, 19, 12, 14, 12, 14, 12, 0, 19, 21, 20, 23, 26, 23, 25, 28, 5, 1, 21]","[10, 19, 20, 19, 0, 20, 19, 20, 0, 21, 20, 19, 10, 3, 0, 19, 1, 0, 1, 0, 1, 2, 1, 0, 1, 0, 1, 0, 1, 2, 0, 3, 2, 0, 1, 2, 0, 2, 3, 4, 0, 10, 11, 15, 6, 5, 3, 4, 1, 0, 2, 1, 0, 2, 3, 0, 1, 2, 3, 2, 1, 0, 1, 0, 1, 2, 6, 4, 2, 1, 2, 3, 5, 4, 2, 5, 2, 4, 5, 6, 4, 6, 7, 6, 7, 6, 4, 3, 7, 8, 7, 8, 7, 6, 7, 6, 7, 8, 7, 8, 7, 8, 7, 6, 7, 11, 7, 8, 9, 8, 10, 8, 11, 9, 8, 9, 7, 8, 9, 8, 9, 8, 9, 8, 9, 8, 9, 8, 9, 8, 9, 8, 9, 8, 9, 8, 9, 10, 9, 12, 10, 13, 12, 14, 15, 16, 13, 11, 9, 7, 4, 2, 1, 2, 3, 2, 1, 0, 1, 2, 3, 2, 0, 3, 4, 2, 6, 9, 11, 10, 1, 0, 7, 9, 14, 19, 0, 1, 2, 1, 0, 2, 3, 2, 3, 2, 7, 6, 8, 7, 6, 7, 8, 10, 9, 8, 9, 3, 10, 9, 8, 9, 8, 9, 8, 7, 6, 8, 6, 3, 1, 6, 4, 12, 8, 6, 7, 6, 7, 6, 7, 8, 9, 7, 9, 8, 9, 8, 9, 10, 12, 9, 10, 7, 5, 10, 8, 7, 6, 7, 6, 7, 6, 8, 9, 10, 8, 9, 8, 6, 4, 3, 1, 6, 4, 6, 15, 6, 8, 6, 7, 9, 10, 8, 9, 8, 10, 8, 7, 8, 10, 9, 11, 13, 12, 13, 12, 13, 15, 14, 11, 12, 13, 14, 11, 8, 6, 11, 12, 17, 14, 11, 9, 10, 14, 10, 12, 9, 7, 6, 8, 7, 4, 14, 11, 12, 13, 9, 4, 8, 4, 5, 4, 1, 2, 1, 2, 1, 2, 3, 2, 3, 14, 15, 2, 1, 7, 9, 7, 8, 14, 1, 2, 1, 20, 19, 2, 4, 19, 20, 19, 8, 7, 8, 7, 8, 7, 9, 7, 8, 7, 9, 8, 7, 8, 7, 9, 8, 10, 8, 9, 8, 9, 8, 9, 7, 9, 7, 9, 11, 12, 11, 9, 10, 9, 10, 12, 14, 6, 3, 6, 8, 7, 6, 8, 7, 9, 8, 10, 9, 10, 8, 9, 10, 9, 11, 8, 10, 7, 9, 8, 10, 12, 9, 10, 12, 8, 9, 8, 9, 8, 0, 12, 14, 13, 15, 17, 15, 17, 19, 3, 1, 14]"
cb039d67,Task4CP,CP,-173,-122,-60,5,-79,2,-168,-112,-65,5,-69,2,-189,-134,-78,12,-86,4,-173,-98,-17,12,-15,4,"[14, 12, 0, 5, 28, 19, 14, 10, 9, 28, 6, 1, 0, 1, 2, 28, 14, 19, 1, 4, 3, 28, 5, 3, 4, 2, 1, 4, 2, 7, 3, 7, 1, 3, 5, 7, 9, 28, 11, 13, 15, 19, 23, 20, 21, 19, 2, 0, 1, 10, 9, 10, 14, 16, 9, 10, 9, 10, 12, 14, 12, 3, 9, 8, 2, 3, 6, 5, 0, 9, 3, 9, 10, 9, 11, 13, 11, 9, 12, 13, 15, 14, 15, 17, 14, 15, 14, 12, 13, 12, 14, 15, 9, 14, 5, 3, 14, 19, 28, 29, 12, 16, 18, 12, 14, 12, 14, 19, 21, 25, 30, 28, 30, 27, 28, 14, 3, 0, 2, 4, 2, 0, 28, 4, 5, 7, 5, 3, 5, 8, 5, 1, 0, 1, 5, 8, 9, 14, 10, 9, 12, 20, 9, 18, 19, 9, 8, 23, 6, 9, 10, 28, 10, 9, 6, 0, 3, 5, 3, 18, 9, 3, 9, 10, 9, 11, 9, 10, 13, 12, 28, 29, 16, 14, 15, 13, 14, 12, 16, 15, 28, 14, 13, 12, 16, 14, 12, 14, 16, 14, 15, 12, 16, 25, 28, 20, 19, 21, 28, 10, 9, 5, 12, 9, 14, 12, 28, 25, 28, 4, 12, 9, 12, 9, 10, 9, 25, 28, 12, 28, 9, 25, 28, 30, 19, 10, 28, 12, 14, 12, 14, 12, 9, 29, 10, 28, 14, 28, 19, 18, 30, 28, 29, 28, 30, 28, 29, 28, 19, 23, 12, 26, 12, 10, 16]","[9, 8, 0, 3, 19, 12, 9, 7, 6, 19, 4, 1, 0, 1, 19, 9, 12, 1, 2, 19, 3, 2, 1, 2, 1, 4, 2, 4, 1, 2, 3, 4, 6, 19, 7, 8, 9, 12, 15, 13, 14, 12, 1, 0, 1, 7, 6, 7, 9, 10, 6, 7, 6, 7, 8, 9, 8, 2, 6, 5, 1, 2, 4, 3, 0, 6, 2, 6, 7, 6, 7, 8, 7, 6, 8, 9, 10, 9, 8, 9, 6, 9, 3, 2, 9, 12, 19, 20, 8, 10, 11, 8, 9, 8, 9, 12, 14, 17, 21, 19, 21, 18, 19, 9, 2, 0, 1, 2, 1, 0, 19, 2, 3, 4, 3, 2, 3, 5, 3, 1, 0, 1, 3, 5, 6, 9, 7, 6, 8, 13, 6, 11, 12, 6, 5, 15, 4, 6, 7, 19, 7, 6, 4, 0, 2, 3, 2, 11, 6, 2, 6, 7, 6, 7, 6, 7, 8, 19, 20, 10, 9, 8, 9, 8, 10, 9, 19, 9, 8, 10, 9, 8, 9, 10, 9, 8, 10, 17, 19, 13, 12, 14, 19, 7, 6, 3, 8, 6, 9, 8, 19, 17, 19, 2, 8, 6, 8, 6, 7, 6, 17, 19, 8, 19, 6, 17, 19, 21, 12, 7, 19, 8, 9, 8, 9, 8, 6, 20, 7, 19, 9, 19, 12, 11, 21, 19, 20, 19, 21, 19, 20, 19, 12, 15, 8, 17, 8, 7, 10]"
5e4ae544,Task4CP,CP,-96,-40,-77,3,-40,1,-101,-50,-82,3,-50,1,-112,-57,-82,6,-57,1,-101,-21,-56,6,-20,2,"[1, 0, 2, 4, 1, 3, 1, 0, 1, 5, 0, 4, 1, 2, 7, 3, 7, 4, 7, 5, 1, 5, 1, 0, 3, 5, 1, 30, 31, 30, 9, 5, 9, 6, 9, 10, 5, 6, 5, 6, 5, 0, 5, 6, 5, 1, 0, 1, 0, 9, 10, 6, 9, 11, 9, 11, 9, 10, 12, 10, 12, 14, 16, 12, 3, 6, 5, 12, 11, 13, 17, 13, 11, 10, 11, 15, 11, 13, 21, 22, 17, 13, 15, 17, 15, 16, 14, 13, 16, 1, 3, 28, 14, 31, 28, 16, 10, 21, 5, 10, 11, 12, 11, 14, 16, 20, 14, 16, 14, 12, 14, 12, 15, 7, 11, 2, 13, 12, 6, 3, 6, 9, 1, 5, 9, 12, 9, 6, 9, 28, 29, 28, 10, 29, 28, 21, 22, 21, 23, 19, 28, 10, 6, 3, 0, 22, 21, 22, 21, 13, 15, 13, 15, 13, 11, 15, 17, 7]","[1, 0, 1, 2, 1, 2, 1, 0, 1, 3, 0, 2, 1, 4, 2, 4, 2, 4, 3, 1, 3, 1, 0, 2, 3, 1, 21, 22, 21, 6, 3, 6, 4, 6, 7, 3, 4, 3, 4, 3, 0, 3, 4, 3, 1, 0, 1, 0, 6, 7, 4, 6, 7, 6, 7, 6, 7, 8, 7, 8, 9, 10, 8, 2, 4, 3, 8, 7, 8, 10, 8, 7, 9, 7, 8, 14, 10, 8, 9, 10, 9, 10, 9, 8, 10, 1, 2, 19, 9, 22, 19, 10, 7, 14, 3, 7, 8, 7, 9, 10, 13, 9, 10, 9, 8, 9, 8, 9, 4, 7, 1, 8, 4, 2, 4, 6, 1, 3, 6, 8, 6, 4, 6, 19, 20, 19, 7, 20, 19, 14, 15, 12, 19, 7, 4, 2, 0, 14, 8, 9, 8, 9, 8, 7, 9, 10, 4]"
dfab1ede,Task4CP,CP,-192,-76,-125,7,-76,1,-192,-81,-137,6,-81,1,-208,-73,-96,13,-47,2,-192,-57,-65,13,-20,3,"[16, 14, 0, 1, 0, 1, 5, 21, 22, 1, 2, 1, 0, 1, 9, 6, 28, 27, 28, 30, 29, 28, 29, 24, 25, 28, 29, 28, 29, 28, 29, 28, 29, 30, 29, 21, 22, 23, 21, 23, 21, 2, 11, 6, 0, 3, 1, 0, 21, 25, 28, 29, 30, 29, 28, 29, 28, 29, 28, 29, 28, 29, 28, 29, 28, 29, 30, 29, 28, 30, 29, 28, 27, 29, 30, 28, 0, 3, 1, 0, 3, 1, 0, 1, 3, 1, 0, 21, 1, 3, 1, 3, 1, 0, 1, 6, 5, 6, 3, 6, 3, 5, 6, 7, 9, 5, 1, 0, 3, 6, 2, 4, 1, 0, 3, 16, 17, 7, 6, 5, 1, 0, 1, 15, 6, 3, 1, 3, 4, 2, 1, 5, 6, 5, 6, 7, 6, 0, 3, 6, 5, 6, 9, 7, 6, 12, 18, 9, 6, 9, 10, 12, 16, 18, 14, 16, 17, 16, 18, 21, 10, 13, 14, 12, 18, 19, 25, 21, 11, 13, 11, 9, 1, 9, 10, 14, 16, 0, 1, 6, 0, 1, 3, 14, 10, 9, 10, 9, 16, 18, 19, 18, 12, 16, 18, 16, 18, 19, 21, 9, 10, 12, 10, 9, 10, 13, 1, 25, 12, 9, 10, 9, 10, 9, 10, 14, 18, 12, 9, 10, 9, 6, 28, 15, 21, 22, 21, 23, 21, 7, 1, 7, 16, 21, 26, 28, 25, 14, 16, 18, 16, 12, 9, 16, 9, 12, 14, 16, 14, 12, 9, 12, 10, 9, 10, 12, 10, 12, 16, 14, 16, 14, 12, 18]","[10, 9, 0, 1, 0, 1, 3, 14, 1, 0, 1, 6, 4, 19, 18, 19, 21, 20, 19, 20, 16, 17, 19, 20, 19, 20, 19, 20, 19, 20, 21, 20, 14, 15, 14, 15, 14, 1, 7, 4, 0, 2, 1, 0, 14, 17, 19, 20, 21, 20, 19, 20, 19, 20, 19, 20, 19, 20, 19, 20, 19, 20, 21, 20, 19, 21, 20, 19, 18, 20, 21, 19, 0, 2, 1, 0, 2, 1, 0, 1, 2, 1, 0, 14, 1, 2, 1, 2, 1, 0, 1, 4, 3, 4, 2, 4, 2, 3, 4, 6, 3, 1, 0, 2, 4, 1, 2, 1, 0, 2, 10, 4, 3, 1, 0, 1, 9, 4, 2, 1, 2, 1, 3, 4, 3, 4, 0, 2, 4, 3, 4, 6, 4, 8, 11, 6, 4, 6, 7, 8, 10, 11, 9, 10, 11, 14, 7, 8, 9, 8, 11, 12, 17, 14, 7, 8, 7, 6, 1, 6, 7, 9, 10, 0, 1, 4, 0, 1, 2, 9, 7, 6, 7, 6, 10, 11, 12, 11, 8, 10, 11, 10, 11, 12, 14, 6, 7, 8, 7, 6, 7, 8, 1, 17, 8, 6, 7, 6, 7, 6, 7, 9, 11, 8, 6, 7, 6, 4, 19, 9, 14, 15, 14, 4, 1, 4, 10, 14, 17, 19, 17, 9, 10, 11, 10, 8, 6, 10, 6, 8, 9, 10, 9, 8, 6, 8, 7, 6, 7, 8, 7, 8, 10, 9, 10, 9, 8, 11]"
9a43cae5,Task4CP,CP,-306,-195,-197,8,-126,4,-301,-190,-197,8,-116,4,-312,-182,-148,20,-23,5,-276,-146,-109,18,19,6,"[0, 1, 0, 1, 2, 1, 2, 4, 12, 16, 18, 24, 28, 21, 28, 30, 28, 29, 26, 3, 5, 6, 5, 3, 1, 0, 3, 5, 3, 0, 3, 5, 0, 3, 0, 1, 3, 1, 3, 5, 0, 3, 0, 3, 5, 8, 0, 6, 9, 10, 14, 16, 21, 6, 7, 6, 8, 9, 5, 9, 10, 12, 9, 1, 14, 12, 13, 12, 10, 13, 14, 16, 19, 18, 19, 18, 19, 23, 19, 18, 5, 0, 1, 0, 1, 0, 1, 3, 1, 3, 5, 3, 28, 12, 3, 6, 3, 5, 1, 3, 5, 6, 9, 6, 9, 0, 6, 9, 19, 9, 18, 9, 20, 9, 18, 25, 10, 9, 0, 9, 5, 6, 8, 29, 9, 10, 9, 10, 9, 10, 9, 10, 9, 10, 9, 10, 12, 14, 12, 9, 10, 13, 12, 14, 16, 13, 10, 12, 13, 12, 13, 10, 12, 10, 12, 10, 13, 10, 14, 9, 14, 10, 13, 28, 13, 12, 10, 14, 12, 9, 14, 18, 19, 16, 12, 14, 12, 13, 12, 13, 0, 28, 14, 10, 9, 16, 14, 16, 19, 18, 19, 23, 19, 10, 12, 10, 12, 9, 6, 3, 14, 19, 3, 10, 12, 10, 12, 10, 12, 10, 6, 0, 1, 19, 20, 19, 16, 14, 12, 10, 19, 9, 6, 9, 6, 9, 20, 9, 21, 19, 21, 23, 8, 31, 9, 10, 9, 10, 9, 10, 12, 13, 12, 13, 12, 13, 16, 14, 16, 19, 18, 19, 14, 16, 19, 18, 12, 18, 19, 6, 3, 23, 19, 5, 3, 14, 16, 18, 12, 9, 10, 12, 21, 25, 12, 10, 12, 9, 29, 10, 9, 21, 29, 9, 10, 12, 29, 10, 12, 13, 12, 14, 10, 13, 12, 14, 10, 9, 10, 9, 10, 9, 10, 13, 12, 14, 10, 9, 10, 9, 12, 28, 10, 12, 19, 12, 15, 12, 14, 15, 13, 12, 13, 12, 16, 15, 13, 12, 13, 10, 12, 10, 9, 29, 28, 16, 10, 12, 14, 12, 15, 12, 13, 12, 14, 25, 10, 28, 10, 12, 13, 14, 10, 16, 9, 10, 12, 13, 12, 14, 10, 12, 10, 13, 12, 18, 19, 16, 19, 18, 16, 10, 13]","[0, 1, 0, 1, 2, 8, 10, 11, 16, 19, 14, 19, 21, 19, 20, 17, 2, 3, 4, 3, 2, 1, 0, 2, 3, 2, 0, 2, 3, 0, 2, 0, 1, 2, 1, 2, 3, 0, 2, 0, 2, 3, 5, 0, 4, 6, 7, 9, 10, 14, 4, 5, 6, 3, 6, 7, 8, 6, 1, 9, 8, 7, 8, 9, 10, 12, 11, 12, 11, 12, 15, 12, 11, 3, 0, 1, 0, 1, 0, 1, 2, 1, 2, 3, 2, 19, 8, 2, 4, 2, 3, 1, 2, 3, 4, 6, 4, 6, 0, 4, 6, 12, 6, 11, 6, 13, 6, 11, 17, 7, 6, 0, 6, 3, 4, 5, 20, 6, 7, 6, 7, 6, 7, 6, 7, 6, 7, 6, 7, 8, 9, 8, 6, 7, 8, 9, 10, 8, 7, 8, 7, 8, 7, 8, 7, 8, 7, 9, 6, 9, 7, 8, 19, 8, 7, 9, 8, 6, 9, 11, 12, 10, 8, 9, 8, 0, 19, 9, 7, 6, 10, 9, 10, 12, 11, 12, 15, 12, 7, 8, 7, 8, 6, 4, 2, 9, 12, 2, 7, 8, 7, 8, 7, 8, 7, 4, 0, 1, 12, 13, 12, 10, 9, 8, 7, 12, 6, 4, 6, 4, 6, 13, 6, 14, 12, 14, 15, 5, 22, 6, 7, 6, 7, 6, 7, 8, 10, 9, 10, 12, 11, 12, 9, 10, 12, 11, 8, 11, 12, 4, 2, 15, 12, 3, 2, 9, 10, 11, 8, 6, 7, 8, 14, 17, 8, 7, 8, 6, 20, 7, 6, 14, 20, 6, 7, 8, 20, 7, 8, 9, 7, 8, 9, 7, 6, 7, 6, 7, 6, 7, 8, 9, 7, 6, 7, 6, 8, 19, 7, 8, 12, 8, 9, 8, 9, 8, 10, 9, 8, 7, 8, 7, 6, 20, 19, 10, 7, 8, 9, 8, 9, 8, 9, 17, 7, 19, 7, 8, 9, 7, 10, 6, 7, 8, 9, 7, 8, 7, 8, 11, 12, 10, 12, 11, 10, 7, 8]"
66310afd,Task4CP,CP,-303,-187,-238,6,-116,3,-303,-187,-228,6,-116,3,-324,-204,-214,16,-74,6,-303,-173,-176,18,-3,6,"[0, 1, 10, 6, 0, 1, 6, 1, 2, 4, 7, 2, 0, 1, 0, 1, 0, 1, 5, 1, 5, 1, 4, 3, 6, 3, 5, 1, 0, 5, 3, 5, 6, 1, 0, 5, 6, 3, 1, 0, 6, 1, 5, 6, 5, 0, 8, 9, 6, 5, 1, 3, 5, 3, 5, 1, 3, 1, 5, 1, 0, 4, 2, 4, 11, 4, 3, 1, 8, 10, 9, 10, 9, 10, 9, 5, 1, 0, 12, 9, 10, 1, 5, 6, 9, 6, 8, 14, 10, 9, 0, 3, 5, 9, 6, 3, 12, 9, 10, 11, 17, 10, 9, 10, 9, 10, 9, 12, 9, 6, 8, 9, 10, 11, 9, 10, 9, 10, 12, 10, 9, 28, 10, 9, 11, 9, 10, 9, 10, 9, 10, 9, 10, 9, 11, 10, 12, 10, 9, 12, 10, 9, 10, 9, 10, 9, 28, 9, 10, 9, 12, 10, 9, 10, 28, 9, 3, 1, 0, 16, 11, 10, 11, 17, 15, 17, 12, 10, 12, 14, 16, 18, 12, 11, 10, 12, 10, 11, 8, 6, 10, 9, 6, 9, 12, 0, 1, 3, 5, 6, 5, 3, 5, 6, 5, 6, 10, 12, 10, 12, 10, 12, 10, 12, 16, 14, 12, 14, 10, 12, 14, 12, 16, 18, 20, 18, 14, 20, 12, 14, 15, 11, 12, 11, 13, 15, 13, 15, 11, 10, 12, 15, 17, 13, 15, 14, 15, 14, 16, 14, 16, 14, 15, 22, 14, 12, 14, 15, 12, 14, 16, 14, 16, 18, 16, 14, 15, 25, 14, 10, 9, 10, 13, 11, 17, 9, 10, 9, 10, 12, 10, 9, 18, 16, 14, 16, 14, 9, 0, 4, 2, 4, 2, 4, 2, 4, 7, 4, 3, 0, 7, 13, 7, 11, 21, 7, 13, 11, 7, 5, 9, 10, 3, 5, 6, 7, 2, 3, 7, 11, 7, 4, 9, 18, 10, 9, 10, 9, 12, 9, 10, 9, 12, 11, 10, 9, 10, 14, 19, 14, 10, 20, 14, 10, 19, 20, 19, 1, 5, 3, 1, 0, 1, 6, 10, 6, 9, 14, 12, 10, 12, 21, 12, 10, 3, 5, 3, 6, 1, 0, 1, 0, 8, 5, 12, 15, 13, 15, 4, 15]","[0, 1, 7, 4, 0, 1, 4, 1, 2, 4, 1, 0, 1, 0, 1, 0, 1, 3, 1, 3, 1, 2, 4, 2, 3, 1, 0, 3, 2, 3, 4, 1, 0, 3, 4, 2, 1, 0, 4, 1, 3, 4, 3, 0, 5, 6, 4, 3, 1, 2, 3, 2, 3, 1, 2, 1, 3, 1, 0, 2, 1, 2, 7, 2, 1, 5, 7, 6, 7, 6, 7, 6, 3, 1, 0, 8, 6, 7, 1, 3, 4, 6, 4, 5, 9, 7, 6, 0, 2, 3, 6, 4, 2, 8, 6, 7, 10, 7, 6, 7, 6, 7, 6, 8, 6, 4, 5, 6, 7, 6, 7, 6, 7, 8, 7, 6, 19, 7, 6, 7, 6, 7, 6, 7, 6, 7, 6, 7, 6, 7, 8, 7, 6, 8, 7, 6, 7, 6, 7, 6, 19, 6, 7, 6, 8, 7, 6, 7, 19, 6, 2, 1, 0, 10, 7, 10, 9, 10, 8, 7, 8, 9, 10, 11, 8, 7, 8, 7, 5, 4, 7, 6, 4, 6, 8, 0, 1, 2, 3, 4, 3, 2, 3, 4, 3, 4, 7, 8, 7, 8, 7, 8, 7, 8, 10, 9, 8, 9, 7, 8, 9, 8, 10, 11, 13, 11, 9, 13, 8, 9, 7, 8, 7, 8, 9, 8, 9, 7, 8, 9, 10, 8, 9, 10, 9, 10, 9, 14, 9, 8, 9, 8, 9, 10, 9, 10, 11, 10, 9, 17, 9, 7, 6, 7, 8, 7, 10, 6, 7, 6, 7, 8, 7, 6, 11, 10, 9, 10, 9, 6, 0, 2, 1, 2, 1, 2, 1, 2, 4, 2, 0, 4, 8, 4, 7, 14, 4, 8, 7, 4, 3, 6, 7, 2, 3, 4, 1, 2, 4, 7, 4, 2, 6, 11, 7, 6, 7, 6, 8, 6, 7, 6, 8, 7, 6, 7, 9, 12, 9, 7, 13, 9, 7, 12, 13, 12, 1, 3, 2, 1, 0, 1, 4, 7, 4, 6, 9, 8, 7, 8, 14, 8, 7, 2, 3, 2, 4, 1, 0, 1, 0, 5, 3, 8, 9, 8, 9, 2, 9]"
615db7bf,Task5CM,CM,0,0,0,0,0,0,0,0,0,0,0,0,-106,-17,-59,5,-5,2,-106,-17,-59,5,-5,2,"[6, 0, 9, 7, 12, 16, 9, 2, 0, 1, 0, 1, 0, 2, 1, 0, 1, 0, 1, 0, 1, 2, 1, 2, 1, 2, 3, 2, 3, 2, 3, 4, 3, 2, 1, 0, 1, 3, 7, 5, 4, 5, 6, 5, 6, 5, 6, 7, 6, 5, 4, 3, 16, 6, 5, 6, 5, 6, 5, 6, 5, 6, 5, 6, 3, 2, 3, 2, 3, 4, 2, 3, 2, 3, 4, 2, 3, 2, 3, 4, 5, 6, 5, 6, 3, 4, 3, 2, 3, 2, 4, 2, 3, 0, 2, 6, 5, 6, 5, 6, 5, 6, 7, 13, 11, 10, 7, 11, 16, 15, 13, 15, 7, 15, 17, 11, 7, 6, 13, 6, 13, 6, 3, 4, 3, 4, 3, 15, 13, 7, 9, 6, 5, 7, 15, 9, 13, 11, 15, 6, 7, 3, 4, 15, 16, 15, 17, 15, 18, 15, 17, 15, 18, 15, 16, 10, 7, 6, 11]","[6, 0, 9, 7, 12, 16, 9, 2, 0, 1, 0, 1, 0, 2, 1, 0, 1, 0, 1, 0, 1, 2, 1, 2, 1, 2, 3, 2, 3, 2, 3, 4, 3, 2, 1, 0, 1, 3, 7, 5, 4, 5, 6, 5, 6, 5, 6, 7, 6, 5, 4, 3, 16, 6, 5, 6, 5, 6, 5, 6, 5, 6, 5, 6, 3, 2, 3, 2, 3, 4, 2, 3, 2, 3, 4, 2, 3, 2, 3, 4, 5, 6, 5, 6, 3, 4, 3, 2, 3, 2, 4, 2, 3, 0, 2, 6, 5, 6, 5, 6, 5, 6, 7, 13, 11, 10, 7, 11, 16, 15, 13, 15, 7, 15, 17, 11, 7, 6, 13, 6, 13, 6, 3, 4, 3, 4, 3, 15, 13, 7, 9, 6, 5, 7, 15, 9, 13, 11, 15, 6, 7, 3, 4, 15, 16, 15, 17, 15, 18, 15, 17, 15, 18, 15, 16, 10, 7, 6, 11]"
f9ec2bc7,Task5CM,CM,0,0,0,0,0,0,0,0,0,0,0,0,-383,-249,-116,20,14,5,-383,-249,-116,20,14,5,"[7, 1, 0, 1, 2, 1, 0, 1, 2, 1, 2, 1, 2, 0, 1, 3, 2, 3, 4, 2, 3, 10, 13, 3, 6, 15, 16, 15, 3, 2, 3, 4, 5, 3, 4, 5, 4, 6, 5, 6, 5, 4, 3, 4, 5, 4, 6, 4, 5, 3, 5, 4, 5, 4, 3, 4, 3, 6, 5, 6, 5, 7, 5, 3, 5, 11, 6, 5, 4, 5, 7, 6, 5, 6, 4, 5, 7, 6, 5, 6, 5, 6, 5, 6, 5, 6, 7, 6, 7, 6, 5, 6, 5, 6, 5, 6, 7, 6, 7, 4, 5, 6, 7, 4, 5, 6, 7, 8, 9, 7, 9, 7, 13, 15, 17, 9, 5, 3, 4, 3, 5, 6, 16, 15, 6, 7, 5, 6, 15, 18, 17, 15, 16, 15, 5, 15, 3, 16, 15, 3, 2, 15, 16, 3, 16, 15, 5, 15, 4, 5, 6, 7, 18, 7, 10, 5, 4, 1, 0, 13, 15, 16, 15, 5, 7, 16, 15, 16, 15, 16, 15, 16, 2, 0, 2, 1, 2, 3, 7, 16, 17, 15, 16, 6, 7, 9, 11, 5, 1, 7, 18, 19, 18, 17, 15, 16, 15, 17, 15, 16, 5, 6, 5, 6, 5, 6, 5, 17, 18, 17, 7, 6, 5, 4, 5, 7, 6, 16, 15, 7, 6, 5, 3, 16, 15, 16, 7, 6, 4, 3, 17, 16, 15, 18, 17, 16, 15, 13, 15, 4, 15, 16, 15, 7, 19, 18, 17, 16, 15, 16, 17, 18, 17, 16, 15, 16, 15, 17, 16, 15, 16, 15, 6, 0, 8, 6, 16, 17, 16, 15, 17, 15, 6, 4, 5, 0, 15, 17, 19, 18, 6, 5, 13, 15, 9, 15, 4, 0, 7, 5, 0, 17, 13, 6, 1, 0, 7, 3, 0, 7, 6, 2, 1, 2, 3, 4, 6, 3, 16, 3, 16, 15, 8, 3, 5, 6, 5, 1, 2, 15, 10, 9, 7, 6, 5, 6, 5, 16, 15, 7, 6, 5, 4, 16, 15, 16, 15, 7, 5, 17, 6, 4, 3, 0, 4, 5, 6, 4, 3, 4, 5, 4, 1, 2, 1, 15, 4, 2, 3, 2, 5, 4, 3, 5, 15, 16, 15, 16, 15, 6, 15, 16, 15, 16, 15, 16, 15, 13, 15, 12, 16, 6, 4, 3, 4, 16, 15, 7, 15, 16, 15, 16, 15, 16, 15, 5, 6, 4, 3, 17, 15, 17, 16, 6, 5, 16, 17, 7, 5, 6, 15, 16, 6, 16, 15, 16, 15, 16, 17, 16, 15, 16, 15, 16, 15, 7, 6, 16, 15, 7, 5, 6, 4, 6, 17, 16, 17, 15, 16, 5, 0, 13, 16, 15, 16, 7]","[7, 1, 0, 1, 2, 1, 0, 1, 2, 1, 2, 1, 2, 0, 1, 3, 2, 3, 4, 2, 3, 10, 13, 3, 6, 15, 16, 15, 3, 2, 3, 4, 5, 3, 4, 5, 4, 6, 5, 6, 5, 4, 3, 4, 5, 4, 6, 4, 5, 3, 5, 4, 5, 4, 3, 4, 3, 6, 5, 6, 5, 7, 5, 3, 5, 11, 6, 5, 4, 5, 7, 6, 5, 6, 4, 5, 7, 6, 5, 6, 5, 6, 5, 6, 5, 6, 7, 6, 7, 6, 5, 6, 5, 6, 5, 6, 7, 6, 7, 4, 5, 6, 7, 4, 5, 6, 7, 8, 9, 7, 9, 7, 13, 15, 17, 9, 5, 3, 4, 3, 5, 6, 16, 15, 6, 7, 5, 6, 15, 18, 17, 15, 16, 15, 5, 15, 3, 16, 15, 3, 2, 15, 16, 3, 16, 15, 5, 15, 4, 5, 6, 7, 18, 7, 10, 5, 4, 1, 0, 13, 15, 16, 15, 5, 7, 16, 15, 16, 15, 16, 15, 16, 2, 0, 2, 1, 2, 3, 7, 16, 17, 15, 16, 6, 7, 9, 11, 5, 1, 7, 18, 19, 18, 17, 15, 16, 15, 17, 15, 16, 5, 6, 5, 6, 5, 6, 5, 17, 18, 17, 7, 6, 5, 4, 5, 7, 6, 16, 15, 7, 6, 5, 3, 16, 15, 16, 7, 6, 4, 3, 17, 16, 15, 18, 17, 16, 15, 13, 15, 4, 15, 16, 15, 7, 19, 18, 17, 16, 15, 16, 17, 18, 17, 16, 15, 16, 15, 17, 16, 15, 16, 15, 6, 0, 8, 6, 16, 17, 16, 15, 17, 15, 6, 4, 5, 0, 15, 17, 19, 18, 6, 5, 13, 15, 9, 15, 4, 0, 7, 5, 0, 17, 13, 6, 1, 0, 7, 3, 0, 7, 6, 2, 1, 2, 3, 4, 6, 3, 16, 3, 16, 15, 8, 3, 5, 6, 5, 1, 2, 15, 10, 9, 7, 6, 5, 6, 5, 16, 15, 7, 6, 5, 4, 16, 15, 16, 15, 7, 5, 17, 6, 4, 3, 0, 4, 5, 6, 4, 3, 4, 5, 4, 1, 2, 1, 15, 4, 2, 3, 2, 5, 4, 3, 5, 15, 16, 15, 16, 15, 6, 15, 16, 15, 16, 15, 16, 15, 13, 15, 12, 16, 6, 4, 3, 4, 16, 15, 7, 15, 16, 15, 16, 15, 16, 15, 5, 6, 4, 3, 17, 15, 17, 16, 6, 5, 16, 17, 7, 5, 6, 15, 16, 6, 16, 15, 16, 15, 16, 17, 16, 15, 16, 15, 16, 15, 7, 6, 16, 15, 7, 5, 6, 4, 6, 17, 16, 17, 15, 16, 5, 0, 13, 16, 15, 16, 7]"
dac593bd,Task5CM,CM,0,0,0,0,0,0,0,0,0,0,0,0,-516,-322,-114,25,103,6,-516,-322,-114,25,103,6,"[9, 4, 2, 0, 9, 10, 13, 3, 0, 8, 6, 5, 3, 11, 13, 15, 16, 17, 16, 17, 16, 17, 16, 18, 16, 17, 18, 17, 16, 5, 9, 10, 9, 10, 11, 7, 9, 7, 0, 1, 2, 4, 6, 5, 2, 4, 3, 2, 1, 2, 3, 2, 3, 4, 3, 4, 3, 2, 4, 6, 4, 5, 7, 6, 4, 6, 5, 0, 4, 5, 7, 19, 20, 19, 18, 7, 11, 15, 13, 15, 16, 15, 17, 16, 17, 19, 16, 15, 16, 17, 16, 18, 15, 17, 15, 16, 15, 2, 0, 1, 0, 1, 0, 1, 2, 3, 2, 1, 0, 2, 3, 2, 0, 3, 2, 13, 0, 3, 4, 5, 4, 3, 4, 5, 6, 5, 6, 4, 5, 4, 5, 7, 5, 6, 7, 5, 3, 4, 5, 4, 5, 3, 4, 5, 6, 4, 5, 3, 5, 2, 5, 6, 5, 6, 7, 5, 4, 5, 6, 17, 4, 6, 7, 15, 16, 15, 17, 16, 17, 9, 1, 4, 3, 2, 3, 4, 1, 5, 6, 7, 6, 7, 6, 7, 5, 7, 5, 6, 7, 5, 3, 4, 2, 3, 2, 3, 4, 3, 7, 5, 6, 15, 17, 16, 17, 19, 17, 9, 1, 0, 2, 6, 8, 7, 6, 9, 3, 2, 1, 0, 1, 2, 3, 4, 3, 4, 5, 4, 3, 4, 2, 1, 4, 7, 5, 6, 5, 4, 6, 7, 6, 7, 9, 7, 6, 5, 4, 5, 3, 6, 4, 15, 16, 15, 16, 3, 5, 4, 3, 2, 4, 6, 5, 9, 6, 5, 7, 9, 7, 8, 7, 5, 7, 5, 4, 2, 3, 4, 5, 4, 2, 5, 2, 5, 6, 7, 15, 17, 18, 16, 15, 19, 18, 17, 15, 5, 4, 2, 9, 17, 9, 7, 15, 4, 1, 3, 4, 5, 3, 5, 3, 4, 5, 4, 9, 5, 6, 5, 9, 6, 4, 6, 9, 3, 5, 6, 4, 5, 3, 1, 2, 3, 5, 3, 4, 1, 0, 1, 5, 4, 5, 4, 5, 4, 5, 7, 17, 15, 16, 15, 7, 6, 5, 6, 5, 17, 15, 7, 5, 4, 5, 6, 7, 6, 16, 15, 7, 5, 3, 2, 1, 2, 1, 2, 3, 1, 15, 16, 2, 1, 2, 1, 2, 0, 1, 0, 3, 2, 1, 7, 2, 3, 5, 7, 5, 6, 5, 3, 1, 6, 5, 6, 7, 11, 6, 7, 6, 5, 7, 4, 7, 5, 7, 9, 7, 6, 7, 6, 4, 3, 4, 5, 15, 6, 4, 1, 2, 1, 4, 5, 8, 5, 6, 7, 9, 4, 7, 5, 7, 9, 7, 5, 7, 9, 7, 6, 9, 8, 6, 15, 4, 2, 15, 5, 15, 16, 15, 9, 5, 4, 3, 4, 5, 7, 16, 15, 16, 7, 16, 17, 6, 15, 13, 5, 8, 7, 13, 7, 5, 3, 1, 0, 7, 8, 13, 15, 16, 15, 16, 15, 4, 2, 1, 9, 15, 13, 15, 5, 2, 1, 2, 13, 18, 17, 19, 17, 6, 13, 7, 5, 4, 5, 3, 4, 3, 6, 7, 4, 6, 7, 6, 7, 6, 9, 7, 9, 7, 2, 1, 5, 9, 7, 5, 7, 17, 15, 13, 15, 7, 9, 7, 6, 7, 5, 6, 5, 13, 15, 5, 13, 18, 17, 15, 7, 9, 18, 15, 6, 15, 16, 15, 16, 17, 9, 7, 5, 16, 15, 5, 15, 16, 15, 13, 15]","[9, 4, 2, 0, 9, 10, 13, 3, 0, 8, 6, 5, 3, 11, 13, 15, 16, 17, 16, 17, 16, 17, 16, 18, 16, 17, 18, 17, 16, 5, 9, 10, 9, 10, 11, 7, 9, 7, 0, 1, 2, 4, 6, 5, 2, 4, 3, 2, 1, 2, 3, 2, 3, 4, 3, 4, 3, 2, 4, 6, 4, 5, 7, 6, 4, 6, 5, 0, 4, 5, 7, 19, 20, 19, 18, 7, 11, 15, 13, 15, 16, 15, 17, 16, 17, 19, 16, 15, 16, 17, 16, 18, 15, 17, 15, 16, 15, 2, 0, 1, 0, 1, 0, 1, 2, 3, 2, 1, 0, 2, 3, 2, 0, 3, 2, 13, 0, 3, 4, 5, 4, 3, 4, 5, 6, 5, 6, 4, 5, 4, 5, 7, 5, 6, 7, 5, 3, 4, 5, 4, 5, 3, 4, 5, 6, 4, 5, 3, 5, 2, 5, 6, 5, 6, 7, 5, 4, 5, 6, 17, 4, 6, 7, 15, 16, 15, 17, 16, 17, 9, 1, 4, 3, 2, 3, 4, 1, 5, 6, 7, 6, 7, 6, 7, 5, 7, 5, 6, 7, 5, 3, 4, 2, 3, 2, 3, 4, 3, 7, 5, 6, 15, 17, 16, 17, 19, 17, 9, 1, 0, 2, 6, 8, 7, 6, 9, 3, 2, 1, 0, 1, 2, 3, 4, 3, 4, 5, 4, 3, 4, 2, 1, 4, 7, 5, 6, 5, 4, 6, 7, 6, 7, 9, 7, 6, 5, 4, 5, 3, 6, 4, 15, 16, 15, 16, 3, 5, 4, 3, 2, 4, 6, 5, 9, 6, 5, 7, 9, 7, 8, 7, 5, 7, 5, 4, 2, 3, 4, 5, 4, 2, 5, 2, 5, 6, 7, 15, 17, 18, 16, 15, 19, 18, 17, 15, 5, 4, 2, 9, 17, 9, 7, 15, 4, 1, 3, 4, 5, 3, 5, 3, 4, 5, 4, 9, 5, 6, 5, 9, 6, 4, 6, 9, 3, 5, 6, 4, 5, 3, 1, 2, 3, 5, 3, 4, 1, 0, 1, 5, 4, 5, 4, 5, 4, 5, 7, 17, 15, 16, 15, 7, 6, 5, 6, 5, 17, 15, 7, 5, 4, 5, 6, 7, 6, 16, 15, 7, 5, 3, 2, 1, 2, 1, 2, 3, 1, 15, 16, 2, 1, 2, 1, 2, 0, 1, 0, 3, 2, 1, 7, 2, 3, 5, 7, 5, 6, 5, 3, 1, 6, 5, 6, 7, 11, 6, 7, 6, 5, 7, 4, 7, 5, 7, 9, 7, 6, 7, 6, 4, 3, 4, 5, 15, 6, 4, 1, 2, 1, 4, 5, 8, 5, 6, 7, 9, 4, 7, 5, 7, 9, 7, 5, 7, 9, 7, 6, 9, 8, 6, 15, 4, 2, 15, 5, 15, 16, 15, 9, 5, 4, 3, 4, 5, 7, 16, 15, 16, 7, 16, 17, 6, 15, 13, 5, 8, 7, 13, 7, 5, 3, 1, 0, 7, 8, 13, 15, 16, 15, 16, 15, 4, 2, 1, 9, 15, 13, 15, 5, 2, 1, 2, 13, 18, 17, 19, 17, 6, 13, 7, 5, 4, 5, 3, 4, 3, 6, 7, 4, 6, 7, 6, 7, 6, 9, 7, 9, 7, 2, 1, 5, 9, 7, 5, 7, 17, 15, 13, 15, 7, 9, 7, 6, 7, 5, 6, 5, 13, 15, 5, 13, 18, 17, 15, 7, 9, 18, 15, 6, 15, 16, 15, 16, 17, 9, 7, 5, 16, 15, 5, 15, 16, 15, 13, 15]"
b1c5e27d,Task5CM,CM,0,0,0,0,0,0,0,0,0,0,0,0,-393,-229,-81,20,148,7,-393,-229,-81,20,148,7,"[9, 5, 0, 2, 1, 0, 3, 0, 1, 2, 4, 2, 5, 3, 2, 0, 1, 3, 2, 3, 5, 10, 13, 9, 7, 5, 13, 15, 8, 5, 4, 3, 2, 3, 1, 3, 4, 3, 5, 3, 1, 2, 4, 5, 4, 9, 4, 5, 4, 6, 5, 7, 5, 6, 5, 7, 5, 1, 2, 8, 4, 6, 5, 6, 7, 9, 7, 11, 10, 13, 15, 16, 17, 15, 10, 11, 16, 15, 11, 10, 7, 17, 16, 15, 10, 13, 10, 6, 5, 6, 9, 7, 6, 5, 7, 4, 5, 9, 6, 5, 3, 0, 2, 3, 8, 5, 4, 5, 11, 5, 6, 3, 4, 7, 6, 5, 4, 3, 6, 5, 6, 4, 3, 6, 5, 9, 6, 5, 4, 6, 5, 3, 4, 9, 5, 6, 5, 6, 5, 6, 8, 5, 7, 5, 8, 7, 5, 7, 5, 4, 3, 2, 1, 2, 3, 4, 5, 9, 6, 5, 6, 5, 4, 6, 3, 2, 3, 2, 1, 5, 8, 7, 11, 7, 4, 6, 5, 9, 4, 7, 5, 4, 3, 2, 1, 2, 3, 1, 2, 3, 4, 3, 4, 6, 7, 10, 9, 7, 6, 15, 16, 17, 16, 15, 9, 7, 6, 9, 5, 7, 5, 4, 5, 6, 4, 2, 5, 7, 9, 7, 3, 2, 6, 2, 1, 3, 0, 1, 2, 3, 4, 3, 4, 3, 4, 3, 2, 5, 2, 0, 6, 5, 4, 3, 5, 6, 5, 7, 5, 8, 3, 2, 3, 0, 3, 5, 6, 7, 10, 16, 15, 6, 5, 7, 6, 10, 1, 18, 6, 5, 7, 5, 4, 2, 0, 1, 2, 3, 4, 2, 3, 2, 3, 2, 3, 2, 1, 2, 3, 2, 5, 2, 3, 4, 7, 5, 7, 6, 5, 9, 6, 5, 7, 6, 5, 6, 5, 7, 5, 6, 4, 5, 2, 1, 3, 4, 2, 6, 4, 3, 5, 6, 7, 8, 9, 11, 16, 19, 2, 4, 2, 3, 9, 7, 5, 6, 4, 5, 7, 6, 17, 15, 13, 4, 2, 4, 5, 2, 4, 3, 2, 6, 3, 2, 0, 7, 4, 3, 5, 4, 7, 18, 5, 4, 13, 4, 3, 7, 4, 5, 4, 7, 4, 5, 4, 6, 7, 5, 15, 6, 5, 7, 6, 5, 8, 11, 10, 5, 6, 5, 6, 7, 13, 15, 14, 6, 4, 3, 5, 3, 1, 3, 1, 15, 16, 3, 0, 8, 13, 7, 4, 2, 6, 3, 6, 5, 9, 6, 5, 6, 15, 9, 5, 7, 5, 6, 5, 6, 5, 7, 6, 7, 6, 7, 6, 5, 6, 7, 6, 7, 9, 6, 15, 14, 6, 7, 5, 4, 7, 6, 5, 6, 11, 6, 16, 9]","[9, 5, 0, 2, 1, 0, 3, 0, 1, 2, 4, 2, 5, 3, 2, 0, 1, 3, 2, 3, 5, 10, 13, 9, 7, 5, 13, 15, 8, 5, 4, 3, 2, 3, 1, 3, 4, 3, 5, 3, 1, 2, 4, 5, 4, 9, 4, 5, 4, 6, 5, 7, 5, 6, 5, 7, 5, 1, 2, 8, 4, 6, 5, 6, 7, 9, 7, 11, 10, 13, 15, 16, 17, 15, 10, 11, 16, 15, 11, 10, 7, 17, 16, 15, 10, 13, 10, 6, 5, 6, 9, 7, 6, 5, 7, 4, 5, 9, 6, 5, 3, 0, 2, 3, 8, 5, 4, 5, 11, 5, 6, 3, 4, 7, 6, 5, 4, 3, 6, 5, 6, 4, 3, 6, 5, 9, 6, 5, 4, 6, 5, 3, 4, 9, 5, 6, 5, 6, 5, 6, 8, 5, 7, 5, 8, 7, 5, 7, 5, 4, 3, 2, 1, 2, 3, 4, 5, 9, 6, 5, 6, 5, 4, 6, 3, 2, 3, 2, 1, 5, 8, 7, 11, 7, 4, 6, 5, 9, 4, 7, 5, 4, 3, 2, 1, 2, 3, 1, 2, 3, 4, 3, 4, 6, 7, 10, 9, 7, 6, 15, 16, 17, 16, 15, 9, 7, 6, 9, 5, 7, 5, 4, 5, 6, 4, 2, 5, 7, 9, 7, 3, 2, 6, 2, 1, 3, 0, 1, 2, 3, 4, 3, 4, 3, 4, 3, 2, 5, 2, 0, 6, 5, 4, 3, 5, 6, 5, 7, 5, 8, 3, 2, 3, 0, 3, 5, 6, 7, 10, 16, 15, 6, 5, 7, 6, 10, 1, 18, 6, 5, 7, 5, 4, 2, 0, 1, 2, 3, 4, 2, 3, 2, 3, 2, 3, 2, 1, 2, 3, 2, 5, 2, 3, 4, 7, 5, 7, 6, 5, 9, 6, 5, 7, 6, 5, 6, 5, 7, 5, 6, 4, 5, 2, 1, 3, 4, 2, 6, 4, 3, 5, 6, 7, 8, 9, 11, 16, 19, 2, 4, 2, 3, 9, 7, 5, 6, 4, 5, 7, 6, 17, 15, 13, 4, 2, 4, 5, 2, 4, 3, 2, 6, 3, 2, 0, 7, 4, 3, 5, 4, 7, 18, 5, 4, 13, 4, 3, 7, 4, 5, 4, 7, 4, 5, 4, 6, 7, 5, 15, 6, 5, 7, 6, 5, 8, 11, 10, 5, 6, 5, 6, 7, 13, 15, 14, 6, 4, 3, 5, 3, 1, 3, 1, 15, 16, 3, 0, 8, 13, 7, 4, 2, 6, 3, 6, 5, 9, 6, 5, 6, 15, 9, 5, 7, 5, 6, 5, 6, 5, 7, 6, 7, 6, 7, 6, 5, 6, 7, 6, 7, 9, 6, 15, 14, 6, 7, 5, 4, 7, 6, 5, 6, 11, 6, 16, 9]"
967a04d0,Task5CM,CM,0,0,0,0,0,0,0,0,0,0,0,0,-149,-50,-96,7,-18,2,-149,-50,-96,7,-18,2,"[2, 0, 1, 0, 1, 0, 1, 2, 5, 2, 1, 2, 1, 2, 1, 0, 1, 2, 0, 2, 1, 2, 4, 2, 1, 2, 4, 1, 2, 3, 2, 3, 2, 1, 3, 4, 2, 4, 2, 3, 2, 4, 1, 3, 5, 4, 5, 3, 4, 3, 5, 3, 4, 5, 3, 5, 6, 5, 4, 5, 4, 0, 6, 4, 6, 5, 6, 5, 6, 5, 6, 5, 6, 5, 4, 5, 6, 4, 3, 6, 5, 4, 2, 6, 4, 2, 3, 5, 6, 3, 5, 4, 5, 6, 5, 7, 6, 7, 8, 11, 8, 6, 7, 5, 6, 8, 7, 6, 7, 11, 7, 5, 6, 7, 15, 16, 17, 16, 15, 16, 15, 13, 8, 6, 11, 16, 7, 16, 6, 4, 7, 5, 6, 4, 15, 9, 15, 16, 6, 4, 6, 5, 8, 15, 16, 15, 16, 8, 4, 3, 9, 13, 16, 8, 7, 8, 9, 8, 6, 13, 10, 5, 3, 13, 15, 7, 15, 7, 13, 15, 6, 9, 15, 16, 15, 17, 15, 16, 15, 16, 15, 16, 15, 16, 15, 16, 9, 7, 15, 16, 13, 15, 16, 15, 16, 15, 18, 15, 16, 15, 16, 18, 15, 16, 17, 15, 16]","[2, 0, 1, 0, 1, 0, 1, 2, 5, 2, 1, 2, 1, 2, 1, 0, 1, 2, 0, 2, 1, 2, 4, 2, 1, 2, 4, 1, 2, 3, 2, 3, 2, 1, 3, 4, 2, 4, 2, 3, 2, 4, 1, 3, 5, 4, 5, 3, 4, 3, 5, 3, 4, 5, 3, 5, 6, 5, 4, 5, 4, 0, 6, 4, 6, 5, 6, 5, 6, 5, 6, 5, 6, 5, 4, 5, 6, 4, 3, 6, 5, 4, 2, 6, 4, 2, 3, 5, 6, 3, 5, 4, 5, 6, 5, 7, 6, 7, 8, 11, 8, 6, 7, 5, 6, 8, 7, 6, 7, 11, 7, 5, 6, 7, 15, 16, 17, 16, 15, 16, 15, 13, 8, 6, 11, 16, 7, 16, 6, 4, 7, 5, 6, 4, 15, 9, 15, 16, 6, 4, 6, 5, 8, 15, 16, 15, 16, 8, 4, 3, 9, 13, 16, 8, 7, 8, 9, 8, 6, 13, 10, 5, 3, 13, 15, 7, 15, 7, 13, 15, 6, 9, 15, 16, 15, 17, 15, 16, 15, 16, 15, 16, 15, 16, 15, 16, 9, 7, 15, 16, 13, 15, 16, 15, 16, 15, 18, 15, 16, 15, 16, 18, 15, 16, 17, 15, 16]"
66b337a9,Task5CM,CM,0,0,0,0,0,0,0,0,0,0,0,0,-465,-271,-155,26,153,8,-465,-271,-155,26,153,8,"[0, 1, 0, 13, 16, 15, 16, 15, 0, 16, 0, 15, 0, 1, 5, 3, 2, 1, 2, 1, 2, 1, 2, 1, 4, 1, 2, 1, 0, 18, 15, 2, 1, 0, 1, 3, 4, 2, 19, 5, 3, 2, 1, 2, 1, 2, 1, 10, 6, 3, 4, 3, 4, 3, 4, 5, 4, 3, 5, 4, 5, 4, 5, 4, 6, 4, 16, 5, 3, 5, 6, 5, 6, 5, 6, 2, 3, 6, 8, 6, 4, 3, 2, 3, 6, 5, 3, 6, 7, 5, 4, 3, 11, 6, 4, 11, 7, 10, 9, 7, 4, 11, 10, 6, 5, 3, 2, 8, 5, 7, 6, 7, 6, 3, 2, 1, 2, 15, 7, 2, 4, 3, 4, 3, 6, 4, 7, 6, 7, 8, 7, 5, 1, 6, 5, 6, 9, 7, 6, 2, 1, 2, 6, 5, 7, 4, 9, 6, 5, 6, 7, 6, 5, 9, 7, 6, 5, 6, 7, 1, 3, 5, 4, 2, 4, 3, 2, 3, 2, 3, 1, 3, 1, 2, 1, 3, 1, 2, 3, 5, 3, 1, 2, 3, 2, 1, 2, 3, 2, 6, 4, 5, 6, 5, 7, 5, 8, 4, 5, 9, 8, 9, 6, 9, 7, 5, 4, 5, 4, 5, 4, 3, 4, 3, 5, 4, 5, 7, 9, 6, 5, 11, 10, 6, 4, 5, 4, 7, 5, 4, 5, 7, 9, 7, 5, 6, 5, 4, 6, 7, 6, 4, 7, 5, 7, 5, 6, 4, 5, 7, 4, 3, 6, 5, 6, 5, 6, 4, 5, 6, 5, 7, 4, 3, 4, 3, 2, 1, 0, 1, 3, 1, 2, 6, 4, 3, 11, 6, 7, 9, 11, 15, 9, 4, 5, 6, 4, 7, 3, 6, 5, 4, 5, 7, 4, 6, 5, 4, 3, 0, 5, 4, 0, 1, 7, 5, 4, 3, 0, 5, 4, 6, 5, 3, 5, 4, 5, 2, 1, 3, 2, 0, 1, 0, 1, 0, 1, 2, 4, 7, 6, 5, 4, 5, 4, 3, 2, 3, 2, 1, 3, 4, 6, 5, 4, 5, 7, 6, 7, 5, 7, 9, 8, 7, 8, 11, 4, 7, 5, 1, 3, 2, 0, 3, 4, 6, 7, 6, 7, 6, 3, 5, 6, 4, 0, 1, 0, 13, 0, 6, 3, 4, 5, 6, 3, 5, 4, 5, 4, 5, 2, 3, 1, 2, 3, 7, 6, 5, 6, 4, 7, 5, 4, 5, 7, 9, 7, 4, 9, 4, 3, 7, 5, 6, 9, 0, 15, 16, 6, 7, 17, 15, 16, 10, 9, 10, 8, 7, 4, 5, 6, 0, 9, 11, 9, 7, 5, 7, 9, 7, 8, 7, 9, 7, 6, 5, 1, 13, 9, 5, 6, 15, 16, 7, 9, 7, 6, 7, 9, 11, 8, 11, 6, 4, 2, 0, 5, 3, 2, 3, 4, 3, 13, 16, 15, 7, 5, 3, 5, 6, 7, 9, 6, 13, 6, 7, 6, 15, 13, 7, 5, 6, 7, 13, 9, 8, 10, 3, 2, 15, 13, 5, 8, 5, 4, 5, 6, 5, 7, 5, 6, 5, 9, 5, 4, 5, 6, 5]","[0, 1, 0, 13, 16, 15, 16, 15, 0, 16, 0, 15, 0, 1, 5, 3, 2, 1, 2, 1, 2, 1, 2, 1, 4, 1, 2, 1, 0, 18, 15, 2, 1, 0, 1, 3, 4, 2, 19, 5, 3, 2, 1, 2, 1, 2, 1, 10, 6, 3, 4, 3, 4, 3, 4, 5, 4, 3, 5, 4, 5, 4, 5, 4, 6, 4, 16, 5, 3, 5, 6, 5, 6, 5, 6, 2, 3, 6, 8, 6, 4, 3, 2, 3, 6, 5, 3, 6, 7, 5, 4, 3, 11, 6, 4, 11, 7, 10, 9, 7, 4, 11, 10, 6, 5, 3, 2, 8, 5, 7, 6, 7, 6, 3, 2, 1, 2, 15, 7, 2, 4, 3, 4, 3, 6, 4, 7, 6, 7, 8, 7, 5, 1, 6, 5, 6, 9, 7, 6, 2, 1, 2, 6, 5, 7, 4, 9, 6, 5, 6, 7, 6, 5, 9, 7, 6, 5, 6, 7, 1, 3, 5, 4, 2, 4, 3, 2, 3, 2, 3, 1, 3, 1, 2, 1, 3, 1, 2, 3, 5, 3, 1, 2, 3, 2, 1, 2, 3, 2, 6, 4, 5, 6, 5, 7, 5, 8, 4, 5, 9, 8, 9, 6, 9, 7, 5, 4, 5, 4, 5, 4, 3, 4, 3, 5, 4, 5, 7, 9, 6, 5, 11, 10, 6, 4, 5, 4, 7, 5, 4, 5, 7, 9, 7, 5, 6, 5, 4, 6, 7, 6, 4, 7, 5, 7, 5, 6, 4, 5, 7, 4, 3, 6, 5, 6, 5, 6, 4, 5, 6, 5, 7, 4, 3, 4, 3, 2, 1, 0, 1, 3, 1, 2, 6, 4, 3, 11, 6, 7, 9, 11, 15, 9, 4, 5, 6, 4, 7, 3, 6, 5, 4, 5, 7, 4, 6, 5, 4, 3, 0, 5, 4, 0, 1, 7, 5, 4, 3, 0, 5, 4, 6, 5, 3, 5, 4, 5, 2, 1, 3, 2, 0, 1, 0, 1, 0, 1, 2, 4, 7, 6, 5, 4, 5, 4, 3, 2, 3, 2, 1, 3, 4, 6, 5, 4, 5, 7, 6, 7, 5, 7, 9, 8, 7, 8, 11, 4, 7, 5, 1, 3, 2, 0, 3, 4, 6, 7, 6, 7, 6, 3, 5, 6, 4, 0, 1, 0, 13, 0, 6, 3, 4, 5, 6, 3, 5, 4, 5, 4, 5, 2, 3, 1, 2, 3, 7, 6, 5, 6, 4, 7, 5, 4, 5, 7, 9, 7, 4, 9, 4, 3, 7, 5, 6, 9, 0, 15, 16, 6, 7, 17, 15, 16, 10, 9, 10, 8, 7, 4, 5, 6, 0, 9, 11, 9, 7, 5, 7, 9, 7, 8, 7, 9, 7, 6, 5, 1, 13, 9, 5, 6, 15, 16, 7, 9, 7, 6, 7, 9, 11, 8, 11, 6, 4, 2, 0, 5, 3, 2, 3, 4, 3, 13, 16, 15, 7, 5, 3, 5, 6, 7, 9, 6, 13, 6, 7, 6, 15, 13, 7, 5, 6, 7, 13, 9, 8, 10, 3, 2, 15, 13, 5, 8, 5, 4, 5, 6, 5, 7, 5, 6, 5, 9, 5, 4, 5, 6, 5]"
45c939e2,Task5CM,CM,0,0,0,0,0,0,0,0,0,0,0,0,-166,-32,29,11,52,3,-166,-32,29,11,52,3,"[0, 1, 2, 3, 4, 3, 4, 6, 9, 5, 6, 7, 6, 7, 9, 8, 9, 8, 7, 6, 13, 4, 5, 9, 1, 3, 15, 16, 15, 0, 2, 1, 0, 1, 2, 3, 2, 3, 2, 1, 0, 3, 6, 5, 6, 5, 6, 5, 6, 19, 18, 15, 5, 6, 7, 8, 9, 16, 4, 5, 4, 5, 1, 0, 4, 5, 3, 4, 3, 0, 1, 2, 3, 2, 3, 6, 7, 6, 8, 3, 2, 13, 16, 0, 2, 3, 2, 1, 0, 1, 2, 0, 1, 0, 2, 5, 17, 15, 16, 15, 16, 17, 7, 8, 4, 6, 15, 9, 5, 4, 6, 3, 8, 7, 1, 15, 2, 7, 6, 4, 3, 4, 7, 8, 3, 13, 17, 16, 15, 16, 6, 8, 7, 6, 4, 3, 0, 5, 3, 4, 15, 5, 6, 5, 6, 9, 7, 6, 13, 12, 7, 15, 6, 0, 2, 3, 4, 17, 16, 15, 6, 9, 8, 9, 7, 4, 5, 4, 8, 9, 8, 6, 9, 8, 4, 6, 7, 9, 6, 9, 7, 5, 6, 7, 9, 8, 5, 13, 8, 15, 7, 5, 6, 4, 6, 7, 3, 2, 3, 4, 6, 7, 6, 7, 8, 6, 7, 8, 9, 4, 6, 5, 6, 7, 5, 4, 5, 6, 4, 3, 4, 17, 19, 18]","[0, 1, 2, 3, 4, 3, 4, 6, 9, 5, 6, 7, 6, 7, 9, 8, 9, 8, 7, 6, 13, 4, 5, 9, 1, 3, 15, 16, 15, 0, 2, 1, 0, 1, 2, 3, 2, 3, 2, 1, 0, 3, 6, 5, 6, 5, 6, 5, 6, 19, 18, 15, 5, 6, 7, 8, 9, 16, 4, 5, 4, 5, 1, 0, 4, 5, 3, 4, 3, 0, 1, 2, 3, 2, 3, 6, 7, 6, 8, 3, 2, 13, 16, 0, 2, 3, 2, 1, 0, 1, 2, 0, 1, 0, 2, 5, 17, 15, 16, 15, 16, 17, 7, 8, 4, 6, 15, 9, 5, 4, 6, 3, 8, 7, 1, 15, 2, 7, 6, 4, 3, 4, 7, 8, 3, 13, 17, 16, 15, 16, 6, 8, 7, 6, 4, 3, 0, 5, 3, 4, 15, 5, 6, 5, 6, 9, 7, 6, 13, 12, 7, 15, 6, 0, 2, 3, 4, 17, 16, 15, 6, 9, 8, 9, 7, 4, 5, 4, 8, 9, 8, 6, 9, 8, 4, 6, 7, 9, 6, 9, 7, 5, 6, 7, 9, 8, 5, 13, 8, 15, 7, 5, 6, 4, 6, 7, 3, 2, 3, 4, 6, 7, 6, 7, 8, 6, 7, 8, 9, 4, 6, 5, 6, 7, 5, 4, 5, 6, 4, 3, 4, 17, 19, 18]"
ba88bf04,Task5CM,CM,0,0,0,0,0,0,0,0,0,0,0,0,-29,0,18,5,-33,2,-29,0,18,5,-33,2,"[9, 2, 5, 3, 7, 3, 2, 1, 3, 2, 4, 5, 6, 4, 5, 6, 7, 10, 15, 16, 17, 18, 17, 18, 17, 19, 7, 5, 16, 17, 18, 7, 6, 7, 6, 3, 8, 7, 5, 4, 5, 6, 7, 9, 7, 5, 3, 4, 5, 4, 5, 7, 9, 7, 8, 7, 9, 10, 9, 6, 7, 16, 17, 19, 16, 9, 8, 9, 16, 15, 19, 17, 19, 18, 8, 19, 17]","[9, 2, 5, 3, 7, 3, 2, 1, 3, 2, 4, 5, 6, 4, 5, 6, 7, 10, 15, 16, 17, 18, 17, 18, 17, 19, 7, 5, 16, 17, 18, 7, 6, 7, 6, 3, 8, 7, 5, 4, 5, 6, 7, 9, 7, 5, 3, 4, 5, 4, 5, 7, 9, 7, 8, 7, 9, 10, 9, 6, 7, 16, 17, 19, 16, 9, 8, 9, 16, 15, 19, 17, 19, 18, 8, 19, 17]"
782b7c64,Task5CM,CM,0,0,0,0,0,0,0,0,0,0,0,0,-230,-81,-62,17,45,4,-230,-81,-62,17,45,4,"[7, 2, 5, 3, 1, 0, 4, 13, 15, 16, 17, 16, 15, 13, 8, 7, 4, 0, 2, 1, 0, 2, 1, 2, 5, 6, 4, 6, 7, 5, 6, 8, 5, 4, 3, 1, 2, 0, 1, 0, 1, 2, 1, 2, 3, 0, 2, 1, 3, 2, 1, 4, 3, 4, 3, 4, 0, 4, 2, 4, 2, 1, 4, 5, 1, 5, 6, 7, 11, 13, 5, 3, 15, 6, 5, 4, 2, 4, 15, 5, 4, 5, 13, 11, 5, 6, 5, 4, 15, 9, 7, 5, 6, 5, 1, 2, 5, 6, 4, 5, 4, 6, 5, 2, 1, 2, 5, 9, 6, 5, 1, 6, 5, 0, 5, 3, 6, 7, 5, 6, 4, 9, 6, 4, 3, 4, 3, 5, 6, 15, 2, 17, 15, 4, 5, 4, 7, 11, 9, 7, 6, 7, 1, 6, 8, 5, 4, 5, 3, 4, 17, 15, 16, 15, 4, 3, 5, 16, 15, 2, 3, 4, 18, 15, 16, 13, 3, 4, 7, 3, 9, 13, 4, 7, 9, 7, 6, 7, 5, 7, 6, 7, 6, 7, 4, 9, 8, 7, 6, 7, 6, 7, 9, 8, 10, 11, 12, 5, 15, 5, 13, 15, 7, 9, 6, 7, 15, 7, 9, 0, 1, 15, 16, 15, 5, 3, 9, 11, 15, 18, 10, 2, 14, 13, 3, 0, 5, 6, 1, 15, 17, 16, 2, 7, 5, 15, 5, 4, 6, 4, 3, 2, 4, 5, 4, 5, 4, 7, 4, 5, 4, 3, 4, 5, 6, 3, 5, 3, 4, 5, 6, 5, 4, 5, 4, 2, 4, 5, 4, 15, 6, 5, 15, 5, 6, 5, 4, 15, 6, 16, 6, 5, 9]","[7, 2, 5, 3, 1, 0, 4, 13, 15, 16, 17, 16, 15, 13, 8, 7, 4, 0, 2, 1, 0, 2, 1, 2, 5, 6, 4, 6, 7, 5, 6, 8, 5, 4, 3, 1, 2, 0, 1, 0, 1, 2, 1, 2, 3, 0, 2, 1, 3, 2, 1, 4, 3, 4, 3, 4, 0, 4, 2, 4, 2, 1, 4, 5, 1, 5, 6, 7, 11, 13, 5, 3, 15, 6, 5, 4, 2, 4, 15, 5, 4, 5, 13, 11, 5, 6, 5, 4, 15, 9, 7, 5, 6, 5, 1, 2, 5, 6, 4, 5, 4, 6, 5, 2, 1, 2, 5, 9, 6, 5, 1, 6, 5, 0, 5, 3, 6, 7, 5, 6, 4, 9, 6, 4, 3, 4, 3, 5, 6, 15, 2, 17, 15, 4, 5, 4, 7, 11, 9, 7, 6, 7, 1, 6, 8, 5, 4, 5, 3, 4, 17, 15, 16, 15, 4, 3, 5, 16, 15, 2, 3, 4, 18, 15, 16, 13, 3, 4, 7, 3, 9, 13, 4, 7, 9, 7, 6, 7, 5, 7, 6, 7, 6, 7, 4, 9, 8, 7, 6, 7, 6, 7, 9, 8, 10, 11, 12, 5, 15, 5, 13, 15, 7, 9, 6, 7, 15, 7, 9, 0, 1, 15, 16, 15, 5, 3, 9, 11, 15, 18, 10, 2, 14, 13, 3, 0, 5, 6, 1, 15, 17, 16, 2, 7, 5, 15, 5, 4, 6, 4, 3, 2, 4, 5, 4, 5, 4, 7, 4, 5, 4, 3, 4, 5, 6, 3, 5, 3, 4, 5, 6, 5, 4, 5, 4, 2, 4, 5, 4, 15, 6, 5, 15, 5, 6, 5, 4, 15, 6, 16, 6, 5, 9]"
4d750b0b,Task5CM,CM,0,0,0,0,0,0,0,0,0,0,0,0,-348,-189,-162,23,146,6,-348,-189,-162,23,146,6,"[9, 4, 0, 2, 1, 5, 2, 1, 3, 2, 4, 2, 3, 0, 2, 1, 2, 0, 1, 2, 3, 2, 4, 1, 2, 3, 2, 3, 4, 5, 4, 5, 4, 5, 4, 3, 4, 3, 1, 5, 4, 2, 1, 4, 5, 4, 0, 3, 4, 5, 6, 4, 3, 5, 4, 6, 4, 3, 4, 6, 5, 7, 5, 4, 5, 2, 3, 7, 4, 6, 5, 7, 5, 3, 2, 3, 4, 2, 5, 6, 7, 6, 5, 7, 6, 7, 6, 5, 6, 4, 5, 4, 5, 4, 5, 18, 5, 6, 7, 3, 6, 5, 6, 5, 4, 3, 4, 3, 6, 4, 5, 3, 5, 3, 4, 5, 4, 2, 5, 3, 2, 3, 4, 2, 4, 2, 6, 4, 2, 4, 3, 4, 3, 2, 3, 4, 3, 2, 4, 5, 4, 5, 6, 2, 5, 4, 5, 7, 6, 7, 6, 5, 6, 7, 5, 4, 5, 3, 6, 7, 6, 7, 9, 7, 9, 7, 6, 5, 4, 5, 6, 5, 6, 4, 5, 6, 9, 10, 7, 6, 5, 4, 6, 5, 6, 7, 4, 5, 18, 5, 6, 5, 9, 5, 4, 5, 3, 4, 9, 6, 5, 4, 5, 4, 7, 5, 4, 7, 3, 7, 5, 6, 5, 6, 5, 4, 19, 5, 6, 19, 18, 16, 17, 13, 4, 6, 2, 5, 10, 8, 7, 5, 6, 5, 2, 15, 13, 10, 8, 6, 2, 3, 6, 8, 7, 8, 2, 4, 6, 7, 9, 10, 1, 10, 9, 10, 6, 5, 4, 7, 5, 4, 3, 5, 7, 5, 6, 5, 6, 7, 5, 6, 7, 6, 7, 6, 7, 5, 3, 4, 5, 6, 7, 6, 7, 6, 7, 6, 7, 9, 7, 9, 7, 9, 7, 6, 7, 9, 7, 9, 7, 6, 7, 9, 7, 6, 7, 6, 7, 6, 7, 6, 7, 9, 7, 9, 7, 9, 7, 9, 7, 9, 6, 7, 15, 16, 7, 5, 3, 5, 6, 7, 6, 7, 6, 5, 6, 5, 6, 7, 6, 9, 7, 6, 5, 6, 7, 9, 7, 6, 5, 3, 2, 3, 2, 1, 2, 6, 2, 4, 3, 6, 4, 6, 7, 4, 5, 8, 15, 16, 17, 15, 16, 15, 16, 15, 16, 3, 2, 17, 15, 17, 15, 17, 16, 4, 5, 7, 13, 15, 17, 15, 7, 15, 16, 15, 9, 16, 18, 15, 9]","[9, 4, 0, 2, 1, 5, 2, 1, 3, 2, 4, 2, 3, 0, 2, 1, 2, 0, 1, 2, 3, 2, 4, 1, 2, 3, 2, 3, 4, 5, 4, 5, 4, 5, 4, 3, 4, 3, 1, 5, 4, 2, 1, 4, 5, 4, 0, 3, 4, 5, 6, 4, 3, 5, 4, 6, 4, 3, 4, 6, 5, 7, 5, 4, 5, 2, 3, 7, 4, 6, 5, 7, 5, 3, 2, 3, 4, 2, 5, 6, 7, 6, 5, 7, 6, 7, 6, 5, 6, 4, 5, 4, 5, 4, 5, 18, 5, 6, 7, 3, 6, 5, 6, 5, 4, 3, 4, 3, 6, 4, 5, 3, 5, 3, 4, 5, 4, 2, 5, 3, 2, 3, 4, 2, 4, 2, 6, 4, 2, 4, 3, 4, 3, 2, 3, 4, 3, 2, 4, 5, 4, 5, 6, 2, 5, 4, 5, 7, 6, 7, 6, 5, 6, 7, 5, 4, 5, 3, 6, 7, 6, 7, 9, 7, 9, 7, 6, 5, 4, 5, 6, 5, 6, 4, 5, 6, 9, 10, 7, 6, 5, 4, 6, 5, 6, 7, 4, 5, 18, 5, 6, 5, 9, 5, 4, 5, 3, 4, 9, 6, 5, 4, 5, 4, 7, 5, 4, 7, 3, 7, 5, 6, 5, 6, 5, 4, 19, 5, 6, 19, 18, 16, 17, 13, 4, 6, 2, 5, 10, 8, 7, 5, 6, 5, 2, 15, 13, 10, 8, 6, 2, 3, 6, 8, 7, 8, 2, 4, 6, 7, 9, 10, 1, 10, 9, 10, 6, 5, 4, 7, 5, 4, 3, 5, 7, 5, 6, 5, 6, 7, 5, 6, 7, 6, 7, 6, 7, 5, 3, 4, 5, 6, 7, 6, 7, 6, 7, 6, 7, 9, 7, 9, 7, 9, 7, 6, 7, 9, 7, 9, 7, 6, 7, 9, 7, 6, 7, 6, 7, 6, 7, 6, 7, 9, 7, 9, 7, 9, 7, 9, 7, 9, 6, 7, 15, 16, 7, 5, 3, 5, 6, 7, 6, 7, 6, 5, 6, 5, 6, 7, 6, 9, 7, 6, 5, 6, 7, 9, 7, 6, 5, 3, 2, 3, 2, 1, 2, 6, 2, 4, 3, 6, 4, 6, 7, 4, 5, 8, 15, 16, 17, 15, 16, 15, 16, 15, 16, 3, 2, 17, 15, 17, 15, 17, 16, 4, 5, 7, 13, 15, 17, 15, 7, 15, 16, 15, 9, 16, 18, 15, 9]"
1ce913d5,Task5CP,CP,-300,-192,-187,8,-130,2,-295,-197,-187,8,-135,2,-331,-207,-177,14,-86,4,-308,-169,-115,17,12,4,"[1, 0, 4, 2, 4, 2, 1, 2, 4, 1, 5, 3, 1, 3, 1, 3, 1, 3, 2, 0, 2, 4, 6, 8, 6, 8, 6, 5, 7, 5, 3, 7, 3, 4, 3, 5, 3, 6, 8, 6, 8, 11, 8, 10, 8, 6, 8, 10, 8, 5, 3, 1, 5, 9, 7, 8, 12, 10, 11, 9, 13, 11, 12, 14, 12, 14, 11, 13, 17, 16, 17, 19, 17, 19, 16, 15, 11, 7, 11, 10, 12, 11, 16, 14, 17, 16, 17, 16, 13, 16, 18, 15, 16, 13, 5, 3, 5, 4, 6, 8, 6, 19, 17, 16, 19, 17, 16, 17, 19, 17, 19, 17, 13, 16, 17, 16, 13, 16, 13, 16, 13, 7, 9, 0, 7, 5, 7, 5, 3, 5, 6, 8, 12, 19, 17, 16, 18, 20, 22, 20, 22, 20, 23, 20, 18, 13, 11, 16, 21, 20, 5, 7, 3, 6, 11, 22, 25, 26, 25, 18, 20, 14, 12, 26, 25, 26, 25, 9, 11, 9, 11, 10, 11, 12, 14, 10, 14, 8, 17, 26, 11, 10, 12, 10, 12, 14, 12, 26, 25, 26, 29, 26, 25, 26, 27, 25, 15, 20, 21, 22, 21, 23, 2, 27, 25, 5, 7, 5, 3, 7, 11, 9, 15, 7, 5, 11, 13, 11, 15, 11, 15, 16, 13, 9, 11, 5, 0, 5, 7, 5, 9, 5, 7, 5, 7, 9, 7, 9, 7, 11, 7, 9, 11, 3, 5, 9, 3, 7, 5, 9, 8, 6, 7, 11, 9, 7, 5, 7, 5, 9, 7, 11, 13, 11, 13, 11, 7, 9, 5, 7, 25, 27, 25, 22, 15, 9, 13, 25, 26, 9, 7, 9, 10, 5, 9, 7, 9, 7, 29, 25, 16, 11, 13, 11, 27, 25, 7, 9, 7, 28, 25, 13, 18, 15, 16, 15, 16, 15, 11, 16, 15, 13, 15, 13, 15, 18, 15, 13, 11, 13, 11, 13, 16, 18, 15, 25, 26, 27, 25, 26, 25, 11, 13, 11, 13, 11, 15, 11, 12, 14, 16, 13, 11, 9, 11, 13, 9, 11, 7, 9, 11, 9, 11, 13, 16, 11, 13, 9, 13, 11, 13, 11, 13, 15, 25, 13, 22, 16, 19, 16, 25, 22, 26, 25, 26, 22, 25, 22, 25, 27, 25, 27, 22, 25, 26, 22, 25, 22, 25]","[1, 0, 2, 1, 2, 1, 2, 1, 3, 2, 1, 2, 1, 2, 1, 2, 1, 0, 1, 2, 3, 4, 3, 4, 3, 4, 3, 2, 4, 2, 3, 2, 3, 4, 3, 4, 6, 4, 5, 4, 3, 4, 5, 4, 3, 2, 1, 3, 5, 4, 6, 5, 6, 5, 7, 6, 7, 6, 7, 6, 7, 9, 10, 9, 10, 9, 8, 6, 4, 6, 5, 6, 9, 7, 9, 7, 9, 10, 8, 9, 7, 3, 2, 3, 2, 3, 4, 3, 10, 9, 10, 9, 10, 9, 10, 9, 7, 9, 7, 9, 7, 9, 7, 4, 5, 0, 4, 3, 4, 3, 2, 3, 4, 6, 10, 9, 10, 11, 13, 11, 13, 11, 13, 11, 10, 7, 6, 9, 12, 11, 3, 4, 2, 3, 6, 13, 15, 16, 15, 10, 11, 7, 6, 16, 15, 16, 15, 5, 6, 5, 6, 5, 6, 7, 5, 7, 4, 9, 16, 6, 5, 6, 5, 6, 7, 6, 16, 15, 16, 19, 16, 15, 16, 17, 15, 8, 11, 12, 13, 12, 13, 1, 17, 15, 3, 4, 3, 2, 4, 6, 5, 8, 4, 3, 6, 7, 6, 8, 6, 8, 9, 7, 5, 6, 3, 0, 3, 4, 3, 5, 3, 4, 3, 4, 5, 4, 5, 4, 6, 4, 5, 6, 2, 3, 5, 2, 4, 3, 5, 4, 3, 4, 6, 5, 4, 3, 4, 3, 5, 4, 6, 7, 6, 7, 6, 4, 5, 3, 4, 15, 17, 15, 13, 8, 5, 7, 15, 16, 5, 4, 5, 3, 5, 4, 5, 4, 19, 15, 9, 6, 7, 6, 17, 15, 4, 5, 4, 18, 15, 7, 10, 8, 9, 8, 9, 8, 6, 9, 8, 7, 8, 7, 8, 10, 8, 7, 6, 7, 6, 7, 9, 10, 8, 15, 16, 17, 15, 16, 15, 6, 7, 6, 7, 6, 8, 6, 7, 9, 7, 6, 5, 6, 7, 5, 6, 4, 5, 6, 5, 6, 7, 9, 6, 7, 5, 7, 6, 7, 6, 7, 8, 15, 7, 13, 9, 10, 9, 15, 13, 16, 15, 16, 13, 15, 13, 15, 17, 15, 17, 13, 15, 16, 13, 15, 13, 15]"
9679a6e6,Task5CP,CP,-256,-68,-164,9,1,3,-266,-93,-177,7,-4,3,-292,-128,-149,12,58,4,-250,-86,-104,13,132,5,"[16, 11, 2, 1, 0, 25, 26, 25, 26, 1, 0, 1, 13, 26, 1, 2, 3, 5, 3, 5, 6, 4, 2, 4, 6, 25, 22, 13, 5, 7, 5, 6, 20, 9, 7, 5, 9, 10, 8, 6, 7, 25, 26, 9, 11, 26, 25, 7, 5, 7, 5, 7, 5, 1, 3, 7, 9, 7, 8, 10, 6, 10, 9, 10, 12, 11, 9, 11, 9, 10, 9, 11, 9, 11, 9, 8, 10, 12, 9, 11, 7, 9, 5, 7, 9, 7, 9, 10, 7, 9, 7, 8, 9, 10, 9, 10, 11, 9, 10, 11, 9, 13, 11, 13, 11, 9, 11, 13, 11, 13, 9, 10, 11, 13, 14, 18, 7, 11, 9, 10, 22, 13, 9, 11, 13, 10, 14, 13, 11, 13, 10, 9, 6, 7, 5, 7, 0, 5, 9, 10, 7, 8, 5, 7, 5, 9, 7, 10, 11, 7, 9, 10, 8, 7, 8, 7, 3, 8, 10, 3, 5, 1, 3, 6, 5, 3, 7, 4, 9, 10, 9, 13, 11, 16, 10, 19, 18, 20, 19, 9, 11, 9, 11, 17, 13, 18, 13, 15, 20, 16, 15, 12, 13, 16, 11, 13, 9, 8, 7, 8, 9, 7, 9, 11, 13, 9, 23, 13, 11, 15, 11, 0, 1, 3, 5, 3, 5, 3, 5, 3, 1, 0, 1, 3, 5, 1, 3, 5, 0, 16, 13, 11, 9, 25, 17, 14, 9, 7, 9, 13, 11, 13, 16, 9, 16, 9, 3, 0, 1, 7, 9, 11, 14, 13, 11, 7, 11, 7, 16, 11, 9, 7, 5, 19, 14, 9, 23, 16, 5, 3, 5, 7, 10, 8, 10, 9, 7, 5, 7, 9, 11, 9, 3, 7, 8, 25, 11, 9, 8, 10, 22, 11, 3, 16, 13, 1, 16, 13, 11, 13, 3, 9, 5, 7, 9, 8, 9, 7, 9, 13, 23, 16, 28, 29, 25, 11, 9, 11, 9, 11, 9, 11, 9, 11, 9, 15, 13, 11, 9, 7, 9, 11, 9, 25, 27, 26, 22, 21, 26, 25]","[9, 6, 1, 0, 15, 16, 15, 16, 1, 0, 1, 7, 16, 1, 2, 3, 2, 3, 2, 1, 2, 3, 15, 13, 7, 3, 4, 3, 11, 5, 4, 3, 5, 4, 3, 4, 15, 16, 5, 6, 16, 15, 4, 3, 4, 3, 4, 3, 1, 2, 4, 5, 4, 5, 3, 5, 6, 5, 6, 5, 6, 5, 6, 5, 4, 5, 6, 5, 6, 4, 5, 3, 4, 5, 4, 5, 4, 5, 4, 5, 6, 5, 6, 5, 7, 6, 7, 6, 5, 6, 7, 6, 7, 5, 6, 7, 10, 4, 6, 5, 13, 7, 5, 6, 7, 5, 7, 6, 7, 5, 3, 4, 3, 4, 0, 3, 5, 4, 3, 4, 3, 5, 4, 5, 6, 4, 5, 4, 2, 4, 5, 2, 3, 1, 2, 3, 2, 4, 2, 5, 7, 6, 9, 5, 10, 11, 10, 5, 6, 5, 6, 9, 7, 10, 7, 8, 11, 9, 8, 6, 7, 9, 6, 7, 5, 4, 5, 4, 5, 6, 7, 5, 13, 7, 6, 8, 6, 0, 1, 2, 3, 2, 3, 2, 3, 2, 1, 0, 1, 2, 3, 1, 2, 3, 0, 9, 7, 6, 5, 15, 9, 7, 5, 4, 5, 7, 6, 7, 9, 5, 9, 5, 2, 0, 1, 4, 5, 6, 7, 6, 4, 6, 4, 9, 6, 5, 4, 3, 10, 7, 5, 13, 9, 3, 2, 3, 4, 5, 4, 5, 4, 3, 4, 5, 6, 5, 2, 4, 15, 6, 5, 4, 5, 13, 6, 2, 9, 7, 1, 9, 7, 6, 7, 2, 5, 3, 4, 5, 4, 5, 4, 5, 7, 13, 9, 18, 19, 15, 6, 5, 6, 5, 6, 5, 6, 5, 6, 5, 8, 7, 6, 5, 4, 5, 6, 5, 15, 17, 16, 13, 12, 16, 15]"
625d844e,Task5CP,CP,-245,-72,-138,9,-25,2,-240,-77,-114,10,-35,2,-261,-92,-121,11,2,3,-242,-53,-32,16,111,3,"[11, 8, 22, 25, 26, 19, 25, 22, 26, 25, 26, 25, 22, 25, 26, 25, 26, 25, 27, 26, 3, 5, 7, 26, 27, 25, 9, 7, 13, 16, 22, 20, 18, 11, 13, 0, 2, 4, 6, 4, 6, 10, 8, 6, 8, 10, 12, 10, 12, 10, 11, 9, 10, 7, 14, 12, 14, 17, 13, 11, 5, 9, 7, 10, 8, 4, 2, 0, 6, 3, 5, 10, 8, 6, 8, 10, 12, 9, 11, 14, 12, 11, 9, 14, 11, 9, 7, 9, 11, 16, 13, 9, 7, 9, 10, 13, 11, 10, 11, 5, 7, 9, 11, 14, 17, 13, 17, 19, 17, 11, 14, 13, 19, 14, 25, 11, 1, 3, 5, 3, 1, 0, 3, 1, 3, 0, 3, 5, 8, 9, 7, 5, 9, 10, 7, 5, 1, 7, 9, 10, 9, 10, 9, 11, 9, 11, 16, 11, 9, 10, 26, 25, 11, 9, 11, 16, 11, 7, 9, 7, 5, 7, 11, 9, 3, 5, 7, 5, 9, 5, 3, 7, 9, 11, 25, 16, 5, 8, 10, 17, 10, 8, 6, 4, 6, 9, 11, 1, 5, 3, 7, 9, 20, 19, 11, 16, 25, 3, 2, 0, 5, 7, 5, 1, 3, 13, 11, 7, 9, 7, 3, 7, 11, 9, 11, 13, 17, 22, 25, 16, 11, 6, 8, 11, 8, 25, 14, 13, 17, 11, 13, 25, 16, 13, 14, 9, 11, 13, 9, 10, 9, 11, 14, 13, 8, 9, 16, 20, 22, 9, 13, 9, 10, 7, 9, 7, 5, 1, 3, 1, 11, 20, 15, 13, 11, 9, 11, 25, 11, 20, 22, 25, 22, 5, 10, 11, 25, 14, 6, 0, 2, 1, 4, 6, 5, 7, 5, 1, 23, 15, 25, 3, 2, 4, 3, 18, 20, 18, 15]","[6, 4, 13, 15, 16, 10, 15, 13, 16, 15, 16, 15, 13, 15, 16, 15, 16, 15, 17, 16, 2, 3, 4, 16, 17, 15, 5, 4, 7, 9, 13, 11, 10, 6, 7, 0, 1, 2, 3, 2, 3, 5, 4, 3, 4, 5, 6, 5, 6, 5, 6, 5, 4, 7, 6, 7, 9, 7, 6, 3, 5, 4, 5, 4, 2, 1, 0, 3, 2, 3, 5, 4, 3, 4, 5, 6, 5, 6, 7, 6, 5, 7, 6, 5, 4, 5, 6, 9, 7, 5, 4, 5, 7, 6, 5, 6, 3, 4, 5, 6, 7, 9, 7, 9, 10, 9, 6, 7, 10, 7, 15, 6, 1, 2, 3, 2, 1, 0, 2, 1, 2, 0, 2, 3, 4, 5, 4, 3, 5, 4, 3, 1, 4, 5, 6, 5, 6, 9, 6, 5, 16, 15, 6, 5, 6, 9, 6, 4, 5, 4, 3, 4, 6, 5, 2, 3, 4, 3, 5, 3, 2, 4, 5, 6, 15, 9, 3, 4, 5, 9, 5, 4, 3, 2, 3, 5, 6, 1, 3, 2, 4, 5, 11, 10, 6, 9, 15, 2, 1, 0, 3, 4, 3, 1, 2, 7, 6, 4, 5, 4, 2, 4, 6, 5, 6, 7, 9, 13, 15, 9, 6, 3, 4, 6, 4, 15, 7, 9, 6, 7, 15, 9, 7, 5, 6, 7, 5, 6, 7, 4, 5, 9, 11, 13, 5, 7, 5, 4, 5, 4, 3, 1, 2, 1, 6, 11, 8, 7, 6, 5, 6, 15, 6, 11, 13, 15, 13, 3, 5, 6, 15, 7, 3, 0, 1, 2, 3, 4, 3, 1, 13, 8, 15, 2, 1, 2, 10, 11, 10, 8]"
1de0f518,Task5CP,CP,-488,-330,-362,10,-179,4,-488,-320,-364,12,-154,4,-499,-325,-275,24,20,6,-468,-294,-223,26,81,6,"[15, 1, 22, 16, 1, 0, 20, 18, 3, 0, 1, 11, 9, 10, 9, 1, 7, 1, 5, 7, 8, 4, 2, 5, 9, 5, 6, 10, 19, 24, 26, 25, 27, 26, 27, 26, 6, 0, 7, 27, 1, 15, 26, 25, 14, 25, 5, 1, 0, 1, 3, 1, 3, 5, 7, 3, 0, 5, 3, 1, 3, 7, 3, 1, 3, 5, 3, 0, 5, 3, 1, 0, 5, 3, 7, 5, 0, 5, 10, 7, 3, 5, 3, 5, 3, 5, 7, 9, 7, 1, 5, 9, 11, 7, 5, 1, 5, 7, 5, 11, 5, 7, 3, 0, 7, 5, 7, 3, 5, 7, 8, 5, 25, 11, 14, 8, 7, 9, 5, 13, 7, 9, 7, 9, 7, 5, 3, 7, 3, 5, 13, 11, 3, 11, 9, 13, 9, 7, 11, 5, 11, 9, 11, 9, 11, 9, 11, 9, 8, 7, 9, 7, 9, 7, 5, 9, 13, 9, 5, 7, 9, 10, 7, 8, 7, 5, 7, 9, 5, 9, 5, 7, 16, 20, 13, 5, 7, 3, 9, 7, 5, 7, 28, 9, 5, 9, 11, 9, 5, 9, 5, 7, 29, 22, 2, 13, 11, 9, 13, 11, 9, 15, 11, 16, 15, 9, 11, 9, 13, 11, 9, 11, 9, 11, 9, 11, 9, 10, 12, 10, 12, 8, 10, 9, 11, 9, 11, 13, 9, 11, 9, 11, 9, 7, 9, 10, 9, 3, 13, 20, 11, 16, 9, 11, 9, 8, 9, 7, 8, 6, 8, 7, 5, 7, 5, 6, 4, 5, 9, 7, 3, 5, 9, 7, 8, 3, 5, 8, 7, 8, 7, 9, 11, 9, 5, 7, 3, 9, 7, 5, 9, 7, 9, 10, 8, 9, 7, 5, 9, 11, 9, 7, 9, 5, 9, 1, 3, 1, 3, 1, 3, 9, 5, 1, 7, 9, 7, 1, 3, 7, 1, 0, 3, 1, 0, 3, 1, 0, 3, 1, 3, 1, 3, 1, 3, 7, 8, 9, 7, 9, 7, 9, 3, 9, 7, 11, 7, 9, 11, 13, 11, 9, 3, 7, 1, 3, 9, 7, 3, 1, 11, 16, 7, 9, 10, 8, 10, 13, 9, 13, 20, 27, 26, 11, 13, 15, 13, 11, 9, 11, 9, 5, 3, 9, 3, 9, 3, 4, 2, 3, 1, 0, 3, 11, 16, 11, 9, 5, 13, 22, 20, 11, 9, 11, 14, 13, 11, 3, 7, 8, 10, 11, 9, 0, 1, 7, 21, 20, 3, 0, 1, 13, 22, 20, 9, 13, 11, 9, 11, 13, 11, 9, 11, 13, 11, 5, 13, 11, 13, 16, 11, 1, 0, 11, 9, 7, 8, 6, 8, 7, 9, 16, 9, 7, 13, 5, 0, 7, 13, 7, 14, 19, 16, 9, 7, 5, 3, 10, 8, 6, 4, 6, 8, 6, 8, 6, 7, 5, 7, 9, 10, 8, 7, 9, 11, 9, 5, 7, 10, 8, 9, 15, 9, 13, 9, 11, 9, 7, 5, 7, 9, 11, 9, 5, 11, 9, 3, 5, 3, 7, 9, 3, 1, 4, 2, 0, 1, 3, 9, 8, 3, 1, 5, 25, 20, 9, 7, 9, 13, 16, 5, 0, 18, 1, 3, 6, 9, 13, 12, 2, 0, 9, 0, 3, 5, 1, 0, 1, 0, 8, 6, 7]","[8, 1, 13, 9, 1, 0, 11, 10, 2, 0, 1, 6, 5, 1, 4, 1, 3, 4, 2, 1, 3, 5, 3, 5, 10, 14, 16, 15, 17, 16, 17, 16, 3, 0, 4, 17, 1, 8, 16, 15, 7, 15, 3, 1, 0, 1, 2, 1, 2, 3, 4, 2, 0, 3, 2, 1, 2, 4, 2, 1, 2, 3, 2, 0, 3, 2, 1, 0, 3, 2, 4, 3, 0, 3, 5, 4, 2, 3, 2, 3, 2, 3, 4, 5, 4, 1, 3, 5, 6, 4, 3, 1, 3, 4, 3, 6, 3, 4, 2, 0, 4, 3, 4, 2, 3, 4, 3, 15, 6, 7, 4, 5, 3, 7, 4, 5, 4, 5, 4, 3, 2, 4, 2, 3, 7, 6, 2, 6, 5, 7, 5, 4, 6, 3, 6, 5, 6, 5, 6, 5, 6, 5, 4, 5, 4, 5, 4, 3, 5, 7, 5, 3, 4, 5, 4, 3, 4, 5, 3, 5, 3, 4, 9, 11, 7, 3, 4, 2, 5, 4, 3, 4, 18, 5, 3, 5, 6, 5, 3, 5, 3, 4, 19, 13, 1, 7, 6, 5, 7, 6, 5, 8, 6, 9, 8, 5, 6, 5, 7, 6, 5, 6, 5, 6, 5, 6, 5, 6, 5, 6, 4, 5, 6, 5, 6, 7, 5, 6, 5, 6, 5, 4, 5, 2, 7, 11, 6, 9, 5, 6, 5, 4, 5, 4, 3, 4, 3, 4, 3, 2, 3, 5, 4, 2, 3, 5, 4, 2, 3, 4, 5, 6, 5, 3, 4, 2, 5, 4, 3, 5, 4, 5, 4, 5, 4, 3, 5, 6, 5, 4, 5, 3, 5, 1, 2, 1, 2, 1, 2, 5, 3, 1, 4, 5, 4, 1, 2, 4, 1, 0, 2, 1, 0, 2, 1, 0, 2, 1, 2, 1, 2, 1, 2, 4, 5, 4, 5, 4, 5, 2, 5, 4, 6, 4, 5, 6, 7, 6, 5, 2, 4, 1, 2, 5, 4, 2, 1, 6, 9, 4, 5, 4, 5, 7, 5, 7, 11, 17, 16, 6, 7, 8, 7, 6, 5, 6, 5, 3, 2, 5, 2, 5, 2, 1, 2, 1, 0, 2, 6, 9, 6, 5, 3, 7, 13, 11, 6, 5, 6, 7, 6, 2, 4, 5, 6, 5, 0, 1, 4, 12, 11, 2, 0, 1, 7, 13, 11, 5, 7, 6, 5, 6, 7, 6, 5, 6, 7, 6, 3, 7, 6, 7, 9, 6, 1, 0, 6, 5, 4, 3, 4, 5, 9, 5, 4, 7, 3, 0, 4, 7, 4, 7, 10, 9, 5, 4, 3, 2, 5, 4, 3, 2, 3, 4, 3, 4, 3, 4, 3, 4, 5, 4, 5, 6, 5, 3, 4, 5, 4, 5, 8, 5, 7, 5, 6, 5, 4, 3, 4, 5, 6, 5, 3, 6, 5, 2, 3, 2, 4, 5, 2, 1, 2, 1, 0, 1, 2, 5, 4, 2, 1, 3, 15, 11, 5, 4, 5, 7, 9, 3, 0, 10, 1, 2, 3, 5, 7, 6, 1, 0, 5, 0, 2, 3, 1, 0, 1, 0, 4, 3, 4]"
1d1071e4,Task5CP,CP,-356,-203,-151,11,-92,4,-356,-193,-166,11,-94,3,-382,-208,-143,19,-32,4,-358,-174,-63,21,101,6,"[16, 23, 0, 3, 0, 1, 0, 1, 3, 0, 3, 5, 13, 5, 7, 9, 7, 8, 10, 6, 0, 2, 4, 2, 6, 2, 4, 6, 8, 10, 8, 5, 8, 10, 6, 8, 10, 8, 10, 11, 12, 14, 17, 13, 18, 25, 26, 25, 26, 27, 26, 27, 26, 27, 28, 27, 28, 26, 27, 26, 27, 25, 26, 1, 0, 2, 0, 2, 25, 7, 1, 26, 1, 3, 1, 3, 5, 1, 0, 1, 0, 3, 1, 3, 5, 7, 5, 9, 7, 9, 10, 8, 9, 11, 9, 11, 9, 11, 9, 11, 13, 9, 11, 9, 7, 11, 9, 11, 9, 11, 13, 11, 13, 16, 13, 14, 19, 14, 12, 2, 0, 2, 4, 2, 4, 6, 4, 5, 3, 2, 4, 3, 5, 4, 6, 4, 6, 4, 6, 4, 6, 8, 6, 8, 10, 8, 6, 5, 7, 6, 8, 6, 8, 10, 7, 5, 9, 11, 13, 7, 8, 10, 7, 11, 9, 11, 9, 13, 15, 16, 20, 27, 28, 27, 26, 27, 23, 20, 13, 11, 10, 12, 10, 9, 11, 9, 11, 7, 9, 13, 7, 5, 7, 9, 11, 10, 11, 9, 11, 7, 5, 1, 3, 5, 3, 5, 11, 13, 18, 21, 18, 5, 3, 0, 1, 3, 5, 3, 5, 3, 5, 7, 11, 9, 11, 15, 13, 11, 13, 15, 16, 15, 5, 1, 23, 9, 8, 10, 14, 12, 10, 14, 17, 14, 12, 16, 13, 16, 17, 14, 17, 20, 26, 25, 27, 25, 27, 28, 26, 25, 26, 9, 5, 1, 3, 0, 1, 3, 1, 25, 26, 25, 1, 3, 5, 3, 5, 7, 9, 10, 9, 10, 9, 10, 8, 10, 8, 10, 11, 10, 9, 7, 11, 9, 11, 13, 9, 7, 9, 11, 8, 1, 5, 9, 7, 9, 7, 11, 9, 20, 22, 25, 13, 7, 5, 7, 26, 25, 26, 11, 9, 11, 16, 11, 26, 28, 26, 25, 26, 11, 9, 10, 9, 11, 9, 7, 3, 11, 9, 10, 9, 7, 11, 16, 11, 9, 11, 13, 15, 13, 15, 11, 19, 13, 15, 16, 13, 16, 15, 13, 15, 13, 15, 22, 11, 15, 9, 11, 13, 16, 19, 20, 13, 7, 8, 2, 4, 6, 8, 6, 8, 10, 12, 10, 12, 10, 14, 12, 8, 10, 12, 11, 9, 10, 11, 10, 8, 9, 13, 11, 16, 13, 9, 11, 13, 17, 19, 17, 13, 15, 20, 22, 16, 15, 13, 16, 13, 11, 3, 5, 3, 1, 2, 4, 8, 9, 7, 5, 7, 9, 10, 11, 9, 11, 19]","[9, 13, 0, 2, 0, 1, 0, 1, 2, 0, 2, 3, 7, 3, 4, 5, 4, 5, 3, 0, 1, 2, 1, 3, 1, 2, 3, 4, 5, 4, 3, 4, 5, 3, 4, 5, 4, 5, 6, 7, 9, 7, 10, 15, 16, 15, 16, 17, 16, 17, 16, 17, 18, 17, 18, 16, 17, 16, 17, 15, 16, 1, 0, 1, 0, 1, 15, 4, 1, 16, 1, 2, 1, 2, 3, 1, 0, 1, 0, 2, 1, 2, 3, 4, 3, 5, 4, 5, 4, 5, 6, 5, 6, 5, 6, 5, 6, 7, 5, 6, 5, 4, 6, 5, 6, 5, 6, 7, 6, 7, 9, 7, 10, 7, 6, 1, 0, 1, 2, 1, 2, 3, 2, 3, 2, 1, 2, 3, 2, 3, 2, 3, 2, 3, 2, 3, 4, 3, 4, 5, 4, 3, 4, 3, 4, 3, 4, 5, 4, 3, 5, 6, 7, 4, 5, 4, 6, 5, 6, 5, 7, 8, 9, 11, 17, 18, 17, 16, 17, 13, 11, 7, 6, 5, 6, 5, 6, 5, 6, 4, 5, 7, 4, 3, 4, 5, 6, 5, 6, 5, 6, 4, 3, 1, 2, 3, 2, 3, 6, 7, 10, 12, 10, 3, 2, 0, 1, 2, 3, 2, 3, 2, 3, 4, 6, 5, 6, 8, 7, 6, 7, 8, 9, 8, 3, 1, 13, 5, 4, 5, 7, 6, 5, 7, 9, 7, 6, 9, 7, 9, 7, 9, 11, 16, 15, 17, 15, 17, 18, 16, 15, 16, 5, 3, 1, 2, 0, 1, 2, 1, 15, 16, 15, 1, 2, 3, 2, 3, 4, 5, 4, 5, 4, 5, 6, 5, 4, 6, 5, 6, 7, 5, 4, 5, 6, 4, 1, 3, 5, 4, 5, 4, 6, 5, 11, 13, 15, 7, 4, 3, 4, 16, 15, 16, 6, 5, 6, 9, 6, 16, 18, 16, 15, 16, 6, 5, 6, 5, 4, 2, 6, 5, 4, 6, 9, 6, 5, 6, 7, 8, 7, 8, 6, 10, 7, 8, 9, 7, 9, 8, 7, 8, 7, 8, 13, 6, 8, 5, 6, 7, 9, 10, 11, 7, 4, 1, 2, 3, 4, 3, 4, 5, 6, 5, 6, 5, 7, 6, 4, 5, 6, 5, 6, 5, 4, 5, 7, 6, 9, 7, 5, 6, 7, 9, 10, 9, 7, 8, 11, 13, 9, 8, 7, 9, 7, 6, 2, 3, 2, 1, 2, 4, 5, 4, 3, 4, 5, 6, 5, 6, 10]"
cb039d67,Task5CP,CP,-241,-108,-83,8,-61,2,-236,-103,-81,6,-51,2,-267,-148,-117,11,-74,3,-239,-95,-55,14,44,3,"[0, 3, 9, 10, 11, 0, 25, 27, 26, 11, 1, 2, 0, 2, 0, 4, 3, 1, 4, 6, 10, 5, 3, 5, 8, 5, 7, 5, 1, 10, 12, 14, 11, 17, 19, 15, 13, 11, 13, 17, 25, 26, 13, 1, 0, 3, 1, 4, 2, 4, 3, 5, 2, 4, 5, 3, 4, 2, 3, 5, 6, 5, 7, 9, 8, 10, 12, 14, 11, 9, 11, 12, 10, 12, 11, 1, 3, 4, 6, 4, 6, 3, 1, 3, 0, 25, 11, 25, 26, 27, 26, 9, 13, 16, 21, 20, 22, 19, 1, 0, 3, 5, 3, 1, 3, 4, 2, 4, 2, 0, 3, 6, 5, 8, 6, 8, 6, 8, 5, 7, 9, 5, 9, 10, 8, 9, 11, 9, 11, 9, 11, 9, 12, 10, 12, 8, 10, 9, 5, 25, 13, 17, 11, 9, 12, 14, 12, 13, 9, 11, 9, 12, 10, 12, 11, 13, 11, 9, 8, 7, 10, 16, 11, 13, 9, 10, 11, 12, 10, 12, 11, 22, 25, 11, 7, 5, 25, 5, 7, 9, 7, 25, 26, 27, 26, 25, 15, 20, 27, 25, 13, 7, 5, 7, 8, 6, 2, 10, 11, 9, 7, 13, 20, 18, 13, 9, 22, 1, 3, 5, 3, 1, 3, 1, 3, 9, 3, 1, 0, 5, 4, 6, 8, 6, 7, 3, 8, 6, 8, 4, 6, 9, 7, 5, 3, 1, 9, 11, 5, 3, 5, 9, 7, 9, 5, 8, 5, 7, 9, 25, 7, 9, 7, 10, 22, 25, 22, 11, 9, 7, 11, 9, 11, 9, 11, 25, 13, 11, 9, 7, 25, 13, 17, 19, 17, 19, 17, 19, 11, 12, 17, 12, 19, 12, 26, 25, 27, 26, 15, 9, 7, 9, 7, 5, 10, 8, 10, 12, 10, 9, 11, 16, 25, 13, 14, 25, 7, 11, 9, 27, 25, 26, 25, 27, 26]","[0, 2, 5, 6, 0, 15, 17, 16, 6, 1, 0, 1, 0, 2, 1, 2, 3, 5, 3, 2, 3, 4, 3, 4, 3, 1, 5, 6, 7, 6, 9, 10, 8, 7, 6, 7, 9, 15, 16, 7, 1, 0, 2, 1, 2, 1, 2, 3, 1, 2, 3, 2, 1, 2, 3, 4, 5, 4, 5, 6, 7, 6, 5, 6, 5, 6, 1, 2, 3, 2, 3, 2, 1, 2, 0, 15, 6, 15, 16, 17, 16, 5, 7, 9, 12, 11, 13, 10, 1, 0, 2, 3, 2, 1, 2, 1, 2, 1, 0, 2, 3, 4, 3, 4, 3, 4, 3, 4, 5, 3, 5, 4, 5, 6, 5, 6, 5, 6, 5, 6, 5, 6, 4, 5, 3, 15, 7, 9, 6, 5, 6, 7, 6, 7, 5, 6, 5, 6, 5, 6, 7, 6, 5, 4, 5, 9, 6, 7, 5, 6, 5, 6, 13, 15, 6, 4, 3, 15, 3, 4, 5, 4, 15, 16, 17, 16, 15, 8, 11, 17, 15, 7, 4, 3, 4, 3, 1, 5, 6, 5, 4, 7, 11, 10, 7, 5, 13, 1, 2, 3, 2, 1, 2, 1, 2, 5, 2, 1, 0, 3, 2, 3, 4, 3, 4, 2, 4, 3, 4, 2, 3, 5, 4, 3, 2, 1, 5, 6, 3, 2, 3, 5, 4, 5, 3, 4, 3, 4, 5, 15, 4, 5, 4, 5, 13, 15, 13, 6, 5, 4, 6, 5, 6, 5, 6, 15, 7, 6, 5, 4, 15, 7, 9, 10, 9, 10, 9, 10, 6, 9, 6, 10, 6, 16, 15, 17, 16, 8, 5, 4, 5, 4, 3, 5, 4, 5, 6, 5, 6, 9, 15, 7, 15, 4, 6, 5, 17, 15, 16, 15, 17, 16]"
5e4ae544,Task5CP,CP,-156,-48,-94,4,-26,2,-161,-43,-101,6,-11,2,-177,-63,-103,9,-16,2,-157,-38,-49,12,56,3,"[7, 0, 2, 0, 1, 2, 3, 5, 3, 2, 3, 5, 3, 5, 4, 6, 1, 6, 8, 7, 5, 3, 1, 5, 3, 1, 7, 5, 3, 5, 7, 6, 5, 1, 3, 7, 5, 7, 9, 7, 5, 3, 7, 9, 7, 9, 5, 9, 5, 9, 5, 9, 10, 9, 11, 22, 13, 11, 25, 11, 9, 11, 9, 7, 3, 5, 1, 11, 9, 5, 9, 11, 9, 11, 9, 11, 10, 6, 2, 3, 9, 3, 7, 10, 9, 7, 9, 13, 7, 9, 11, 13, 11, 10, 11, 15, 11, 10, 7, 8, 9, 11, 13, 15, 13, 14, 10, 12, 10, 14, 12, 11, 10, 5, 1, 3, 10, 12, 14, 17, 0, 17, 5, 3, 5, 16, 14, 17, 16, 17, 9, 11, 14, 11, 25, 16, 18, 21, 9, 5, 18, 13, 9, 26, 25, 7, 25, 3, 4, 6, 8, 6, 8, 10, 9, 10, 13, 9, 11, 9, 7, 5, 4, 6, 2, 5, 3, 0, 14, 8, 13, 7, 8, 10, 7, 13, 9, 7, 9, 13, 7, 9, 7, 30, 25, 15, 11, 7, 22, 11, 9, 11, 9, 10, 4, 10, 9, 11, 13, 15, 13, 9, 11, 16, 11, 7, 9, 11, 9, 10, 6, 2, 11, 14, 13, 8, 4, 15, 18, 7, 25, 11, 7, 5, 9, 10, 27, 25, 26, 27]","[4, 0, 1, 0, 1, 2, 3, 2, 1, 2, 3, 2, 3, 2, 3, 1, 3, 4, 3, 2, 1, 3, 2, 1, 4, 3, 2, 3, 4, 3, 1, 2, 4, 3, 4, 5, 4, 3, 2, 4, 5, 4, 5, 3, 5, 3, 5, 3, 5, 6, 13, 7, 6, 15, 6, 5, 6, 5, 4, 2, 3, 1, 6, 5, 3, 5, 6, 5, 6, 5, 6, 5, 3, 1, 2, 5, 2, 4, 5, 4, 5, 7, 4, 5, 6, 7, 6, 5, 6, 8, 6, 5, 4, 5, 6, 7, 8, 7, 5, 6, 5, 7, 6, 5, 3, 1, 2, 5, 6, 7, 9, 0, 9, 3, 2, 3, 9, 7, 9, 5, 6, 7, 6, 15, 9, 10, 12, 5, 3, 10, 7, 5, 16, 15, 4, 15, 2, 3, 4, 3, 4, 5, 7, 5, 6, 5, 4, 3, 2, 3, 1, 3, 2, 0, 7, 4, 7, 4, 5, 4, 7, 5, 4, 5, 7, 4, 5, 4, 20, 15, 8, 6, 4, 13, 6, 5, 6, 5, 2, 5, 6, 7, 8, 7, 5, 6, 9, 6, 4, 5, 6, 5, 3, 1, 6, 7, 4, 2, 8, 10, 4, 15, 6, 4, 3, 5, 17, 15, 16, 17]"
dfab1ede,Task5CP,CP,-177,-124,-131,5,-124,1,-177,-119,-136,5,-119,1,-198,-99,-91,10,-87,2,-184,-80,-66,12,-53,2,"[16, 13, 22, 0, 7, 9, 26, 1, 3, 0, 2, 0, 25, 26, 25, 26, 25, 26, 0, 1, 22, 29, 3, 0, 25, 0, 1, 4, 2, 0, 2, 1, 2, 1, 2, 1, 2, 1, 3, 1, 0, 1, 0, 4, 3, 5, 1, 5, 11, 15, 20, 25, 7, 1, 7, 1, 13, 3, 1, 3, 0, 1, 0, 1, 0, 1, 0, 1, 3, 1, 8, 5, 2, 22, 1, 0, 26, 29, 22, 26, 16, 22, 12, 6, 0, 1, 3, 7, 3, 1, 0, 1, 3, 0, 3, 1, 5, 3, 5, 0, 3, 0, 3, 1, 3, 0, 3, 26, 16, 11, 3, 13, 9, 5, 11, 13, 3, 1, 3, 5, 3, 5, 7, 11, 9, 7, 8, 7, 3, 1, 7, 1, 3, 1, 5, 9, 8, 7, 9, 3, 0, 1, 0, 1, 3, 1, 11, 5, 7, 1, 0, 3, 13, 3, 1, 23, 25, 26, 25, 18, 13, 9, 11, 9, 13, 11, 7, 5, 7, 10, 13, 11, 9, 3, 5, 9, 11, 9, 7, 9, 5, 3, 1, 3, 5, 7, 8, 9, 11, 13, 9, 11, 14, 13, 11, 8, 13, 11, 7, 11, 5, 16, 11, 16, 20, 18, 22, 9, 11, 7, 22, 18, 20, 24, 3, 0, 11, 13, 11, 8, 10, 19, 13, 9, 8, 4, 11, 8, 5, 7, 25, 7, 5, 7, 8, 26, 25, 10, 8, 25, 9]","[9, 7, 13, 0, 4, 5, 16, 1, 2, 0, 1, 0, 15, 16, 15, 16, 15, 16, 0, 1, 13, 19, 2, 0, 15, 0, 1, 2, 1, 0, 1, 2, 1, 0, 1, 0, 2, 3, 1, 3, 6, 8, 11, 15, 4, 1, 4, 1, 7, 2, 1, 2, 0, 1, 0, 1, 0, 1, 0, 1, 2, 1, 4, 3, 1, 13, 1, 0, 16, 19, 13, 16, 9, 13, 6, 3, 0, 1, 2, 4, 2, 1, 0, 1, 2, 0, 2, 1, 3, 2, 3, 0, 2, 0, 2, 1, 2, 0, 2, 16, 9, 6, 2, 7, 5, 3, 6, 7, 2, 1, 2, 3, 2, 3, 4, 6, 5, 4, 2, 1, 4, 1, 2, 1, 3, 5, 4, 5, 2, 0, 1, 0, 1, 2, 1, 6, 3, 4, 1, 0, 2, 7, 2, 1, 13, 15, 16, 15, 10, 7, 5, 6, 5, 7, 6, 4, 3, 4, 5, 7, 6, 5, 2, 3, 5, 6, 5, 4, 5, 3, 2, 1, 2, 3, 4, 5, 6, 7, 5, 6, 7, 6, 4, 7, 6, 4, 6, 3, 9, 6, 9, 11, 10, 13, 5, 6, 4, 13, 10, 11, 14, 2, 0, 6, 7, 6, 4, 5, 10, 7, 5, 4, 2, 6, 4, 3, 4, 15, 4, 3, 4, 16, 15, 5, 4, 15, 5]"
9a43cae5,Task5CP,CP,-206,-113,-118,3,-113,1,-201,-118,-114,4,-118,1,-217,-128,-127,11,-96,2,-190,-81,-81,14,-22,3,"[16, 0, 1, 0, 1, 0, 3, 1, 3, 5, 1, 3, 5, 7, 5, 4, 2, 4, 6, 4, 6, 5, 7, 9, 7, 5, 3, 0, 9, 7, 9, 8, 7, 8, 10, 8, 7, 5, 7, 5, 9, 8, 10, 9, 11, 12, 10, 11, 9, 13, 15, 13, 14, 10, 14, 17, 13, 16, 20, 22, 24, 22, 25, 26, 27, 26, 11, 5, 1, 3, 5, 26, 3, 1, 3, 5, 3, 5, 1, 7, 5, 0, 1, 5, 1, 5, 3, 5, 4, 3, 5, 3, 1, 0, 3, 1, 0, 1, 3, 1, 5, 3, 9, 7, 5, 1, 0, 1, 5, 3, 5, 7, 5, 7, 8, 5, 7, 8, 5, 7, 6, 9, 11, 6, 8, 6, 7, 8, 10, 8, 10, 12, 11, 9, 11, 13, 11, 13, 14, 17, 13, 14, 13, 19, 20, 13, 9, 11, 9, 8, 10, 7, 9, 8, 7, 25, 7, 9, 7, 5, 3, 5, 9, 7, 5, 7, 5, 7, 5, 25, 26, 27, 26, 25, 26, 11, 5, 0, 11, 15, 13, 14, 2, 6, 4, 6, 8, 5, 8, 6, 8, 5, 7, 3, 4, 2, 1, 3, 4, 1, 3, 1, 2, 1, 4, 2, 6, 4, 6, 2, 1, 3, 4, 6, 4, 5, 6, 4, 5, 3, 5, 1, 0, 1, 3, 7, 6, 7, 5, 7, 9, 5, 7, 9, 5, 7, 9, 7, 8, 3, 5, 10, 8, 9, 11, 9, 5, 7, 11, 7, 9, 16, 9, 11, 7, 16, 9, 13, 11, 9, 13, 10, 11, 10, 9, 11, 9, 11, 10, 11]","[9, 0, 1, 0, 1, 0, 2, 1, 2, 3, 1, 2, 3, 4, 3, 2, 1, 2, 3, 2, 3, 4, 5, 4, 3, 2, 0, 5, 4, 5, 4, 5, 4, 3, 4, 3, 5, 4, 5, 6, 5, 6, 5, 7, 8, 7, 5, 7, 9, 7, 9, 11, 13, 14, 13, 15, 16, 17, 16, 6, 3, 1, 2, 3, 16, 2, 1, 2, 3, 2, 3, 1, 4, 3, 0, 1, 3, 1, 3, 2, 3, 2, 3, 2, 1, 0, 2, 1, 0, 1, 2, 1, 3, 2, 5, 4, 3, 1, 0, 1, 3, 2, 3, 4, 3, 4, 3, 4, 3, 4, 3, 5, 6, 3, 4, 3, 4, 5, 4, 5, 6, 5, 6, 7, 6, 7, 9, 7, 10, 11, 7, 5, 6, 5, 4, 5, 4, 5, 4, 15, 4, 5, 4, 3, 2, 3, 5, 4, 3, 4, 3, 4, 3, 15, 16, 17, 16, 15, 16, 6, 3, 0, 6, 8, 7, 1, 3, 2, 3, 4, 3, 4, 3, 4, 3, 4, 2, 1, 2, 1, 2, 1, 2, 1, 3, 2, 3, 1, 2, 3, 2, 3, 2, 3, 2, 3, 1, 0, 1, 2, 4, 3, 4, 3, 4, 5, 3, 4, 5, 3, 4, 5, 4, 2, 3, 5, 4, 5, 6, 5, 3, 4, 6, 4, 5, 9, 5, 6, 4, 9, 5, 7, 6, 5, 7, 5, 6, 5, 6, 5, 6, 5, 6]"
66310afd,Task5CP,CP,-427,-294,-305,9,-242,2,-427,-294,-297,11,-247,2,-458,-304,-242,18,-146,5,-438,-274,-183,21,-79,6,"[0, 1, 0, 2, 4, 0, 4, 7, 5, 1, 0, 1, 0, 3, 25, 26, 25, 26, 27, 1, 0, 25, 0, 3, 1, 3, 7, 5, 1, 0, 3, 0, 3, 5, 7, 5, 7, 3, 5, 7, 8, 6, 2, 4, 10, 12, 8, 4, 6, 10, 8, 10, 12, 6, 8, 3, 1, 7, 9, 11, 13, 5, 1, 9, 5, 3, 1, 5, 3, 5, 3, 7, 5, 7, 9, 13, 9, 7, 1, 5, 7, 5, 6, 4, 6, 8, 12, 10, 6, 8, 6, 7, 5, 7, 9, 0, 1, 13, 9, 7, 5, 7, 1, 5, 3, 9, 7, 0, 3, 9, 11, 12, 10, 14, 9, 11, 5, 11, 9, 1, 5, 13, 9, 3, 7, 5, 9, 7, 9, 7, 9, 7, 5, 7, 10, 9, 10, 9, 10, 9, 10, 12, 13, 9, 15, 13, 11, 13, 11, 13, 11, 13, 8, 4, 5, 3, 5, 6, 4, 10, 8, 10, 6, 13, 11, 13, 11, 15, 13, 11, 13, 11, 13, 11, 13, 15, 13, 11, 13, 11, 9, 11, 13, 11, 13, 12, 14, 11, 12, 17, 14, 11, 9, 5, 26, 16, 15, 13, 15, 17, 13, 16, 11, 5, 25, 3, 9, 13, 25, 1, 5, 9, 7, 25, 5, 9, 11, 7, 5, 11, 26, 25, 1, 9, 11, 26, 25, 10, 9, 11, 13, 15, 13, 7, 13, 16, 11, 5, 1, 3, 5, 1, 3, 7, 5, 7, 9, 0, 3, 1, 5, 7, 9, 13, 14, 16, 11, 5, 7, 11, 1, 7, 5, 9, 5, 6, 8, 12, 11, 0, 3, 0, 1, 5, 3, 1, 3, 1, 16, 13, 7, 11, 13, 11, 13, 11, 9, 11, 12, 14, 19, 13, 15, 16, 11, 25, 11, 13, 11, 13, 11, 13, 11, 13, 15, 13, 11, 13, 11, 12, 13, 11, 13, 9, 0, 3, 7, 5, 3, 5, 3, 1, 13, 11, 16, 11, 13, 11, 25, 9, 11, 25, 26, 13, 25, 7, 13, 11, 9, 11, 13, 9, 11, 25, 11, 10, 9, 7, 5, 11, 16, 15, 9, 11, 17, 16, 11, 16, 11, 10, 11, 5, 13, 11, 7, 3, 5, 7, 16, 17, 25, 26, 11, 25, 11, 13, 25, 9, 13, 25, 13, 11, 25, 16, 25, 22, 25, 13, 25, 11, 13, 11, 25, 11, 25, 27, 25, 26, 25, 26, 25, 26, 25, 26, 25, 26, 25, 26, 25, 27, 25, 26, 25, 26, 25, 26, 25, 27, 25, 26, 25, 28, 25, 26, 25, 26, 25, 26, 25, 27, 25, 26, 25, 26, 25, 26, 25, 26, 25, 26, 25, 27, 25, 26, 25, 26, 25, 26, 25, 26, 25, 26, 25, 26, 25, 26, 25, 26, 25, 26, 25, 26, 25, 26, 25, 26, 25, 26, 25, 26, 25, 26, 25, 26, 25, 26, 25, 26, 25, 26, 25, 26, 25, 26, 25, 26, 25, 26, 25, 26, 25, 26, 25, 27, 26, 25, 26, 25, 26, 25, 9, 26, 25, 26, 27, 26, 28, 29, 28, 26, 25, 27, 15, 13, 21, 25, 27, 25, 16, 27, 26]","[0, 1, 0, 1, 2, 0, 2, 4, 3, 1, 0, 1, 0, 2, 15, 16, 15, 16, 17, 1, 0, 15, 0, 2, 1, 2, 4, 3, 1, 0, 2, 0, 2, 3, 4, 3, 4, 2, 3, 4, 3, 1, 2, 5, 6, 4, 2, 3, 5, 4, 5, 6, 3, 4, 2, 1, 4, 5, 6, 7, 3, 1, 5, 3, 2, 1, 3, 2, 3, 2, 4, 3, 4, 5, 7, 5, 4, 1, 3, 4, 3, 2, 3, 4, 6, 5, 3, 4, 3, 4, 3, 4, 5, 0, 1, 7, 5, 4, 3, 4, 1, 3, 2, 5, 4, 0, 2, 5, 6, 5, 7, 5, 6, 3, 6, 5, 1, 3, 7, 5, 2, 4, 3, 5, 4, 5, 4, 5, 4, 3, 4, 5, 6, 7, 5, 8, 7, 6, 7, 6, 7, 6, 7, 4, 2, 3, 2, 3, 2, 5, 4, 5, 3, 7, 6, 7, 6, 8, 7, 6, 7, 6, 7, 6, 7, 8, 7, 6, 7, 6, 5, 6, 7, 6, 7, 6, 7, 6, 9, 7, 6, 5, 3, 16, 9, 8, 7, 8, 9, 7, 9, 6, 3, 15, 2, 5, 7, 15, 1, 3, 5, 4, 15, 3, 5, 6, 4, 3, 6, 16, 15, 1, 5, 6, 16, 15, 5, 6, 7, 8, 7, 4, 7, 9, 6, 3, 1, 2, 3, 1, 2, 4, 3, 4, 5, 0, 2, 1, 3, 4, 5, 7, 9, 6, 3, 4, 6, 1, 4, 3, 5, 3, 4, 6, 0, 2, 0, 1, 3, 2, 1, 2, 1, 9, 7, 4, 6, 7, 6, 7, 6, 5, 6, 7, 10, 7, 8, 9, 6, 15, 6, 7, 6, 7, 6, 7, 6, 7, 8, 7, 6, 7, 6, 7, 6, 7, 5, 0, 2, 4, 3, 2, 3, 2, 1, 7, 6, 9, 6, 7, 6, 15, 5, 6, 15, 16, 7, 15, 4, 7, 6, 5, 6, 7, 5, 6, 15, 6, 5, 4, 3, 6, 9, 8, 5, 6, 9, 6, 9, 6, 5, 6, 3, 7, 6, 4, 2, 3, 4, 9, 15, 16, 6, 15, 6, 7, 15, 5, 7, 15, 7, 6, 15, 9, 15, 13, 15, 7, 15, 6, 7, 6, 15, 6, 15, 17, 15, 16, 15, 16, 15, 16, 15, 16, 15, 16, 15, 16, 15, 17, 15, 16, 15, 16, 15, 16, 15, 17, 15, 16, 15, 18, 15, 16, 15, 16, 15, 16, 15, 17, 15, 16, 15, 16, 15, 16, 15, 16, 15, 16, 15, 17, 15, 16, 15, 16, 15, 16, 15, 16, 15, 16, 15, 16, 15, 16, 15, 16, 15, 16, 15, 16, 15, 16, 15, 16, 15, 16, 15, 16, 15, 16, 15, 16, 15, 16, 15, 16, 15, 16, 15, 16, 15, 16, 15, 16, 15, 16, 15, 16, 15, 16, 15, 17, 16, 15, 16, 15, 16, 15, 5, 16, 15, 16, 17, 16, 18, 19, 18, 16, 15, 17, 8, 7, 12, 15, 17, 15, 9, 17, 16]"
615db7bf,Task6CM,CM,0,0,0,0,0,0,0,0,0,0,0,0,-190,-34,-88,10,-34,1,-190,-34,-88,10,-34,1,"[10, 3, 1, 0, 1, 2, 0, 1, 2, 3, 2, 3, 4, 3, 2, 3, 4, 5, 4, 5, 6, 7, 10, 11, 12, 14, 16, 17, 18, 17, 2, 1, 2, 1, 0, 1, 2, 17, 2, 3, 2, 3, 1, 2, 3, 4, 3, 4, 5, 4, 5, 6, 15, 5, 6, 4, 5, 4, 5, 3, 5, 3, 5, 3, 6, 3, 4, 3, 6, 3, 5, 3, 5, 4, 7, 5, 4, 2, 3, 5, 1, 3, 5, 2, 4, 2, 4, 2, 4, 5, 2, 4, 2, 5, 2, 5, 3, 5, 3, 5, 6, 3, 5, 3, 4, 6, 4, 6, 5, 3, 5, 6, 3, 4, 3, 5, 6, 4, 6, 2, 3, 5, 2, 6, 3, 5, 3, 2, 1, 3, 1, 3, 4, 1, 4, 2, 4, 1, 3, 2, 5, 2, 4, 5, 4, 3, 5, 2, 5, 3, 5, 8, 6, 3, 6, 3, 5, 3, 4, 6, 3, 5, 3, 6, 4, 6, 4, 6, 7, 4, 6, 7, 4, 6, 4, 6, 7, 6, 4, 6, 7, 4, 7, 17, 6, 4, 6, 15, 18, 17, 7, 10, 12, 11, 13, 7, 12, 13, 12, 13, 17, 18, 7, 15, 10, 11, 12, 7, 6, 7, 5, 4, 7, 5, 6, 5, 2, 5, 2, 5, 2, 15, 8, 6, 4, 7, 4, 1, 4, 12, 13, 17, 4, 6, 15, 17, 15, 13, 17, 12, 13, 19, 18]","[10, 3, 1, 0, 1, 2, 0, 1, 2, 3, 2, 3, 4, 3, 2, 3, 4, 5, 4, 5, 6, 7, 10, 11, 12, 14, 16, 17, 18, 17, 2, 1, 2, 1, 0, 1, 2, 17, 2, 3, 2, 3, 1, 2, 3, 4, 3, 4, 5, 4, 5, 6, 15, 5, 6, 4, 5, 4, 5, 3, 5, 3, 5, 3, 6, 3, 4, 3, 6, 3, 5, 3, 5, 4, 7, 5, 4, 2, 3, 5, 1, 3, 5, 2, 4, 2, 4, 2, 4, 5, 2, 4, 2, 5, 2, 5, 3, 5, 3, 5, 6, 3, 5, 3, 4, 6, 4, 6, 5, 3, 5, 6, 3, 4, 3, 5, 6, 4, 6, 2, 3, 5, 2, 6, 3, 5, 3, 2, 1, 3, 1, 3, 4, 1, 4, 2, 4, 1, 3, 2, 5, 2, 4, 5, 4, 3, 5, 2, 5, 3, 5, 8, 6, 3, 6, 3, 5, 3, 4, 6, 3, 5, 3, 6, 4, 6, 4, 6, 7, 4, 6, 7, 4, 6, 4, 6, 7, 6, 4, 6, 7, 4, 7, 17, 6, 4, 6, 15, 18, 17, 7, 10, 12, 11, 13, 7, 12, 13, 12, 13, 17, 18, 7, 15, 10, 11, 12, 7, 6, 7, 5, 4, 7, 5, 6, 5, 2, 5, 2, 5, 2, 15, 8, 6, 4, 7, 4, 1, 4, 12, 13, 17, 4, 6, 15, 17, 15, 13, 17, 12, 13, 19, 18]"
f9ec2bc7,Task6CM,CM,0,0,0,0,0,0,0,0,0,0,0,0,-227,24,-114,12,38,2,-227,24,-114,12,38,2,"[0, 1, 0, 1, 0, 1, 2, 0, 2, 3, 1, 2, 3, 2, 3, 4, 2, 3, 4, 3, 2, 3, 9, 4, 3, 2, 1, 4, 3, 1, 0, 5, 4, 5, 6, 5, 4, 6, 4, 3, 6, 7, 8, 7, 8, 7, 6, 7, 6, 7, 5, 4, 5, 6, 7, 5, 6, 7, 6, 7, 5, 4, 7, 6, 7, 6, 7, 6, 7, 6, 7, 6, 4, 6, 3, 7, 5, 6, 5, 6, 7, 5, 4, 6, 5, 6, 7, 8, 6, 5, 3, 4, 6, 7, 4, 6, 8, 7, 6, 7, 6, 4, 6, 8, 7, 6, 5, 2, 6, 4, 7, 6, 5, 7, 8, 7, 6, 1, 7, 6, 1, 0, 4, 7, 5, 6, 12, 4, 3, 0, 2, 6, 1, 2, 0, 7, 6, 4, 3, 0, 6, 2, 10, 9, 6, 5, 8, 12, 13, 12, 1, 13, 17, 2, 1, 2, 0, 6, 4, 1, 17, 8, 6, 4, 5, 17, 6, 5, 7, 6, 17, 18, 17, 5, 15, 17, 15, 13, 12, 17, 10, 17, 13, 6, 15, 17, 18, 17, 13, 17, 13, 17, 18, 17, 13, 17, 13, 17, 18, 17, 7, 6, 17, 6, 15, 13, 17, 6, 5, 17, 18, 17, 7, 8, 7, 5, 17, 7, 6, 7, 6, 17, 13, 7, 18, 17, 18, 17, 7, 17, 18, 17, 19, 17, 18, 17, 18, 17, 18, 17, 12, 17, 18, 17, 6, 5, 15, 18, 17, 18, 19, 17, 19, 17, 18, 17, 18, 8, 7, 8, 7, 6, 8, 17, 18, 17, 18, 17, 19, 17, 18, 17, 19, 18, 10, 19, 17, 20, 17, 19, 18, 17, 18, 17, 18, 17, 18, 17, 18, 17]","[0, 1, 0, 1, 0, 1, 2, 0, 2, 3, 1, 2, 3, 2, 3, 4, 2, 3, 4, 3, 2, 3, 9, 4, 3, 2, 1, 4, 3, 1, 0, 5, 4, 5, 6, 5, 4, 6, 4, 3, 6, 7, 8, 7, 8, 7, 6, 7, 6, 7, 5, 4, 5, 6, 7, 5, 6, 7, 6, 7, 5, 4, 7, 6, 7, 6, 7, 6, 7, 6, 7, 6, 4, 6, 3, 7, 5, 6, 5, 6, 7, 5, 4, 6, 5, 6, 7, 8, 6, 5, 3, 4, 6, 7, 4, 6, 8, 7, 6, 7, 6, 4, 6, 8, 7, 6, 5, 2, 6, 4, 7, 6, 5, 7, 8, 7, 6, 1, 7, 6, 1, 0, 4, 7, 5, 6, 12, 4, 3, 0, 2, 6, 1, 2, 0, 7, 6, 4, 3, 0, 6, 2, 10, 9, 6, 5, 8, 12, 13, 12, 1, 13, 17, 2, 1, 2, 0, 6, 4, 1, 17, 8, 6, 4, 5, 17, 6, 5, 7, 6, 17, 18, 17, 5, 15, 17, 15, 13, 12, 17, 10, 17, 13, 6, 15, 17, 18, 17, 13, 17, 13, 17, 18, 17, 13, 17, 13, 17, 18, 17, 7, 6, 17, 6, 15, 13, 17, 6, 5, 17, 18, 17, 7, 8, 7, 5, 17, 7, 6, 7, 6, 17, 13, 7, 18, 17, 18, 17, 7, 17, 18, 17, 19, 17, 18, 17, 18, 17, 18, 17, 12, 17, 18, 17, 6, 5, 15, 18, 17, 18, 19, 17, 19, 17, 18, 17, 18, 8, 7, 8, 7, 6, 8, 17, 18, 17, 18, 17, 19, 17, 18, 17, 19, 18, 10, 19, 17, 20, 17, 19, 18, 17, 18, 17, 18, 17, 18, 17, 18, 17]"
dac593bd,Task6CM,CM,0,0,0,0,0,0,0,0,0,0,0,0,-467,-201,-110,25,-97,2,-467,-201,-110,25,-97,2,"[4, 2, 13, 6, 4, 15, 17, 18, 4, 2, 5, 1, 0, 17, 13, 10, 0, 1, 2, 7, 5, 6, 12, 10, 15, 16, 17, 15, 3, 0, 1, 17, 1, 2, 3, 2, 3, 4, 2, 4, 2, 4, 3, 4, 5, 7, 10, 9, 5, 2, 5, 12, 13, 14, 13, 12, 15, 14, 15, 16, 15, 17, 15, 16, 14, 16, 17, 18, 17, 13, 17, 18, 12, 13, 10, 12, 10, 0, 3, 5, 4, 9, 11, 13, 5, 0, 2, 3, 2, 3, 2, 3, 0, 1, 0, 2, 3, 4, 3, 2, 4, 3, 5, 4, 3, 4, 0, 4, 3, 4, 5, 6, 4, 0, 8, 6, 4, 2, 7, 10, 12, 9, 8, 9, 5, 9, 10, 12, 10, 7, 3, 1, 3, 2, 3, 1, 2, 3, 2, 3, 2, 3, 1, 0, 1, 16, 18, 2, 1, 3, 2, 6, 5, 3, 2, 1, 0, 2, 3, 2, 3, 4, 3, 4, 3, 4, 0, 4, 3, 2, 4, 7, 6, 4, 5, 3, 6, 5, 4, 5, 4, 3, 1, 17, 15, 7, 4, 3, 1, 0, 1, 3, 4, 3, 2, 5, 4, 1, 3, 5, 4, 7, 6, 4, 6, 12, 5, 3, 7, 8, 15, 3, 4, 8, 1, 6, 5, 12, 15, 17, 15, 4, 3, 4, 12, 15, 5, 4, 5, 15, 6, 7, 6, 17, 7, 6, 19, 18, 7, 17, 7, 17, 9, 7, 6, 5, 6, 4, 2, 6, 4, 17, 13, 4, 19, 18, 8, 6, 7, 6, 17, 6, 8, 6, 18, 17, 6, 8, 6, 5, 6, 12, 17, 8, 7, 5, 17, 4, 12, 13, 8, 6, 9, 8, 7, 5, 4, 3, 5, 4, 13, 15, 17, 13, 6, 13, 4, 18, 17, 6, 12, 13, 17, 7, 6, 17, 13, 12, 13, 12, 17, 10, 17, 6, 4, 5, 6, 5, 17, 18, 17, 1, 18, 6, 8, 13, 8, 17, 15, 4, 3, 17, 5, 8, 4, 8, 12, 8, 13, 12, 10, 11, 6, 5, 4, 8, 6, 4, 1, 3, 6, 5, 4, 5, 12, 7, 6, 7, 4, 5, 3, 4, 6, 4, 3, 2, 5, 18, 17, 7, 8, 5, 6, 18, 17, 13, 15, 4, 3, 6, 4, 6, 17, 7, 6, 5, 6, 5, 4, 6, 5, 4, 5, 6, 4, 2, 4, 6, 9, 4, 7, 4, 5, 6, 12, 6, 4, 3, 6, 15, 18, 7, 8, 5, 6, 5, 4, 7, 12, 13, 12, 4, 17, 18, 17, 15, 17, 12, 18, 19, 17, 19, 17, 19, 18, 17, 15, 17, 18, 13, 12, 5, 2, 3, 5, 3, 4, 1, 0, 15, 8, 6, 5, 4, 7, 6, 5, 6, 4, 6, 13, 5, 6, 15, 13, 8, 6, 5, 17, 12, 17, 7, 6, 20, 18, 17, 19, 5, 8, 5, 17, 6, 8, 6, 11, 15, 17, 3, 2, 18, 6, 18, 6, 12, 17, 18, 17, 6, 7, 8, 6, 17, 5, 4, 17, 18, 17, 15, 6, 17, 18, 17, 6, 7, 6, 19, 18, 17, 8, 6, 18, 20, 17, 18, 17, 9, 12, 6, 9, 12]","[4, 2, 13, 6, 4, 15, 17, 18, 4, 2, 5, 1, 0, 17, 13, 10, 0, 1, 2, 7, 5, 6, 12, 10, 15, 16, 17, 15, 3, 0, 1, 17, 1, 2, 3, 2, 3, 4, 2, 4, 2, 4, 3, 4, 5, 7, 10, 9, 5, 2, 5, 12, 13, 14, 13, 12, 15, 14, 15, 16, 15, 17, 15, 16, 14, 16, 17, 18, 17, 13, 17, 18, 12, 13, 10, 12, 10, 0, 3, 5, 4, 9, 11, 13, 5, 0, 2, 3, 2, 3, 2, 3, 0, 1, 0, 2, 3, 4, 3, 2, 4, 3, 5, 4, 3, 4, 0, 4, 3, 4, 5, 6, 4, 0, 8, 6, 4, 2, 7, 10, 12, 9, 8, 9, 5, 9, 10, 12, 10, 7, 3, 1, 3, 2, 3, 1, 2, 3, 2, 3, 2, 3, 1, 0, 1, 16, 18, 2, 1, 3, 2, 6, 5, 3, 2, 1, 0, 2, 3, 2, 3, 4, 3, 4, 3, 4, 0, 4, 3, 2, 4, 7, 6, 4, 5, 3, 6, 5, 4, 5, 4, 3, 1, 17, 15, 7, 4, 3, 1, 0, 1, 3, 4, 3, 2, 5, 4, 1, 3, 5, 4, 7, 6, 4, 6, 12, 5, 3, 7, 8, 15, 3, 4, 8, 1, 6, 5, 12, 15, 17, 15, 4, 3, 4, 12, 15, 5, 4, 5, 15, 6, 7, 6, 17, 7, 6, 19, 18, 7, 17, 7, 17, 9, 7, 6, 5, 6, 4, 2, 6, 4, 17, 13, 4, 19, 18, 8, 6, 7, 6, 17, 6, 8, 6, 18, 17, 6, 8, 6, 5, 6, 12, 17, 8, 7, 5, 17, 4, 12, 13, 8, 6, 9, 8, 7, 5, 4, 3, 5, 4, 13, 15, 17, 13, 6, 13, 4, 18, 17, 6, 12, 13, 17, 7, 6, 17, 13, 12, 13, 12, 17, 10, 17, 6, 4, 5, 6, 5, 17, 18, 17, 1, 18, 6, 8, 13, 8, 17, 15, 4, 3, 17, 5, 8, 4, 8, 12, 8, 13, 12, 10, 11, 6, 5, 4, 8, 6, 4, 1, 3, 6, 5, 4, 5, 12, 7, 6, 7, 4, 5, 3, 4, 6, 4, 3, 2, 5, 18, 17, 7, 8, 5, 6, 18, 17, 13, 15, 4, 3, 6, 4, 6, 17, 7, 6, 5, 6, 5, 4, 6, 5, 4, 5, 6, 4, 2, 4, 6, 9, 4, 7, 4, 5, 6, 12, 6, 4, 3, 6, 15, 18, 7, 8, 5, 6, 5, 4, 7, 12, 13, 12, 4, 17, 18, 17, 15, 17, 12, 18, 19, 17, 19, 17, 19, 18, 17, 15, 17, 18, 13, 12, 5, 2, 3, 5, 3, 4, 1, 0, 15, 8, 6, 5, 4, 7, 6, 5, 6, 4, 6, 13, 5, 6, 15, 13, 8, 6, 5, 17, 12, 17, 7, 6, 20, 18, 17, 19, 5, 8, 5, 17, 6, 8, 6, 11, 15, 17, 3, 2, 18, 6, 18, 6, 12, 17, 18, 17, 6, 7, 8, 6, 17, 5, 4, 17, 18, 17, 15, 6, 17, 18, 17, 6, 7, 6, 19, 18, 17, 8, 6, 18, 20, 17, 18, 17, 9, 12, 6, 9, 12]"
b1c5e27d,Task6CM,CM,0,0,0,0,0,0,0,0,0,0,0,0,-235,31,-108,15,130,2,-235,31,-108,15,130,2,"[10, 15, 0, 1, 0, 5, 0, 3, 0, 1, 0, 3, 1, 2, 4, 2, 0, 3, 1, 2, 3, 0, 4, 3, 4, 5, 4, 5, 6, 4, 5, 4, 5, 3, 4, 5, 3, 4, 7, 3, 6, 7, 10, 6, 4, 1, 8, 5, 6, 4, 3, 6, 3, 4, 5, 3, 8, 5, 4, 6, 5, 8, 5, 7, 5, 8, 5, 7, 4, 5, 6, 5, 4, 7, 5, 8, 7, 5, 6, 5, 6, 5, 4, 5, 3, 4, 6, 8, 6, 3, 7, 6, 7, 6, 7, 5, 3, 10, 7, 5, 6, 3, 4, 6, 5, 4, 6, 4, 5, 6, 7, 6, 7, 6, 8, 6, 7, 5, 7, 6, 9, 10, 3, 4, 3, 5, 10, 9, 10, 13, 8, 3, 1, 10, 8, 9, 10, 11, 12, 9, 5, 4, 10, 12, 13, 12, 14, 15, 17, 4, 7, 5, 4, 5, 4, 8, 6, 5, 6, 7, 6, 4, 7, 3, 6, 5, 4, 8, 3, 8, 4, 7, 15, 7, 6, 10, 6, 5, 4, 6, 8, 4, 5, 7, 17, 6, 4, 9, 5, 17, 6, 5, 6, 5, 17, 9, 8, 6, 17, 12, 10, 17, 15, 13, 12, 7, 6, 7, 6, 5, 6, 7, 6, 7, 6, 8, 6, 5, 4, 6, 8, 6, 4, 5, 4, 3, 2, 3, 2, 3, 6, 3, 4, 5, 7, 6, 5, 4, 5, 10, 12, 10, 9, 3, 5, 6, 7, 8, 6, 10, 8, 6, 8, 6, 7, 4, 6, 7, 6, 13, 12, 7, 8, 7, 8, 7, 15, 6, 13, 17, 6, 7, 6, 18, 17, 7, 6, 13, 6, 4, 17, 8, 7, 8, 7, 13, 18, 17]","[10, 15, 0, 1, 0, 5, 0, 3, 0, 1, 0, 3, 1, 2, 4, 2, 0, 3, 1, 2, 3, 0, 4, 3, 4, 5, 4, 5, 6, 4, 5, 4, 5, 3, 4, 5, 3, 4, 7, 3, 6, 7, 10, 6, 4, 1, 8, 5, 6, 4, 3, 6, 3, 4, 5, 3, 8, 5, 4, 6, 5, 8, 5, 7, 5, 8, 5, 7, 4, 5, 6, 5, 4, 7, 5, 8, 7, 5, 6, 5, 6, 5, 4, 5, 3, 4, 6, 8, 6, 3, 7, 6, 7, 6, 7, 5, 3, 10, 7, 5, 6, 3, 4, 6, 5, 4, 6, 4, 5, 6, 7, 6, 7, 6, 8, 6, 7, 5, 7, 6, 9, 10, 3, 4, 3, 5, 10, 9, 10, 13, 8, 3, 1, 10, 8, 9, 10, 11, 12, 9, 5, 4, 10, 12, 13, 12, 14, 15, 17, 4, 7, 5, 4, 5, 4, 8, 6, 5, 6, 7, 6, 4, 7, 3, 6, 5, 4, 8, 3, 8, 4, 7, 15, 7, 6, 10, 6, 5, 4, 6, 8, 4, 5, 7, 17, 6, 4, 9, 5, 17, 6, 5, 6, 5, 17, 9, 8, 6, 17, 12, 10, 17, 15, 13, 12, 7, 6, 7, 6, 5, 6, 7, 6, 7, 6, 8, 6, 5, 4, 6, 8, 6, 4, 5, 4, 3, 2, 3, 2, 3, 6, 3, 4, 5, 7, 6, 5, 4, 5, 10, 12, 10, 9, 3, 5, 6, 7, 8, 6, 10, 8, 6, 8, 6, 7, 4, 6, 7, 6, 13, 12, 7, 8, 7, 8, 7, 15, 6, 13, 17, 6, 7, 6, 18, 17, 7, 6, 13, 6, 4, 17, 8, 7, 8, 7, 13, 18, 17]"
967a04d0,Task6CM,CM,0,0,0,0,0,0,0,0,0,0,0,0,-126,65,-37,9,65,1,-126,65,-37,9,65,1,"[4, 2, 0, 1, 0, 1, 3, 0, 1, 0, 2, 0, 3, 2, 12, 14, 15, 9, 2, 1, 2, 3, 2, 4, 2, 3, 5, 6, 5, 4, 5, 6, 7, 6, 8, 6, 4, 6, 5, 6, 1, 0, 6, 7, 6, 10, 9, 3, 2, 1, 4, 6, 8, 10, 9, 12, 10, 1, 0, 2, 6, 1, 3, 10, 1, 6, 5, 1, 2, 1, 2, 10, 13, 15, 17, 18, 17, 18, 17, 18, 17, 18, 4, 2, 17, 19, 18, 6, 3, 4, 2, 4, 2, 3, 2, 4, 15, 4, 3, 4, 6, 7, 6, 13, 6, 5, 6, 7, 6, 8, 6, 8, 6, 7, 6, 3, 0, 6, 4, 6, 5, 6, 8, 9, 2, 7, 5, 6, 8, 6, 7, 6, 7, 6, 7, 6, 7, 6, 7, 6, 7, 6, 7, 6, 7, 6, 5, 6, 8, 6, 5, 6, 13, 12, 7, 17, 13, 12, 6, 8, 6, 4, 7, 13, 15, 6, 5, 6, 15, 7, 8, 6, 15, 8, 7, 5, 6, 15, 6, 3, 6, 7, 13, 15, 18, 17, 20, 17, 12]","[4, 2, 0, 1, 0, 1, 3, 0, 1, 0, 2, 0, 3, 2, 12, 14, 15, 9, 2, 1, 2, 3, 2, 4, 2, 3, 5, 6, 5, 4, 5, 6, 7, 6, 8, 6, 4, 6, 5, 6, 1, 0, 6, 7, 6, 10, 9, 3, 2, 1, 4, 6, 8, 10, 9, 12, 10, 1, 0, 2, 6, 1, 3, 10, 1, 6, 5, 1, 2, 1, 2, 10, 13, 15, 17, 18, 17, 18, 17, 18, 17, 18, 4, 2, 17, 19, 18, 6, 3, 4, 2, 4, 2, 3, 2, 4, 15, 4, 3, 4, 6, 7, 6, 13, 6, 5, 6, 7, 6, 8, 6, 8, 6, 7, 6, 3, 0, 6, 4, 6, 5, 6, 8, 9, 2, 7, 5, 6, 8, 6, 7, 6, 7, 6, 7, 6, 7, 6, 7, 6, 7, 6, 7, 6, 7, 6, 5, 6, 8, 6, 5, 6, 13, 12, 7, 17, 13, 12, 6, 8, 6, 4, 7, 13, 15, 6, 5, 6, 15, 7, 8, 6, 15, 8, 7, 5, 6, 15, 6, 3, 6, 7, 13, 15, 18, 17, 20, 17, 12]"
66b337a9,Task6CM,CM,0,0,0,0,0,0,0,0,0,0,0,0,-285,-19,-132,12,100,2,-285,-19,-132,12,100,2,"[1, 0, 1, 0, 1, 0, 13, 12, 10, 15, 17, 2, 1, 2, 3, 1, 0, 2, 3, 2, 3, 2, 1, 3, 4, 3, 4, 5, 3, 4, 5, 4, 5, 4, 5, 6, 3, 4, 5, 4, 6, 5, 4, 5, 7, 6, 5, 7, 6, 5, 6, 7, 6, 7, 6, 7, 6, 5, 6, 7, 6, 5, 6, 4, 6, 5, 4, 17, 8, 5, 6, 7, 10, 7, 6, 10, 9, 12, 15, 13, 6, 13, 12, 16, 20, 15, 6, 5, 4, 17, 15, 5, 4, 5, 4, 6, 4, 5, 6, 5, 6, 5, 4, 3, 4, 3, 5, 3, 8, 7, 6, 3, 4, 5, 4, 5, 4, 5, 4, 5, 3, 4, 7, 4, 5, 4, 5, 4, 5, 4, 5, 6, 5, 4, 5, 4, 17, 18, 17, 4, 3, 4, 18, 16, 3, 4, 7, 5, 3, 4, 3, 2, 3, 4, 3, 8, 9, 10, 20, 15, 17, 15, 4, 3, 4, 3, 4, 3, 4, 7, 5, 4, 3, 4, 5, 18, 7, 5, 3, 5, 6, 2, 6, 5, 8, 6, 5, 7, 6, 7, 15, 5, 6, 5, 6, 7, 5, 6, 4, 8, 7, 6, 17, 6, 18, 6, 5, 17, 13, 5, 7, 6, 5, 6, 5, 4, 6, 7, 6, 8, 7, 6, 5, 6, 7, 6, 5, 4, 5, 8, 6, 5, 6, 17, 13, 6, 7, 6, 8, 6, 0, 1, 4, 1, 7, 6, 0, 5, 6, 7, 6, 7, 6, 7, 8, 7, 8, 7, 15, 17, 12, 7, 6, 7, 5, 6, 7, 8, 9, 7, 6, 8, 7, 8, 7, 6, 7, 6, 7, 6, 7, 5, 7, 6, 7, 12, 15, 17, 15, 6, 7, 8, 7, 8, 7, 8, 6, 7, 18, 17, 18, 17, 18, 17, 18, 17, 12, 13, 17, 18, 15, 17, 16, 15, 13, 7, 8, 7, 4, 3, 1, 3, 0, 3, 4, 3, 4, 6, 7, 6, 5, 6, 5, 6, 5, 4, 13, 17, 14, 17, 18, 17, 12]","[1, 0, 1, 0, 1, 0, 13, 12, 10, 15, 17, 2, 1, 2, 3, 1, 0, 2, 3, 2, 3, 2, 1, 3, 4, 3, 4, 5, 3, 4, 5, 4, 5, 4, 5, 6, 3, 4, 5, 4, 6, 5, 4, 5, 7, 6, 5, 7, 6, 5, 6, 7, 6, 7, 6, 7, 6, 5, 6, 7, 6, 5, 6, 4, 6, 5, 4, 17, 8, 5, 6, 7, 10, 7, 6, 10, 9, 12, 15, 13, 6, 13, 12, 16, 20, 15, 6, 5, 4, 17, 15, 5, 4, 5, 4, 6, 4, 5, 6, 5, 6, 5, 4, 3, 4, 3, 5, 3, 8, 7, 6, 3, 4, 5, 4, 5, 4, 5, 4, 5, 3, 4, 7, 4, 5, 4, 5, 4, 5, 4, 5, 6, 5, 4, 5, 4, 17, 18, 17, 4, 3, 4, 18, 16, 3, 4, 7, 5, 3, 4, 3, 2, 3, 4, 3, 8, 9, 10, 20, 15, 17, 15, 4, 3, 4, 3, 4, 3, 4, 7, 5, 4, 3, 4, 5, 18, 7, 5, 3, 5, 6, 2, 6, 5, 8, 6, 5, 7, 6, 7, 15, 5, 6, 5, 6, 7, 5, 6, 4, 8, 7, 6, 17, 6, 18, 6, 5, 17, 13, 5, 7, 6, 5, 6, 5, 4, 6, 7, 6, 8, 7, 6, 5, 6, 7, 6, 5, 4, 5, 8, 6, 5, 6, 17, 13, 6, 7, 6, 8, 6, 0, 1, 4, 1, 7, 6, 0, 5, 6, 7, 6, 7, 6, 7, 8, 7, 8, 7, 15, 17, 12, 7, 6, 7, 5, 6, 7, 8, 9, 7, 6, 8, 7, 8, 7, 6, 7, 6, 7, 6, 7, 5, 7, 6, 7, 12, 15, 17, 15, 6, 7, 8, 7, 8, 7, 8, 6, 7, 18, 17, 18, 17, 18, 17, 18, 17, 12, 13, 17, 18, 15, 17, 16, 15, 13, 7, 8, 7, 4, 3, 1, 3, 0, 3, 4, 3, 4, 6, 7, 6, 5, 6, 5, 6, 5, 4, 13, 17, 14, 17, 18, 17, 12]"
45c939e2,Task6CM,CM,0,0,0,0,0,0,0,0,0,0,0,0,-16,-50,-7,4,-50,1,-16,-50,-7,4,-50,1,"[4, 0, 9, 12, 15, 12, 7, 1, 6, 8, 7, 6, 7, 6, 2, 3, 13, 12, 13, 14, 17, 3, 6, 3, 17, 5, 3, 5, 6, 12, 17, 6, 5, 6, 7, 17, 5, 8, 6, 7, 6, 4, 6, 17, 18, 17, 18, 17, 6, 7, 13, 12, 6, 7, 17, 18, 17, 18, 17, 18, 17, 19, 20, 17]","[4, 0, 9, 12, 15, 12, 7, 1, 6, 8, 7, 6, 7, 6, 2, 3, 13, 12, 13, 14, 17, 3, 6, 3, 17, 5, 3, 5, 6, 12, 17, 6, 5, 6, 7, 17, 5, 8, 6, 7, 6, 4, 6, 17, 18, 17, 18, 17, 6, 7, 13, 12, 6, 7, 17, 18, 17, 18, 17, 18, 17, 19, 20, 17]"
ba88bf04,Task6CM,CM,0,0,0,0,0,0,0,0,0,0,0,0,-106,10,-22,4,10,1,-106,10,-22,4,10,1,"[12, 4, 1, 2, 3, 6, 5, 3, 5, 6, 5, 4, 3, 8, 5, 6, 7, 8, 13, 19, 18, 17, 18, 19, 20, 19, 18, 20, 19, 15, 13, 14, 13, 10, 9, 8, 4, 3, 2, 3, 1, 3, 1, 2, 3, 4, 3, 1, 4, 3, 4, 5, 4, 5, 6, 5, 3, 1, 7, 6, 4, 6, 7, 6, 7, 6, 8, 7, 8, 6, 8, 6, 8, 6, 8, 9, 6, 8, 13, 14, 13, 6, 19, 18, 19, 18, 19, 8, 13, 19, 20, 19, 8, 9, 17, 19, 7, 3, 9, 3, 6, 8, 18, 20, 18, 19, 18, 19, 13, 9, 8, 19, 17, 8, 6, 8, 9, 8, 9, 8, 19, 9, 8, 9, 14, 9, 8, 7, 8, 7, 6, 4, 3, 7, 4, 3, 6, 7, 13, 8, 6, 8, 13, 15, 13, 14, 13, 5, 13, 14, 13, 15, 17, 19]","[12, 4, 1, 2, 3, 6, 5, 3, 5, 6, 5, 4, 3, 8, 5, 6, 7, 8, 13, 19, 18, 17, 18, 19, 20, 19, 18, 20, 19, 15, 13, 14, 13, 10, 9, 8, 4, 3, 2, 3, 1, 3, 1, 2, 3, 4, 3, 1, 4, 3, 4, 5, 4, 5, 6, 5, 3, 1, 7, 6, 4, 6, 7, 6, 7, 6, 8, 7, 8, 6, 8, 6, 8, 6, 8, 9, 6, 8, 13, 14, 13, 6, 19, 18, 19, 18, 19, 8, 13, 19, 20, 19, 8, 9, 17, 19, 7, 3, 9, 3, 6, 8, 18, 20, 18, 19, 18, 19, 13, 9, 8, 19, 17, 8, 6, 8, 9, 8, 9, 8, 19, 9, 8, 9, 14, 9, 8, 7, 8, 7, 6, 4, 3, 7, 4, 3, 6, 7, 13, 8, 6, 8, 13, 15, 13, 14, 13, 5, 13, 14, 13, 15, 17, 19]"
782b7c64,Task6CM,CM,0,0,0,0,0,0,0,0,0,0,0,0,-234,-88,-70,14,-74,2,-234,-88,-70,14,-74,2,"[10, 1, 3, 5, 13, 18, 2, 0, 1, 0, 1, 0, 4, 5, 0, 1, 2, 1, 2, 1, 0, 1, 0, 2, 0, 2, 3, 1, 3, 1, 3, 4, 2, 1, 4, 5, 4, 2, 5, 4, 5, 4, 3, 4, 3, 4, 5, 3, 4, 3, 4, 5, 3, 5, 2, 0, 4, 6, 2, 3, 6, 4, 6, 7, 6, 7, 8, 9, 10, 6, 4, 5, 11, 10, 3, 2, 3, 4, 13, 16, 15, 16, 10, 7, 1, 2, 10, 12, 10, 12, 14, 13, 2, 3, 2, 5, 3, 4, 5, 6, 9, 4, 2, 7, 10, 13, 15, 0, 12, 10, 14, 16, 17, 18, 17, 5, 3, 1, 2, 0, 3, 4, 0, 2, 1, 0, 17, 6, 2, 3, 2, 3, 4, 5, 9, 4, 5, 3, 5, 4, 6, 4, 5, 2, 4, 3, 5, 3, 2, 0, 17, 4, 18, 5, 17, 6, 10, 9, 6, 4, 10, 9, 4, 2, 3, 2, 3, 4, 3, 6, 5, 4, 6, 7, 6, 4, 3, 5, 12, 15, 17, 3, 2, 3, 2, 18, 5, 3, 17, 7, 5, 20, 18, 12, 5, 17, 4, 3, 18, 5, 13, 17, 5, 18, 17, 8, 6, 9, 17, 4, 6, 17, 6, 5, 6, 17, 6, 5, 4, 5, 17, 8, 7, 17, 5, 17, 5, 15, 5, 18, 6, 5, 4, 17, 5, 6, 17, 6, 4, 6, 5, 6, 4, 6, 13, 8, 6, 17, 6, 17, 18, 8, 13, 12, 17, 6, 17, 6, 18, 17, 6, 12, 17, 6, 5, 6, 17, 6, 15, 17, 6, 18, 17, 13, 7, 13, 17, 8, 6, 7, 6, 7, 6, 17, 6, 17, 6, 13, 18, 17, 6, 17]","[10, 1, 3, 5, 13, 18, 2, 0, 1, 0, 1, 0, 4, 5, 0, 1, 2, 1, 2, 1, 0, 1, 0, 2, 0, 2, 3, 1, 3, 1, 3, 4, 2, 1, 4, 5, 4, 2, 5, 4, 5, 4, 3, 4, 3, 4, 5, 3, 4, 3, 4, 5, 3, 5, 2, 0, 4, 6, 2, 3, 6, 4, 6, 7, 6, 7, 8, 9, 10, 6, 4, 5, 11, 10, 3, 2, 3, 4, 13, 16, 15, 16, 10, 7, 1, 2, 10, 12, 10, 12, 14, 13, 2, 3, 2, 5, 3, 4, 5, 6, 9, 4, 2, 7, 10, 13, 15, 0, 12, 10, 14, 16, 17, 18, 17, 5, 3, 1, 2, 0, 3, 4, 0, 2, 1, 0, 17, 6, 2, 3, 2, 3, 4, 5, 9, 4, 5, 3, 5, 4, 6, 4, 5, 2, 4, 3, 5, 3, 2, 0, 17, 4, 18, 5, 17, 6, 10, 9, 6, 4, 10, 9, 4, 2, 3, 2, 3, 4, 3, 6, 5, 4, 6, 7, 6, 4, 3, 5, 12, 15, 17, 3, 2, 3, 2, 18, 5, 3, 17, 7, 5, 20, 18, 12, 5, 17, 4, 3, 18, 5, 13, 17, 5, 18, 17, 8, 6, 9, 17, 4, 6, 17, 6, 5, 6, 17, 6, 5, 4, 5, 17, 8, 7, 17, 5, 17, 5, 15, 5, 18, 6, 5, 4, 17, 5, 6, 17, 6, 4, 6, 5, 6, 4, 6, 13, 8, 6, 17, 6, 17, 18, 8, 13, 12, 17, 6, 17, 6, 18, 17, 6, 12, 17, 6, 5, 6, 17, 6, 15, 17, 6, 18, 17, 13, 7, 13, 17, 8, 6, 7, 6, 7, 6, 17, 6, 17, 6, 13, 18, 17, 6, 17]"
4d750b0b,Task6CM,CM,0,0,0,0,0,0,0,0,0,0,0,0,-73,-12,-12,8,-12,1,-73,-12,-12,8,-12,1,"[6, 4, 5, 0, 6, 5, 0, 2, 13, 17, 2, 1, 0, 1, 0, 1, 2, 17, 1, 3, 1, 5, 2, 7, 3, 4, 2, 5, 1, 2, 4, 1, 2, 1, 2, 5, 6, 9, 10, 13, 2, 1, 11, 9, 4, 2, 3, 4, 3, 5, 9, 11, 3, 6, 4, 3, 1, 0, 2, 5, 4, 5, 6, 4, 3, 6, 2, 6, 5, 4, 3, 5, 6, 15, 5, 4, 3, 4, 3, 8, 5, 7, 8, 7, 9, 7, 6, 5, 4, 2, 5, 2, 4, 6, 8, 9, 6, 8, 6, 8, 6, 5, 3, 4, 5, 6, 7, 4, 7, 5, 3, 4, 6, 10, 5, 7, 5, 12, 13, 18, 19]","[6, 4, 5, 0, 6, 5, 0, 2, 13, 17, 2, 1, 0, 1, 0, 1, 2, 17, 1, 3, 1, 5, 2, 7, 3, 4, 2, 5, 1, 2, 4, 1, 2, 1, 2, 5, 6, 9, 10, 13, 2, 1, 11, 9, 4, 2, 3, 4, 3, 5, 9, 11, 3, 6, 4, 3, 1, 0, 2, 5, 4, 5, 6, 4, 3, 6, 2, 6, 5, 4, 3, 5, 6, 15, 5, 4, 3, 4, 3, 8, 5, 7, 8, 7, 9, 7, 6, 5, 4, 2, 5, 2, 4, 6, 8, 9, 6, 8, 6, 8, 6, 5, 3, 4, 5, 6, 7, 4, 7, 5, 3, 4, 6, 10, 5, 7, 5, 12, 13, 18, 19]"
1ce913d5,Task6CP,CP,-90,-39,-90,1,-39,1,-90,-49,-90,1,-49,1,-125,-4,-114,3,-4,1,-118,43,-93,6,43,1,"[0, 2, 0, 2, 0, 3, 1, 0, 2, 0, 3, 1, 2, 4, 1, 3, 8, 6, 4, 6, 4, 6, 8, 6, 4, 6, 4, 6, 4, 2, 4, 6, 4, 3, 5, 3, 5, 3, 5, 4, 2, 6, 10, 8, 6, 7, 3, 5, 3, 7, 3, 1, 3, 7, 3, 7, 5, 6, 4, 6, 4, 2, 6, 4, 2, 4, 6, 4, 6, 8, 9, 11, 9, 7, 6, 8, 10, 7, 11, 7, 5, 1, 5, 9, 10, 11, 10, 12, 13, 11, 9, 7, 9, 7, 11, 13, 11, 13, 15, 13, 10, 12, 14, 13, 17, 18, 11, 9, 13, 11, 13, 12, 15, 14, 16, 11, 10, 11, 13, 11, 15, 13, 15, 13, 11, 9, 13, 19, 21, 23, 18, 19, 22, 21, 20, 21, 20, 21, 20, 21, 20, 21, 19, 15, 19, 20, 18, 21, 20, 19, 21, 20, 18, 20, 18, 20, 18, 19, 21, 20, 21, 20, 21, 24, 22, 21, 24, 27, 20, 23, 27, 24, 27]","[0, 1, 0, 1, 0, 2, 1, 0, 1, 0, 2, 1, 2, 1, 2, 4, 3, 2, 3, 2, 3, 4, 3, 2, 3, 2, 3, 2, 1, 2, 3, 2, 3, 2, 3, 2, 3, 2, 1, 3, 5, 4, 3, 4, 2, 3, 2, 4, 2, 1, 2, 4, 2, 4, 3, 2, 3, 2, 1, 3, 2, 1, 2, 3, 2, 3, 4, 5, 6, 5, 4, 3, 4, 5, 4, 6, 4, 3, 1, 3, 5, 6, 5, 6, 7, 6, 5, 4, 5, 4, 6, 7, 6, 7, 8, 7, 5, 6, 7, 9, 10, 6, 5, 7, 6, 7, 6, 8, 7, 8, 6, 5, 6, 7, 6, 8, 7, 8, 7, 6, 5, 7, 11, 13, 14, 10, 11, 13, 12, 13, 12, 13, 12, 13, 12, 13, 11, 8, 11, 12, 10, 13, 12, 11, 13, 12, 10, 12, 10, 12, 10, 11, 13, 12, 13, 12, 13, 15, 13, 15, 17, 12, 14, 17, 15, 17]"
9679a6e6,Task6CP,CP,-158,-47,-132,3,-47,1,-168,-47,-147,3,-47,1,-183,3,-105,12,3,1,-172,54,-86,13,54,1,"[4, 0, 1, 2, 0, 20, 24, 27, 3, 1, 7, 1, 24, 27, 28, 1, 3, 5, 7, 1, 3, 1, 3, 4, 6, 4, 0, 2, 4, 2, 4, 6, 4, 2, 4, 6, 4, 6, 5, 6, 5, 6, 5, 7, 11, 7, 9, 7, 9, 7, 9, 7, 5, 7, 9, 7, 11, 10, 12, 10, 12, 10, 8, 10, 12, 10, 8, 12, 14, 13, 11, 13, 24, 13, 11, 13, 11, 12, 10, 12, 10, 12, 24, 13, 9, 7, 9, 11, 9, 24, 21, 13, 11, 9, 7, 5, 9, 5, 7, 9, 7, 3, 1, 5, 7, 11, 24, 20, 28, 5, 9, 11, 13, 11, 9, 5, 11, 15, 7, 5, 3, 5, 9, 7, 11, 5, 7, 21, 5, 9, 5, 13, 17, 13, 5, 20, 9, 13, 11, 9, 11, 12, 10, 11, 9, 11, 9, 7, 11, 15, 13, 9, 11, 13, 12, 11, 7, 9, 27, 13, 11, 9, 11, 13, 11, 13, 11, 9, 27, 11, 28, 27, 21, 17, 9, 13, 11, 9, 15, 11, 27, 9, 13, 11, 29, 28, 27, 15, 11, 15, 11, 9, 11, 9, 24, 27, 21, 20, 11, 15, 11, 27, 20, 21, 24, 20, 27, 20, 22, 27, 24, 20, 27, 28, 27, 28, 27, 28, 27, 24, 28, 20, 24, 27, 24, 28, 27, 28, 27, 15, 11, 22, 28, 22, 25, 22]","[2, 0, 1, 0, 12, 15, 17, 2, 1, 4, 1, 15, 17, 18, 1, 2, 3, 4, 1, 2, 1, 2, 3, 2, 0, 1, 2, 1, 2, 3, 2, 1, 2, 3, 2, 3, 4, 6, 4, 5, 4, 5, 4, 5, 4, 3, 4, 5, 4, 6, 5, 6, 5, 6, 5, 4, 5, 6, 5, 4, 6, 7, 6, 7, 15, 7, 6, 7, 6, 5, 6, 5, 6, 15, 7, 5, 4, 5, 6, 5, 15, 13, 7, 6, 5, 4, 3, 5, 3, 4, 5, 4, 2, 1, 3, 4, 6, 15, 12, 18, 3, 5, 6, 7, 6, 5, 3, 6, 8, 4, 3, 2, 3, 5, 4, 6, 3, 4, 13, 3, 5, 3, 7, 9, 7, 3, 12, 5, 7, 6, 5, 6, 5, 6, 5, 6, 5, 4, 6, 8, 7, 5, 6, 7, 6, 4, 5, 17, 7, 6, 5, 6, 7, 6, 7, 6, 5, 17, 6, 18, 17, 13, 9, 5, 7, 6, 5, 8, 6, 17, 5, 7, 6, 19, 18, 17, 8, 6, 8, 6, 5, 6, 5, 15, 17, 13, 12, 6, 8, 6, 17, 12, 13, 15, 12, 17, 12, 13, 17, 15, 12, 17, 18, 17, 18, 17, 18, 17, 15, 18, 12, 15, 17, 15, 18, 17, 18, 17, 8, 6, 13, 18, 13, 15, 13]"
625d844e,Task6CP,CP,-253,-67,-172,8,-67,1,-248,-67,-175,7,-67,1,-273,-52,-149,14,-3,2,-253,-7,-100,17,97,2,"[6, 0, 1, 5, 4, 2, 0, 1, 21, 22, 24, 27, 5, 3, 1, 3, 21, 23, 22, 21, 3, 0, 2, 0, 1, 20, 19, 20, 21, 0, 2, 4, 2, 4, 2, 1, 4, 5, 3, 5, 6, 5, 4, 6, 8, 6, 5, 3, 4, 2, 7, 5, 4, 6, 4, 6, 4, 13, 18, 20, 5, 3, 1, 2, 4, 2, 3, 0, 1, 0, 1, 3, 5, 7, 5, 1, 0, 2, 7, 1, 3, 5, 7, 3, 10, 8, 7, 5, 7, 5, 9, 7, 3, 7, 9, 8, 5, 7, 9, 11, 13, 14, 9, 7, 9, 5, 7, 9, 3, 11, 7, 13, 24, 9, 11, 21, 15, 11, 9, 11, 13, 11, 13, 11, 13, 11, 13, 11, 15, 13, 15, 13, 15, 12, 14, 13, 15, 9, 11, 13, 15, 14, 12, 14, 16, 14, 16, 14, 13, 15, 20, 14, 18, 19, 20, 19, 18, 20, 10, 11, 13, 14, 10, 4, 2, 4, 6, 4, 9, 11, 13, 14, 27, 11, 13, 11, 15, 11, 13, 11, 13, 11, 24, 17, 11, 15, 13, 11, 9, 11, 13, 11, 9, 13, 11, 7, 9, 5, 27, 11, 13, 11, 24, 15, 11, 28, 29, 24, 11, 10, 27, 24, 27, 26, 27, 28, 27, 25, 24, 27, 26, 23, 24, 27, 24, 28, 27, 24, 11, 7, 12, 0, 1, 27, 26, 27, 24, 28, 27, 20, 27, 25, 24, 11, 15, 14, 10, 16, 7, 1, 5, 7, 10, 8, 2, 12, 8, 2, 5, 10, 14, 12, 10, 12, 9, 14, 12, 14, 12, 14, 11, 10, 12, 11, 13, 11, 15, 11, 13, 11, 9, 11, 13, 11, 13, 11, 13, 11, 13, 7, 11, 12, 9, 11, 14, 16, 7, 9, 11, 13, 11, 13, 14, 28, 27, 28, 8, 2, 1, 0, 1, 5, 11, 15, 13, 9, 13, 11, 13, 9, 13, 9, 7, 11, 13, 21]","[3, 0, 1, 3, 2, 1, 0, 1, 13, 15, 17, 3, 2, 1, 2, 13, 14, 13, 2, 0, 1, 0, 1, 12, 11, 12, 13, 0, 1, 2, 1, 2, 1, 2, 3, 2, 3, 2, 3, 4, 3, 2, 1, 4, 3, 2, 3, 2, 3, 2, 7, 10, 12, 3, 2, 1, 2, 1, 2, 0, 1, 0, 1, 2, 3, 4, 3, 1, 0, 1, 4, 1, 2, 3, 4, 2, 5, 4, 3, 4, 3, 5, 4, 2, 4, 5, 4, 3, 4, 5, 6, 7, 5, 4, 5, 3, 4, 5, 2, 6, 4, 7, 15, 5, 6, 13, 8, 6, 5, 6, 7, 6, 7, 6, 7, 6, 7, 6, 8, 7, 8, 7, 8, 6, 7, 8, 5, 6, 7, 8, 7, 6, 7, 8, 7, 8, 7, 8, 12, 7, 10, 11, 12, 11, 10, 12, 5, 6, 7, 5, 2, 1, 2, 3, 2, 5, 6, 7, 17, 6, 7, 6, 8, 6, 7, 6, 7, 6, 15, 9, 6, 8, 7, 6, 5, 6, 7, 6, 5, 7, 6, 4, 5, 3, 17, 6, 7, 6, 15, 8, 6, 18, 19, 15, 6, 5, 17, 15, 17, 16, 17, 18, 17, 15, 17, 16, 14, 15, 17, 15, 18, 17, 15, 6, 4, 6, 0, 1, 17, 16, 17, 15, 18, 17, 12, 17, 15, 6, 8, 7, 5, 8, 4, 1, 3, 4, 5, 4, 1, 6, 4, 1, 3, 5, 7, 6, 5, 6, 5, 7, 6, 7, 6, 7, 6, 5, 6, 7, 6, 8, 6, 7, 6, 5, 6, 7, 6, 7, 6, 7, 6, 7, 4, 6, 5, 6, 7, 8, 4, 5, 6, 7, 6, 7, 18, 17, 18, 4, 1, 0, 1, 3, 6, 8, 7, 5, 7, 6, 7, 5, 7, 5, 4, 6, 7, 13]"
1de0f518,Task6CP,CP,-130,-189,-117,2,-189,1,-130,-189,-117,2,-189,1,-150,-109,-99,8,-109,1,-141,-90,-85,8,-90,1,"[17, 27, 28, 27, 28, 26, 27, 28, 27, 9, 28, 27, 28, 27, 9, 5, 19, 21, 18, 21, 7, 5, 0, 27, 11, 0, 1, 27, 5, 1, 5, 1, 3, 1, 0, 3, 5, 3, 4, 2, 1, 3, 1, 3, 1, 0, 3, 5, 13, 7, 3, 1, 3, 7, 5, 1, 0, 5, 7, 5, 7, 10, 8, 6, 8, 7, 11, 9, 7, 11, 5, 7, 3, 1, 9, 5, 7, 9, 7, 9, 11, 9, 15, 7, 9, 11, 9, 5, 13, 19, 21, 18, 11, 9, 5, 18, 19, 21, 20, 21, 5, 3, 9, 5, 3, 5, 3, 5, 3, 11, 5, 3, 5, 3, 5, 7, 9, 7, 9, 7, 1, 0, 5, 10, 8, 10, 8, 10, 8, 10, 9, 7, 9, 5, 9, 7, 9, 11, 10, 11, 18, 5, 9, 11, 9, 14, 12, 5, 11, 3, 5, 3, 5, 3, 1, 3, 5, 3, 7, 9, 7, 3, 7, 9, 13, 18, 15, 11, 17, 18, 11, 7, 15, 13, 18, 17, 19, 21, 19, 23, 21, 25, 22, 27, 7, 3, 13, 9]","[9, 17, 18, 17, 18, 16, 17, 18, 17, 5, 18, 17, 18, 17, 5, 3, 11, 13, 10, 13, 4, 3, 0, 17, 6, 0, 1, 17, 3, 1, 3, 1, 2, 1, 0, 2, 3, 2, 1, 2, 1, 2, 1, 0, 2, 3, 7, 4, 2, 1, 2, 4, 3, 1, 0, 3, 4, 3, 4, 5, 4, 3, 4, 6, 5, 4, 6, 3, 4, 2, 1, 5, 3, 4, 5, 4, 5, 6, 5, 8, 4, 5, 6, 5, 3, 7, 11, 13, 10, 6, 5, 3, 10, 11, 13, 12, 13, 3, 2, 5, 3, 2, 3, 2, 3, 2, 6, 3, 2, 3, 2, 3, 4, 5, 4, 5, 4, 1, 0, 3, 5, 4, 5, 4, 5, 4, 5, 4, 5, 3, 5, 4, 5, 6, 5, 6, 10, 3, 5, 6, 5, 7, 6, 3, 6, 2, 3, 2, 3, 2, 1, 2, 3, 2, 4, 5, 4, 2, 4, 5, 7, 10, 8, 6, 9, 10, 6, 4, 8, 7, 10, 9, 11, 13, 11, 14, 13, 15, 13, 17, 4, 2, 7, 5]"
1d1071e4,Task6CP,CP,-351,-140,-213,7,-81,2,-356,-125,-228,7,-86,2,-381,-80,-207,14,53,3,-363,-37,-145,17,200,4,"[11, 10, 13, 21, 22, 0, 1, 3, 5, 3, 5, 3, 2, 6, 4, 3, 5, 7, 9, 7, 5, 7, 9, 7, 9, 11, 7, 9, 3, 1, 5, 9, 13, 9, 7, 5, 7, 11, 15, 11, 13, 11, 13, 14, 12, 14, 16, 14, 16, 19, 18, 19, 18, 20, 24, 20, 21, 23, 21, 27, 1, 0, 27, 0, 3, 1, 28, 27, 28, 27, 28, 29, 28, 27, 28, 29, 27, 28, 27, 0, 1, 3, 5, 3, 1, 0, 3, 5, 3, 2, 4, 3, 5, 7, 9, 7, 9, 7, 5, 3, 0, 5, 7, 9, 7, 11, 7, 9, 11, 7, 1, 9, 1, 0, 11, 27, 9, 11, 9, 11, 13, 12, 10, 15, 10, 8, 10, 14, 10, 12, 14, 12, 14, 12, 14, 12, 14, 12, 14, 11, 13, 15, 11, 13, 15, 13, 11, 13, 15, 13, 14, 12, 10, 13, 11, 13, 11, 13, 11, 13, 11, 9, 13, 11, 12, 11, 9, 11, 13, 11, 20, 28, 27, 11, 21, 20, 21, 20, 15, 13, 7, 1, 3, 1, 3, 5, 7, 11, 7, 9, 7, 9, 7, 9, 5, 9, 7, 9, 11, 9, 11, 9, 11, 13, 11, 7, 5, 7, 10, 11, 13, 11, 1, 11, 13, 7, 13, 15, 13, 11, 13, 15, 13, 12, 13, 11, 13, 15, 13, 14, 9, 7, 9, 5, 3, 5, 7, 9, 13, 11, 13, 11, 10, 13, 5, 3, 7, 9, 11, 13, 12, 5, 7, 11, 7, 9, 7, 9, 7, 13, 11, 13, 11, 13, 11, 9, 7, 9, 13, 11, 13, 9, 11, 10, 11, 28, 27, 28, 27, 11, 9, 15, 27, 7, 27, 7, 9, 7, 9, 13, 9, 7, 5, 7, 5, 7, 9, 11, 9, 7, 9, 11, 13, 11, 13, 11, 15, 11, 14, 11, 13, 11, 13, 15, 17, 18, 17, 15, 9, 7, 5, 3, 9, 11, 27, 11, 5, 7, 5, 9, 27, 7, 9, 5, 7, 13, 21, 11, 13, 11, 9, 7, 11, 7, 9, 7, 9, 7, 11, 7, 13, 11, 9, 13, 11, 13, 7, 11, 21, 23, 21, 20, 11, 13, 14, 13, 11, 20, 21, 20, 11, 19, 20, 22, 25, 22, 21, 26, 27, 28, 29, 27, 28, 27, 8, 4, 2, 4, 6, 4, 6, 5, 6, 8, 6, 8, 10, 6, 8, 6, 9, 7, 6, 10, 6, 8, 6, 10, 12, 8, 10, 8, 10, 8, 10, 12, 14, 10, 12, 15, 12, 14, 21, 27, 11, 13, 11, 13, 11, 13, 11, 13, 11, 15]","[6, 5, 7, 13, 0, 1, 2, 3, 2, 3, 2, 1, 3, 2, 3, 4, 5, 4, 3, 4, 5, 4, 5, 6, 4, 5, 2, 1, 3, 5, 7, 5, 4, 3, 4, 6, 8, 6, 7, 6, 7, 6, 7, 8, 7, 8, 11, 10, 11, 10, 12, 15, 12, 13, 14, 13, 17, 1, 0, 17, 0, 2, 1, 18, 17, 18, 17, 18, 19, 18, 17, 18, 19, 17, 18, 17, 0, 1, 2, 3, 2, 1, 0, 2, 3, 2, 1, 2, 3, 4, 5, 4, 5, 4, 3, 2, 0, 3, 4, 5, 4, 6, 4, 5, 6, 4, 1, 5, 1, 0, 6, 17, 5, 6, 5, 6, 7, 6, 5, 8, 5, 4, 5, 7, 5, 6, 7, 6, 7, 6, 7, 6, 7, 6, 7, 6, 7, 8, 6, 7, 8, 7, 6, 7, 8, 7, 6, 5, 7, 6, 7, 6, 7, 6, 7, 6, 5, 7, 6, 5, 6, 7, 6, 12, 18, 17, 6, 13, 12, 13, 12, 8, 7, 4, 1, 2, 1, 2, 3, 4, 6, 4, 5, 4, 5, 4, 5, 3, 5, 4, 5, 6, 5, 6, 5, 6, 7, 6, 4, 3, 4, 5, 6, 7, 6, 1, 6, 7, 4, 7, 8, 7, 6, 7, 8, 7, 6, 7, 6, 7, 8, 7, 5, 4, 5, 3, 2, 3, 4, 5, 7, 6, 7, 6, 5, 7, 3, 2, 4, 5, 6, 7, 6, 3, 4, 6, 4, 5, 4, 5, 4, 7, 6, 7, 6, 7, 6, 5, 4, 5, 7, 6, 7, 5, 6, 5, 6, 18, 17, 18, 17, 6, 5, 8, 17, 4, 17, 4, 5, 4, 5, 7, 5, 4, 3, 4, 3, 4, 5, 6, 5, 4, 5, 6, 7, 6, 7, 6, 8, 6, 7, 6, 7, 6, 7, 8, 9, 10, 9, 8, 5, 4, 3, 2, 5, 6, 17, 6, 3, 4, 3, 5, 17, 4, 5, 3, 4, 7, 13, 6, 7, 6, 5, 4, 6, 4, 5, 4, 5, 4, 6, 4, 7, 6, 5, 7, 6, 7, 4, 6, 13, 14, 13, 12, 6, 7, 6, 12, 13, 12, 6, 11, 12, 13, 15, 13, 16, 17, 18, 19, 17, 18, 17, 4, 2, 1, 2, 3, 2, 3, 4, 3, 4, 5, 3, 4, 3, 5, 4, 3, 5, 3, 4, 3, 5, 6, 4, 5, 4, 5, 4, 5, 6, 7, 5, 6, 8, 6, 7, 13, 17, 6, 7, 6, 7, 6, 7, 6, 7, 6, 8]"
cb039d67,Task6CP,CP,-163,-97,-88,6,-97,1,-158,-92,-83,6,-92,1,-183,-77,-116,10,-77,1,-155,1,-47,12,1,1,"[15, 13, 9, 27, 4, 3, 4, 6, 4, 3, 2, 4, 6, 4, 6, 4, 6, 3, 9, 11, 3, 4, 6, 4, 8, 10, 7, 10, 12, 14, 12, 11, 20, 21, 25, 22, 2, 20, 27, 24, 19, 21, 18, 21, 22, 25, 24, 27, 28, 23, 27, 28, 27, 21, 3, 0, 1, 2, 0, 7, 11, 13, 11, 1, 0, 5, 7, 9, 11, 7, 5, 3, 1, 2, 0, 2, 0, 2, 4, 1, 3, 5, 1, 0, 27, 11, 4, 3, 1, 3, 5, 4, 1, 5, 3, 6, 3, 4, 1, 5, 6, 5, 6, 3, 7, 5, 6, 3, 5, 7, 5, 4, 7, 8, 7, 5, 7, 9, 11, 10, 9, 7, 9, 7, 12, 14, 12, 11, 9, 5, 9, 11, 7, 5, 7, 9, 11, 7, 3, 7, 5, 9, 5, 9, 7, 9, 10, 9, 5, 9, 7, 9, 5, 7, 9, 11, 5, 24, 27, 11, 27, 13, 12, 14, 11, 13, 27, 15, 11, 13, 11, 9, 11, 9, 20, 11, 20, 21, 20, 5, 3, 13, 7, 3, 11, 13, 9, 5, 13, 9, 27, 13, 11, 24, 28, 11, 12, 11, 9, 11, 9, 13, 11, 13, 27, 13, 20, 28, 27, 11, 9, 27, 28, 27, 13, 9, 11, 12, 14, 13, 14, 13, 11, 13, 14, 16, 11, 3, 13, 11, 9, 14, 25, 27, 13, 27]","[8, 7, 5, 17, 2, 3, 2, 1, 2, 3, 2, 3, 2, 3, 2, 5, 6, 2, 3, 2, 4, 5, 4, 5, 6, 7, 6, 12, 13, 15, 13, 1, 12, 17, 15, 11, 13, 10, 13, 15, 17, 18, 14, 17, 18, 17, 13, 2, 0, 1, 0, 4, 6, 7, 6, 1, 0, 3, 4, 5, 6, 4, 3, 2, 1, 0, 1, 0, 1, 2, 1, 2, 3, 1, 0, 17, 6, 2, 1, 2, 3, 2, 1, 3, 2, 3, 2, 1, 3, 2, 4, 3, 2, 3, 4, 3, 2, 4, 3, 4, 5, 6, 5, 4, 5, 4, 6, 7, 6, 5, 3, 5, 6, 4, 3, 4, 5, 6, 4, 2, 4, 3, 5, 3, 5, 4, 5, 3, 5, 4, 5, 3, 4, 5, 6, 3, 15, 17, 6, 17, 7, 6, 7, 6, 7, 17, 8, 6, 7, 6, 5, 6, 5, 12, 6, 12, 13, 12, 3, 2, 7, 4, 2, 6, 7, 5, 3, 7, 5, 17, 7, 6, 15, 18, 6, 5, 6, 5, 7, 6, 7, 17, 7, 12, 18, 17, 6, 5, 17, 18, 17, 7, 5, 6, 7, 6, 7, 8, 6, 2, 7, 6, 5, 7, 15, 17, 7, 17]"
5e4ae544,Task6CP,CP,-169,-83,-108,3,-83,1,-169,-93,-123,3,-93,1,-184,-53,-115,9,-53,1,-169,-8,-85,9,-8,1,"[14, 3, 1, 0, 6, 2, 1, 2, 4, 2, 4, 3, 0, 1, 0, 2, 1, 0, 2, 0, 1, 3, 9, 3, 5, 1, 4, 2, 3, 4, 6, 5, 3, 5, 9, 5, 7, 5, 7, 5, 7, 3, 9, 7, 9, 7, 17, 9, 7, 11, 5, 9, 7, 11, 7, 11, 7, 3, 13, 11, 0, 11, 5, 11, 13, 14, 12, 10, 12, 10, 8, 18, 19, 18, 5, 3, 0, 9, 7, 19, 21, 20, 0, 19, 20, 0, 21, 20, 5, 15, 20, 25, 21, 1, 3, 7, 1, 13, 0, 13, 7, 17, 18, 7, 5, 17, 11, 13, 1, 5, 9, 11, 19, 23, 27, 13, 7, 3, 1, 7, 1, 5, 7, 8, 14, 8, 11, 9, 7, 10, 8, 10, 8, 10, 14, 12, 10, 12, 14, 12, 14, 29, 12, 27, 9, 24, 11, 12, 27, 10, 12, 27, 5, 0, 27, 28, 3, 1, 7, 24, 21, 28, 27, 25, 27, 25, 21, 29, 20, 15, 13, 11, 13, 7, 10, 7, 9, 7, 5, 7, 6, 5, 3, 7, 5, 3, 5, 3, 7, 3, 5, 1, 5, 9, 11, 7, 9, 5, 7, 8, 9, 11, 15, 11, 13, 15, 13, 11, 13, 11, 13, 11, 9, 11, 12, 11, 13, 14, 29, 27, 11, 13, 11, 13, 11, 15, 11, 13, 18, 20, 21, 23, 22, 16, 14, 13, 20, 14, 12, 14, 27, 28]","[7, 2, 1, 0, 3, 1, 2, 1, 2, 0, 1, 0, 1, 0, 1, 0, 1, 2, 5, 2, 3, 1, 2, 1, 2, 3, 2, 3, 5, 3, 4, 3, 4, 3, 4, 2, 5, 4, 5, 4, 9, 5, 4, 6, 3, 5, 4, 6, 4, 6, 4, 2, 7, 6, 0, 6, 3, 6, 7, 6, 5, 6, 5, 4, 10, 11, 10, 3, 2, 0, 5, 4, 11, 13, 12, 0, 11, 12, 0, 13, 12, 3, 8, 12, 15, 13, 1, 2, 4, 1, 7, 0, 7, 4, 9, 10, 4, 3, 9, 6, 7, 1, 3, 5, 6, 11, 14, 17, 7, 4, 2, 1, 4, 1, 3, 4, 7, 4, 6, 5, 4, 5, 4, 5, 4, 5, 7, 6, 5, 6, 7, 6, 7, 19, 6, 17, 5, 15, 6, 17, 5, 6, 17, 3, 0, 17, 18, 2, 1, 4, 15, 13, 18, 17, 15, 17, 15, 13, 19, 12, 8, 7, 6, 7, 4, 5, 4, 5, 4, 3, 4, 3, 2, 4, 3, 2, 3, 2, 4, 2, 3, 1, 3, 5, 6, 4, 5, 3, 4, 5, 6, 8, 6, 7, 8, 7, 6, 7, 6, 7, 6, 5, 6, 7, 19, 17, 6, 7, 6, 7, 6, 8, 6, 7, 10, 12, 13, 14, 13, 8, 7, 12, 7, 6, 7, 17, 18]"
dfab1ede,Task6CP,CP,-329,-218,-263,8,-218,1,-329,-218,-265,9,-218,1,-334,-138,-178,18,-119,2,-315,-114,-140,21,-90,2,"[2, 1, 0, 20, 17, 26, 24, 27, 24, 1, 0, 24, 8, 0, 1, 0, 1, 3, 2, 1, 0, 5, 3, 0, 1, 28, 24, 25, 7, 3, 1, 2, 1, 5, 1, 0, 1, 3, 1, 5, 3, 1, 0, 1, 3, 5, 3, 5, 7, 5, 7, 9, 7, 5, 0, 3, 0, 1, 3, 7, 5, 7, 9, 7, 5, 9, 11, 10, 7, 8, 7, 3, 5, 4, 7, 6, 7, 5, 3, 7, 5, 7, 5, 6, 5, 11, 9, 7, 5, 3, 5, 3, 5, 9, 1, 0, 1, 3, 7, 13, 15, 13, 11, 5, 11, 13, 20, 11, 7, 5, 7, 9, 15, 7, 9, 11, 7, 11, 7, 9, 11, 9, 7, 21, 11, 7, 5, 7, 4, 7, 5, 9, 11, 7, 9, 10, 13, 10, 11, 8, 10, 13, 10, 9, 3, 5, 7, 9, 7, 5, 7, 5, 7, 9, 7, 9, 11, 9, 15, 9, 11, 7, 5, 3, 9, 3, 1, 0, 5, 1, 3, 15, 7, 11, 3, 5, 7, 9, 7, 11, 9, 7, 5, 7, 5, 3, 7, 11, 9, 7, 9, 3, 10, 7, 10, 7, 10, 7, 5, 7, 5, 3, 5, 13, 3, 0, 5, 9, 7, 5, 0, 7, 9, 10, 7, 11, 10, 7, 11, 7, 10, 9, 7, 11, 9, 7, 10, 11, 10, 13, 11, 10, 11, 12, 2, 11, 8, 10, 11, 10, 7, 10, 11, 10, 5, 8, 10, 11, 6, 8, 10, 12, 10, 8, 10, 8, 6, 8, 6, 5, 6, 3, 5, 7, 6, 8, 6, 1, 5, 7, 11, 7, 9, 7, 5, 7, 13, 5, 1, 11, 7, 3, 5, 7, 5, 3, 7, 3, 5, 11, 7, 10, 9, 10, 11, 13, 11, 7, 11, 7, 9, 11, 7, 11, 13, 11, 10, 24, 13, 11, 7, 11, 10, 11, 13, 12, 1, 11, 10, 11, 7, 11, 10, 11, 10, 9, 11, 9, 13, 10, 11, 28, 29, 28, 27, 24, 27, 28, 30, 27, 20, 17, 18, 20, 21, 0, 18, 20, 17, 18, 11, 9, 11, 9, 5, 11, 7, 3, 1, 5, 11, 7, 3, 1, 20, 17, 18, 7, 0, 17, 0, 9, 15, 17, 0, 1, 0, 17, 18, 13, 9, 7, 17, 18, 20, 17, 13, 12, 20, 18, 1, 0]","[1, 0, 12, 9, 16, 15, 17, 15, 1, 0, 15, 4, 0, 1, 0, 1, 2, 1, 0, 3, 2, 0, 1, 18, 15, 4, 2, 1, 3, 1, 0, 1, 2, 1, 3, 2, 1, 0, 1, 2, 3, 2, 3, 4, 3, 4, 5, 4, 3, 0, 2, 0, 1, 2, 4, 3, 4, 5, 4, 3, 5, 6, 5, 4, 2, 3, 2, 4, 3, 4, 3, 2, 4, 3, 4, 3, 6, 5, 4, 3, 2, 3, 2, 3, 5, 1, 0, 1, 2, 4, 7, 8, 7, 6, 3, 6, 7, 12, 6, 4, 3, 4, 5, 8, 4, 5, 6, 4, 6, 4, 5, 6, 5, 4, 13, 6, 4, 3, 4, 2, 4, 3, 5, 6, 4, 5, 7, 5, 6, 4, 5, 7, 5, 2, 3, 4, 5, 4, 3, 4, 3, 4, 5, 4, 5, 6, 5, 8, 5, 6, 4, 3, 2, 5, 2, 1, 0, 3, 1, 2, 8, 4, 6, 2, 3, 4, 5, 4, 6, 5, 4, 3, 4, 3, 2, 4, 6, 5, 4, 5, 2, 5, 4, 5, 4, 5, 4, 3, 4, 3, 2, 3, 7, 2, 0, 3, 5, 4, 3, 0, 4, 5, 4, 6, 5, 4, 6, 4, 5, 4, 6, 5, 4, 5, 6, 5, 7, 6, 5, 6, 1, 6, 4, 5, 6, 5, 4, 5, 6, 5, 3, 4, 5, 6, 3, 4, 5, 6, 5, 4, 5, 4, 3, 4, 3, 2, 3, 4, 3, 4, 3, 1, 3, 4, 6, 4, 5, 4, 3, 4, 7, 3, 1, 6, 4, 2, 3, 4, 3, 2, 4, 2, 3, 6, 4, 5, 6, 7, 6, 4, 6, 4, 5, 6, 4, 6, 7, 6, 5, 15, 7, 6, 4, 6, 5, 6, 7, 6, 1, 6, 5, 6, 4, 6, 5, 6, 5, 6, 5, 7, 5, 6, 18, 19, 18, 17, 15, 17, 18, 20, 17, 12, 9, 10, 12, 13, 0, 10, 12, 9, 10, 6, 5, 6, 5, 3, 6, 4, 2, 1, 3, 6, 4, 2, 1, 12, 9, 10, 4, 0, 9, 0, 5, 8, 9, 0, 1, 0, 9, 10, 7, 5, 4, 9, 10, 12, 9, 7, 6, 12, 10, 1, 0]"
9a43cae5,Task6CP,CP,-199,-68,-146,7,-68,1,-199,-73,-146,7,-73,1,-204,2,-76,12,6,2,-196,20,-68,12,34,2,"[0, 1, 3, 5, 7, 9, 0, 18, 24, 7, 0, 1, 3, 5, 3, 5, 3, 5, 3, 6, 1, 4, 6, 5, 7, 5, 1, 7, 1, 0, 1, 3, 9, 5, 3, 20, 27, 3, 28, 27, 3, 7, 9, 11, 9, 7, 5, 7, 11, 19, 9, 7, 9, 5, 8, 5, 6, 8, 6, 8, 10, 7, 5, 7, 9, 13, 11, 7, 5, 3, 7, 9, 11, 9, 7, 9, 11, 10, 12, 10, 12, 10, 7, 9, 10, 9, 11, 21, 13, 10, 7, 9, 11, 13, 7, 5, 7, 5, 13, 18, 9, 5, 9, 7, 9, 5, 7, 11, 9, 24, 11, 9, 24, 11, 5, 15, 13, 20, 15, 11, 13, 9, 5, 9, 7, 27, 28, 27, 1, 5, 11, 17, 11, 7, 11, 15, 20, 9, 11, 7, 21, 9, 27, 11, 9, 11, 9, 28, 27, 13, 9, 7, 27, 7, 11, 9, 27, 9, 11, 27, 7, 11, 27, 9, 7, 27, 21, 27, 13, 11, 15, 9, 13, 27, 11, 13, 9, 7, 9, 11, 13, 11, 13, 11, 10, 11, 14, 10, 20, 13, 15, 11, 13, 21, 11, 13, 12, 11, 27, 21, 15, 11, 13, 11, 10, 11, 15, 11, 27, 11, 12, 11, 13, 11, 12, 27, 28, 13, 11, 7, 27, 7, 3, 7, 9, 27, 9, 13, 11, 27, 13, 11, 7, 11, 13, 11, 9, 11, 27, 20, 3, 1, 11, 9, 3, 9, 11, 5, 18, 3, 1, 20]","[0, 1, 2, 3, 4, 5, 0, 10, 15, 4, 0, 1, 2, 3, 2, 3, 2, 3, 2, 3, 1, 2, 3, 4, 3, 1, 4, 1, 0, 1, 2, 5, 3, 2, 12, 17, 2, 18, 17, 2, 4, 5, 6, 5, 4, 3, 4, 6, 11, 5, 4, 5, 3, 4, 3, 4, 3, 4, 5, 4, 3, 4, 5, 7, 6, 4, 3, 2, 4, 5, 6, 5, 4, 5, 6, 5, 6, 5, 6, 5, 4, 5, 6, 13, 7, 5, 4, 5, 6, 7, 4, 3, 4, 3, 7, 10, 5, 3, 5, 4, 5, 3, 4, 6, 5, 15, 6, 5, 15, 6, 3, 8, 7, 12, 8, 6, 7, 5, 3, 5, 4, 17, 18, 17, 1, 3, 6, 9, 6, 4, 6, 8, 12, 5, 6, 4, 13, 5, 17, 6, 5, 6, 5, 18, 17, 7, 5, 4, 17, 4, 6, 5, 17, 5, 6, 17, 4, 6, 17, 5, 4, 17, 13, 17, 7, 6, 8, 5, 7, 17, 6, 7, 5, 4, 5, 6, 7, 6, 7, 6, 5, 6, 7, 5, 12, 7, 8, 6, 7, 13, 6, 7, 6, 17, 13, 8, 6, 7, 6, 5, 6, 8, 6, 17, 6, 7, 6, 17, 18, 7, 6, 4, 17, 4, 2, 4, 5, 17, 5, 7, 6, 17, 7, 6, 4, 6, 7, 6, 5, 6, 17, 12, 2, 1, 6, 5, 2, 5, 6, 3, 10, 2, 1, 12]"
66310afd,Task6CP,CP,-185,6,-160,6,6,1,-190,1,-161,4,1,1,-215,56,-150,11,125,2,-205,81,-119,13,165,2,"[1, 0, 1, 5, 1, 3, 7, 3, 1, 0, 1, 6, 4, 2, 3, 1, 0, 4, 5, 4, 6, 0, 3, 5, 0, 1, 3, 5, 13, 20, 27, 7, 1, 0, 3, 5, 6, 2, 1, 3, 1, 3, 9, 7, 3, 27, 3, 5, 1, 5, 7, 11, 5, 3, 5, 3, 5, 8, 6, 4, 8, 10, 14, 16, 5, 1, 5, 8, 12, 14, 7, 9, 7, 9, 7, 5, 7, 9, 11, 12, 10, 8, 7, 9, 11, 9, 7, 11, 10, 12, 15, 11, 7, 9, 7, 9, 13, 15, 9, 7, 9, 15, 11, 12, 14, 13, 11, 9, 11, 9, 11, 7, 9, 11, 13, 11, 9, 13, 11, 5, 9, 13, 11, 27, 11, 27, 11, 13, 5, 9, 5, 11, 13, 11, 13, 5, 7, 15, 13, 11, 13, 9, 15, 13, 15, 11, 28, 13, 20, 19, 20, 13, 15, 13, 15, 13, 12, 13, 11, 13, 14, 12, 13, 11, 13, 11, 15, 11, 13, 11, 15, 13, 27, 11, 27, 13, 11, 13, 27, 11, 13, 15, 11, 13, 9, 11, 9, 13, 11, 28, 11, 13, 11, 13, 11, 13, 11, 15, 11, 9, 15, 13, 11, 13, 11, 13, 11, 13, 11, 15, 13, 24, 25, 15, 13, 11, 13, 11, 13, 15, 13, 15, 13, 11, 15, 13, 7, 13, 9, 15, 13, 27, 15, 27, 15, 13, 15, 13, 27, 13, 15, 13, 12, 27, 15, 27, 13, 12, 13, 12, 27, 10, 15, 13, 28, 20, 21, 20, 21, 20, 22, 21, 22]","[1, 0, 1, 3, 1, 2, 4, 2, 1, 0, 1, 3, 2, 1, 2, 1, 0, 2, 3, 2, 3, 0, 2, 3, 0, 1, 2, 3, 7, 12, 17, 4, 1, 0, 2, 3, 1, 2, 1, 2, 5, 4, 2, 17, 2, 3, 1, 3, 4, 6, 3, 2, 3, 2, 3, 4, 3, 2, 4, 5, 7, 8, 3, 1, 3, 4, 6, 7, 4, 5, 4, 5, 4, 3, 4, 5, 6, 5, 4, 5, 6, 5, 4, 6, 5, 6, 8, 6, 4, 5, 4, 5, 7, 8, 5, 4, 5, 8, 6, 7, 6, 5, 6, 5, 6, 4, 5, 6, 7, 6, 5, 7, 6, 3, 5, 7, 6, 17, 6, 17, 6, 7, 3, 5, 3, 6, 7, 6, 7, 3, 4, 8, 7, 6, 7, 5, 8, 7, 8, 6, 18, 7, 12, 11, 12, 7, 8, 7, 8, 7, 6, 7, 6, 7, 6, 7, 6, 7, 6, 8, 6, 7, 6, 8, 7, 17, 6, 17, 7, 6, 7, 17, 6, 7, 8, 6, 7, 5, 6, 5, 7, 6, 18, 6, 7, 6, 7, 6, 7, 6, 8, 6, 5, 8, 7, 6, 7, 6, 7, 6, 7, 6, 8, 7, 15, 8, 7, 6, 7, 6, 7, 8, 7, 8, 7, 6, 8, 7, 4, 7, 5, 8, 7, 17, 8, 17, 8, 7, 8, 7, 17, 7, 8, 7, 6, 17, 8, 17, 7, 6, 7, 6, 17, 5, 8, 7, 18, 12, 13, 12, 13, 12, 13]"
1ce913d5,Task7CM,CM,0,0,0,0,0,0,0,0,0,0,0,0,-212,-172,-80,18,31,9,-212,-172,-80,18,31,9,"[2, 0, 2, 0, 3, 2, 3, 1, 0, 1, 0, 2, 3, 2, 3, 4, 3, 4, 2, 1, 3, 2, 3, 1, 0, 2, 4, 3, 2, 1, 2, 0, 4, 3, 4, 7, 6, 4, 3, 4, 3, 4, 3, 2, 0, 1, 2, 3, 6, 5, 6, 5, 6, 5, 3, 4, 6, 3, 5, 6, 5, 6, 7, 6, 7, 6, 7, 6, 7, 8, 6, 7, 6, 10, 11, 0, 1, 3, 2, 3, 2, 3, 2, 3, 1, 11, 3, 2, 1, 11, 12, 11, 12, 2, 1, 12, 11, 12, 11, 12, 11, 12, 13, 11, 4, 6, 4, 2, 3, 5, 6, 4, 2, 6, 5, 7, 6, 5, 6, 4, 2, 6, 7, 5, 12, 7, 5, 7, 6, 7, 6, 11, 12, 11, 6, 11, 6, 7, 3, 4, 3, 4, 3, 4, 2, 4, 6, 4, 3, 2, 1, 3, 4, 5, 4, 6, 7, 6, 5, 6, 7, 6, 7, 6, 7, 6, 3, 5, 6, 7, 6, 7, 5, 1, 6, 7, 4, 3, 5, 7, 6, 2, 1, 2, 1, 6, 7, 5, 6, 5, 6, 5, 6, 7, 6, 7, 6, 4, 5, 6, 3, 4, 2, 5, 2, 1, 2, 1, 5, 6, 7, 6, 7, 6, 4, 3, 4, 3, 1, 0, 1, 2, 1, 0, 1, 0, 1, 2, 1, 2, 3, 2, 4, 5, 7, 8, 9, 8, 4, 6, 5, 7, 6, 7, 6, 8, 5, 6, 5, 6, 7, 6, 9, 11, 12, 13, 15, 9]","[2, 0, 2, 0, 3, 2, 3, 1, 0, 1, 0, 2, 3, 2, 3, 4, 3, 4, 2, 1, 3, 2, 3, 1, 0, 2, 4, 3, 2, 1, 2, 0, 4, 3, 4, 7, 6, 4, 3, 4, 3, 4, 3, 2, 0, 1, 2, 3, 6, 5, 6, 5, 6, 5, 3, 4, 6, 3, 5, 6, 5, 6, 7, 6, 7, 6, 7, 6, 7, 8, 6, 7, 6, 10, 11, 0, 1, 3, 2, 3, 2, 3, 2, 3, 1, 11, 3, 2, 1, 11, 12, 11, 12, 2, 1, 12, 11, 12, 11, 12, 11, 12, 13, 11, 4, 6, 4, 2, 3, 5, 6, 4, 2, 6, 5, 7, 6, 5, 6, 4, 2, 6, 7, 5, 12, 7, 5, 7, 6, 7, 6, 11, 12, 11, 6, 11, 6, 7, 3, 4, 3, 4, 3, 4, 2, 4, 6, 4, 3, 2, 1, 3, 4, 5, 4, 6, 7, 6, 5, 6, 7, 6, 7, 6, 7, 6, 3, 5, 6, 7, 6, 7, 5, 1, 6, 7, 4, 3, 5, 7, 6, 2, 1, 2, 1, 6, 7, 5, 6, 5, 6, 5, 6, 7, 6, 7, 6, 4, 5, 6, 3, 4, 2, 5, 2, 1, 2, 1, 5, 6, 7, 6, 7, 6, 4, 3, 4, 3, 1, 0, 1, 2, 1, 0, 1, 0, 1, 2, 1, 2, 3, 2, 4, 5, 7, 8, 9, 8, 4, 6, 5, 7, 6, 7, 6, 8, 5, 6, 5, 6, 7, 6, 9, 11, 12, 13, 15, 9]"
9679a6e6,Task7CM,CM,0,0,0,0,0,0,0,0,0,0,0,0,-104,-44,-14,11,40,5,-104,-44,-14,11,40,5,"[7, 6, 5, 0, 11, 12, 11, 13, 12, 1, 0, 1, 11, 5, 1, 2, 4, 9, 7, 6, 4, 3, 4, 5, 3, 7, 6, 7, 0, 4, 1, 9, 2, 7, 2, 5, 4, 2, 4, 3, 1, 2, 3, 4, 1, 4, 0, 1, 3, 4, 5, 4, 11, 5, 6, 5, 6, 7, 3, 1, 2, 1, 9, 2, 1, 2, 4, 3, 5, 6, 4, 5, 2, 3, 4, 7, 6, 3, 5, 15, 7, 1, 5, 2, 1, 0, 1, 2, 6, 2, 3, 2, 3, 4, 2, 3, 5, 4, 11, 2, 3, 5, 6, 5, 4, 5, 1, 6, 5, 6, 7, 8, 7, 13, 7, 11, 5, 4, 7, 2, 1, 4, 9, 13, 11, 4, 6, 7, 3, 6, 1, 2, 4, 2, 0, 1, 2, 11, 3, 6]","[7, 6, 5, 0, 11, 12, 11, 13, 12, 1, 0, 1, 11, 5, 1, 2, 4, 9, 7, 6, 4, 3, 4, 5, 3, 7, 6, 7, 0, 4, 1, 9, 2, 7, 2, 5, 4, 2, 4, 3, 1, 2, 3, 4, 1, 4, 0, 1, 3, 4, 5, 4, 11, 5, 6, 5, 6, 7, 3, 1, 2, 1, 9, 2, 1, 2, 4, 3, 5, 6, 4, 5, 2, 3, 4, 7, 6, 3, 5, 15, 7, 1, 5, 2, 1, 0, 1, 2, 6, 2, 3, 2, 3, 4, 2, 3, 5, 4, 11, 2, 3, 5, 6, 5, 4, 5, 1, 6, 5, 6, 7, 8, 7, 13, 7, 11, 5, 4, 7, 2, 1, 4, 9, 13, 11, 4, 6, 7, 3, 6, 1, 2, 4, 2, 0, 1, 2, 11, 3, 6]"
625d844e,Task7CM,CM,0,0,0,0,0,0,0,0,0,0,0,0,-292,-237,-33,25,69,12,-292,-237,-33,25,69,12,"[9, 11, 0, 6, 11, 8, 11, 13, 12, 11, 12, 11, 12, 11, 12, 11, 10, 11, 12, 13, 3, 0, 1, 0, 1, 2, 5, 3, 4, 3, 2, 3, 4, 1, 0, 5, 7, 12, 11, 2, 0, 1, 0, 1, 0, 1, 0, 1, 3, 4, 2, 0, 1, 11, 1, 2, 11, 2, 3, 1, 7, 0, 2, 3, 2, 3, 1, 5, 11, 9, 5, 4, 6, 4, 5, 6, 11, 6, 5, 4, 12, 9, 6, 4, 2, 1, 2, 3, 5, 3, 1, 3, 5, 4, 3, 2, 0, 2, 11, 2, 1, 3, 5, 4, 9, 6, 4, 5, 4, 5, 4, 5, 4, 5, 4, 6, 13, 14, 12, 11, 4, 2, 3, 2, 4, 3, 1, 2, 4, 5, 6, 0, 1, 2, 1, 2, 8, 9, 3, 1, 6, 5, 4, 2, 7, 9, 3, 5, 11, 4, 2, 3, 7, 3, 2, 0, 3, 1, 2, 3, 2, 3, 5, 4, 3, 1, 0, 4, 1, 2, 4, 2, 3, 2, 3, 4, 2, 6, 2, 0, 5, 0, 3, 4, 5, 6, 4, 3, 4, 3, 4, 3, 5, 4, 2, 4, 5, 4, 2, 3, 0, 3, 5, 3, 2, 7, 2, 4, 1, 3, 1, 4, 3, 2, 3, 1, 2, 3, 5, 3, 2, 0, 3, 13, 12, 6, 0, 14, 11, 7, 4, 6, 0, 2, 9, 6, 3, 1, 3, 6, 9, 11, 3, 11, 7, 6, 7, 2, 13, 15, 14, 7, 3, 4, 0, 3, 6, 1, 0, 2, 1, 2, 0, 4, 1, 3, 6, 5, 6, 4, 6, 2, 4, 0, 6, 0, 4, 6, 7, 11, 5, 1, 2, 0, 6, 12, 11, 5, 4, 3, 4, 6, 9, 7, 4, 2, 1, 3, 4, 11, 12, 11, 0, 7, 4, 2, 1, 2, 3, 2, 0, 1, 2, 7, 3, 0, 2, 7, 12, 11, 4, 2, 0, 3, 4, 2, 1, 12, 11, 6, 3, 2, 4, 3, 2, 9, 11, 12]","[9, 11, 0, 6, 11, 8, 11, 13, 12, 11, 12, 11, 12, 11, 12, 11, 10, 11, 12, 13, 3, 0, 1, 0, 1, 2, 5, 3, 4, 3, 2, 3, 4, 1, 0, 5, 7, 12, 11, 2, 0, 1, 0, 1, 0, 1, 0, 1, 3, 4, 2, 0, 1, 11, 1, 2, 11, 2, 3, 1, 7, 0, 2, 3, 2, 3, 1, 5, 11, 9, 5, 4, 6, 4, 5, 6, 11, 6, 5, 4, 12, 9, 6, 4, 2, 1, 2, 3, 5, 3, 1, 3, 5, 4, 3, 2, 0, 2, 11, 2, 1, 3, 5, 4, 9, 6, 4, 5, 4, 5, 4, 5, 4, 5, 4, 6, 13, 14, 12, 11, 4, 2, 3, 2, 4, 3, 1, 2, 4, 5, 6, 0, 1, 2, 1, 2, 8, 9, 3, 1, 6, 5, 4, 2, 7, 9, 3, 5, 11, 4, 2, 3, 7, 3, 2, 0, 3, 1, 2, 3, 2, 3, 5, 4, 3, 1, 0, 4, 1, 2, 4, 2, 3, 2, 3, 4, 2, 6, 2, 0, 5, 0, 3, 4, 5, 6, 4, 3, 4, 3, 4, 3, 5, 4, 2, 4, 5, 4, 2, 3, 0, 3, 5, 3, 2, 7, 2, 4, 1, 3, 1, 4, 3, 2, 3, 1, 2, 3, 5, 3, 2, 0, 3, 13, 12, 6, 0, 14, 11, 7, 4, 6, 0, 2, 9, 6, 3, 1, 3, 6, 9, 11, 3, 11, 7, 6, 7, 2, 13, 15, 14, 7, 3, 4, 0, 3, 6, 1, 0, 2, 1, 2, 0, 4, 1, 3, 6, 5, 6, 4, 6, 2, 4, 0, 6, 0, 4, 6, 7, 11, 5, 1, 2, 0, 6, 12, 11, 5, 4, 3, 4, 6, 9, 7, 4, 2, 1, 3, 4, 11, 12, 11, 0, 7, 4, 2, 1, 2, 3, 2, 0, 1, 2, 7, 3, 0, 2, 7, 12, 11, 4, 2, 0, 3, 4, 2, 1, 12, 11, 6, 3, 2, 4, 3, 2, 9, 11, 12]"
1de0f518,Task7CM,CM,0,0,0,0,0,0,0,0,0,0,0,0,-215,-165,-57,19,-2,9,-215,-165,-57,19,-2,9,"[5, 11, 7, 6, 7, 9, 10, 12, 11, 12, 11, 0, 13, 12, 13, 11, 12, 11, 0, 11, 0, 1, 3, 1, 5, 7, 0, 1, 5, 1, 0, 1, 3, 1, 3, 2, 1, 2, 1, 2, 1, 2, 4, 0, 13, 11, 2, 4, 2, 4, 7, 4, 1, 4, 7, 3, 4, 3, 2, 4, 7, 4, 2, 4, 6, 4, 3, 2, 0, 4, 5, 11, 3, 4, 0, 3, 5, 4, 0, 1, 5, 0, 1, 2, 1, 4, 2, 5, 2, 0, 4, 0, 6, 7, 2, 0, 1, 0, 1, 0, 1, 0, 2, 0, 7, 12, 0, 3, 1, 2, 4, 3, 4, 0, 4, 5, 4, 7, 5, 4, 3, 5, 2, 5, 11, 4, 3, 2, 7, 1, 2, 0, 2, 0, 3, 2, 3, 4, 2, 1, 2, 4, 3, 1, 2, 1, 3, 1, 2, 5, 7, 2, 0, 1, 4, 2, 1, 4, 0, 4, 7, 4, 1, 2, 0, 4, 3, 4, 7, 4, 5, 9, 7, 5, 6, 5, 7, 1, 0, 1, 0, 5, 1, 2, 3, 4, 2, 4, 5, 3, 0, 2, 5, 3, 1, 4, 5, 7, 6, 5, 6, 5, 1, 5, 6, 7, 1, 2, 1, 2, 1, 2, 1, 2, 6, 1, 5, 4, 3, 7, 4, 1, 2, 3, 1, 0, 1, 0, 2, 4, 1, 4, 1, 4, 6, 4, 1, 2, 4, 3, 1, 6, 4, 1, 4, 2, 1, 2, 0, 11, 12, 13, 12, 9, 7, 4]","[5, 11, 7, 6, 7, 9, 10, 12, 11, 12, 11, 0, 13, 12, 13, 11, 12, 11, 0, 11, 0, 1, 3, 1, 5, 7, 0, 1, 5, 1, 0, 1, 3, 1, 3, 2, 1, 2, 1, 2, 1, 2, 4, 0, 13, 11, 2, 4, 2, 4, 7, 4, 1, 4, 7, 3, 4, 3, 2, 4, 7, 4, 2, 4, 6, 4, 3, 2, 0, 4, 5, 11, 3, 4, 0, 3, 5, 4, 0, 1, 5, 0, 1, 2, 1, 4, 2, 5, 2, 0, 4, 0, 6, 7, 2, 0, 1, 0, 1, 0, 1, 0, 2, 0, 7, 12, 0, 3, 1, 2, 4, 3, 4, 0, 4, 5, 4, 7, 5, 4, 3, 5, 2, 5, 11, 4, 3, 2, 7, 1, 2, 0, 2, 0, 3, 2, 3, 4, 2, 1, 2, 4, 3, 1, 2, 1, 3, 1, 2, 5, 7, 2, 0, 1, 4, 2, 1, 4, 0, 4, 7, 4, 1, 2, 0, 4, 3, 4, 7, 4, 5, 9, 7, 5, 6, 5, 7, 1, 0, 1, 0, 5, 1, 2, 3, 4, 2, 4, 5, 3, 0, 2, 5, 3, 1, 4, 5, 7, 6, 5, 6, 5, 1, 5, 6, 7, 1, 2, 1, 2, 1, 2, 1, 2, 6, 1, 5, 4, 3, 7, 4, 1, 2, 3, 1, 0, 1, 0, 2, 4, 1, 4, 1, 4, 6, 4, 1, 2, 4, 3, 1, 6, 4, 1, 4, 2, 1, 2, 0, 11, 12, 13, 12, 9, 7, 4]"
1d1071e4,Task7CM,CM,0,0,0,0,0,0,0,0,0,0,0,0,-302,-242,-58,25,65,13,-302,-242,-58,25,65,13,"[7, 2, 3, 11, 9, 11, 13, 12, 11, 12, 11, 12, 11, 15, 11, 2, 13, 11, 12, 13, 12, 11, 12, 14, 3, 0, 1, 0, 1, 9, 7, 1, 7, 1, 0, 11, 12, 11, 12, 1, 2, 1, 2, 1, 3, 2, 3, 2, 3, 2, 3, 2, 3, 2, 1, 2, 1, 2, 3, 1, 3, 1, 2, 5, 4, 1, 2, 5, 4, 7, 4, 5, 4, 5, 4, 0, 11, 5, 4, 5, 6, 7, 6, 7, 6, 8, 5, 4, 2, 4, 5, 6, 4, 2, 0, 11, 12, 11, 6, 4, 5, 7, 6, 5, 2, 0, 1, 3, 2, 0, 2, 0, 1, 4, 2, 5, 1, 4, 6, 7, 3, 4, 2, 1, 2, 3, 2, 4, 5, 7, 6, 4, 5, 4, 11, 4, 5, 13, 12, 11, 4, 2, 3, 5, 4, 5, 2, 3, 5, 2, 0, 2, 1, 2, 1, 2, 3, 2, 3, 6, 3, 2, 3, 2, 4, 2, 4, 2, 3, 2, 3, 4, 2, 5, 4, 7, 8, 7, 3, 4, 5, 4, 2, 4, 5, 4, 6, 4, 5, 3, 6, 4, 5, 6, 4, 6, 2, 0, 12, 11, 4, 5, 6, 7, 6, 1, 0, 6, 1, 3, 6, 5, 4, 3, 2, 1, 2, 1, 6, 7, 6, 3, 1, 7, 9, 5, 6, 5, 7, 6, 1, 2, 6, 7, 6, 9, 8, 7, 6, 4, 6, 5, 0, 5, 7, 5, 6, 3, 2, 4, 1, 3, 5, 6, 7, 1, 2, 6, 7, 6, 4, 1, 3, 6, 5, 3, 1, 0, 1, 2, 1, 2, 1, 2, 3, 1, 2, 6, 7, 6, 5, 7, 1, 2, 3, 4, 7, 6, 4, 1, 7, 0, 1, 4, 2, 7, 6, 7, 4, 3, 2, 3, 7, 3, 4, 3, 4, 2, 1, 3, 2, 3, 2, 4, 3, 2, 6, 4, 2, 7, 6, 2, 1, 4, 6, 7, 4, 0, 1, 2, 1, 2, 3, 2, 4, 11, 7, 6, 7, 9, 8, 12, 14, 13, 12, 11, 12, 14]","[7, 2, 3, 11, 9, 11, 13, 12, 11, 12, 11, 12, 11, 15, 11, 2, 13, 11, 12, 13, 12, 11, 12, 14, 3, 0, 1, 0, 1, 9, 7, 1, 7, 1, 0, 11, 12, 11, 12, 1, 2, 1, 2, 1, 3, 2, 3, 2, 3, 2, 3, 2, 3, 2, 1, 2, 1, 2, 3, 1, 3, 1, 2, 5, 4, 1, 2, 5, 4, 7, 4, 5, 4, 5, 4, 0, 11, 5, 4, 5, 6, 7, 6, 7, 6, 8, 5, 4, 2, 4, 5, 6, 4, 2, 0, 11, 12, 11, 6, 4, 5, 7, 6, 5, 2, 0, 1, 3, 2, 0, 2, 0, 1, 4, 2, 5, 1, 4, 6, 7, 3, 4, 2, 1, 2, 3, 2, 4, 5, 7, 6, 4, 5, 4, 11, 4, 5, 13, 12, 11, 4, 2, 3, 5, 4, 5, 2, 3, 5, 2, 0, 2, 1, 2, 1, 2, 3, 2, 3, 6, 3, 2, 3, 2, 4, 2, 4, 2, 3, 2, 3, 4, 2, 5, 4, 7, 8, 7, 3, 4, 5, 4, 2, 4, 5, 4, 6, 4, 5, 3, 6, 4, 5, 6, 4, 6, 2, 0, 12, 11, 4, 5, 6, 7, 6, 1, 0, 6, 1, 3, 6, 5, 4, 3, 2, 1, 2, 1, 6, 7, 6, 3, 1, 7, 9, 5, 6, 5, 7, 6, 1, 2, 6, 7, 6, 9, 8, 7, 6, 4, 6, 5, 0, 5, 7, 5, 6, 3, 2, 4, 1, 3, 5, 6, 7, 1, 2, 6, 7, 6, 4, 1, 3, 6, 5, 3, 1, 0, 1, 2, 1, 2, 1, 2, 3, 1, 2, 6, 7, 6, 5, 7, 1, 2, 3, 4, 7, 6, 4, 1, 7, 0, 1, 4, 2, 7, 6, 7, 4, 3, 2, 3, 7, 3, 4, 3, 4, 2, 1, 3, 2, 3, 2, 4, 3, 2, 6, 4, 2, 7, 6, 2, 1, 4, 6, 7, 4, 0, 1, 2, 1, 2, 3, 2, 4, 11, 7, 6, 7, 9, 8, 12, 14, 13, 12, 11, 12, 14]"
cb039d67,Task7CM,CM,0,0,0,0,0,0,0,0,0,0,0,0,-194,-134,-28,17,33,8,-194,-134,-28,17,33,8,"[0, 11, 13, 12, 11, 12, 13, 12, 14, 13, 0, 1, 0, 1, 2, 4, 0, 11, 0, 1, 0, 1, 12, 11, 2, 4, 3, 2, 4, 2, 11, 2, 3, 2, 3, 4, 2, 1, 3, 5, 1, 0, 1, 12, 4, 5, 7, 1, 2, 3, 5, 4, 3, 4, 5, 3, 4, 3, 1, 5, 13, 12, 11, 7, 5, 6, 3, 11, 7, 11, 5, 7, 3, 1, 5, 3, 1, 11, 5, 1, 2, 11, 12, 4, 2, 3, 4, 3, 0, 2, 3, 2, 6, 11, 12, 4, 2, 4, 7, 9, 12, 13, 12, 13, 5, 1, 3, 6, 5, 7, 11, 12, 11, 5, 3, 1, 2, 11, 2, 3, 2, 4, 7, 5, 0, 1, 5, 6, 5, 15, 11, 13, 11, 12, 6, 12, 11, 6, 7, 12, 11, 5, 7, 11, 6, 11, 2, 1, 9, 2, 3, 2, 12, 6, 2, 4, 3, 2, 3, 4, 3, 0, 3, 6, 11, 6, 2, 11, 7, 5, 4, 3, 2, 5, 6, 5, 4, 5, 4, 5, 11, 6, 4, 3, 6, 3, 2, 0, 4, 6, 13, 11, 13, 11, 12, 13, 9, 11, 9, 5, 11, 5, 12, 6, 2, 1, 0, 7, 12, 11, 4, 2, 3, 1, 6, 3, 5, 4, 2, 1, 4, 2, 3, 4, 5, 4, 6, 7, 3, 2, 8, 7, 6, 9, 7]","[0, 11, 13, 12, 11, 12, 13, 12, 14, 13, 0, 1, 0, 1, 2, 4, 0, 11, 0, 1, 0, 1, 12, 11, 2, 4, 3, 2, 4, 2, 11, 2, 3, 2, 3, 4, 2, 1, 3, 5, 1, 0, 1, 12, 4, 5, 7, 1, 2, 3, 5, 4, 3, 4, 5, 3, 4, 3, 1, 5, 13, 12, 11, 7, 5, 6, 3, 11, 7, 11, 5, 7, 3, 1, 5, 3, 1, 11, 5, 1, 2, 11, 12, 4, 2, 3, 4, 3, 0, 2, 3, 2, 6, 11, 12, 4, 2, 4, 7, 9, 12, 13, 12, 13, 5, 1, 3, 6, 5, 7, 11, 12, 11, 5, 3, 1, 2, 11, 2, 3, 2, 4, 7, 5, 0, 1, 5, 6, 5, 15, 11, 13, 11, 12, 6, 12, 11, 6, 7, 12, 11, 5, 7, 11, 6, 11, 2, 1, 9, 2, 3, 2, 12, 6, 2, 4, 3, 2, 3, 4, 3, 0, 3, 6, 11, 6, 2, 11, 7, 5, 4, 3, 2, 5, 6, 5, 4, 5, 4, 5, 11, 6, 4, 3, 6, 3, 2, 0, 4, 6, 13, 11, 13, 11, 12, 13, 9, 11, 9, 5, 11, 5, 12, 6, 2, 1, 0, 7, 12, 11, 4, 2, 3, 1, 6, 3, 5, 4, 2, 1, 4, 2, 3, 4, 5, 4, 6, 7, 3, 2, 8, 7, 6, 9, 7]"
5e4ae544,Task7CM,CM,0,0,0,0,0,0,0,0,0,0,0,0,-52,-27,-8,5,6,4,-52,-27,-8,5,6,4,"[7, 2, 4, 3, 0, 1, 0, 1, 0, 2, 1, 3, 2, 1, 2, 1, 0, 1, 4, 1, 2, 6, 2, 3, 1, 3, 1, 0, 3, 0, 3, 0, 2, 3, 2, 0, 4, 5, 4, 6, 5, 7, 5, 3, 7, 5, 1, 11, 3, 11, 12, 13, 1, 2, 0, 2, 7, 3, 1, 11, 1, 12, 11, 2, 4, 1, 2, 3, 2, 11, 2, 3, 4, 5, 7, 4, 5, 7, 4, 6, 7, 2, 1, 8, 13, 1, 0, 1]","[7, 2, 4, 3, 0, 1, 0, 1, 0, 2, 1, 3, 2, 1, 2, 1, 0, 1, 4, 1, 2, 6, 2, 3, 1, 3, 1, 0, 3, 0, 3, 0, 2, 3, 2, 0, 4, 5, 4, 6, 5, 7, 5, 3, 7, 5, 1, 11, 3, 11, 12, 13, 1, 2, 0, 2, 7, 3, 1, 11, 1, 12, 11, 2, 4, 1, 2, 3, 2, 11, 2, 3, 4, 5, 7, 4, 5, 7, 4, 6, 7, 2, 1, 8, 13, 1, 0, 1]"
dfab1ede,Task7CM,CM,0,0,0,0,0,0,0,0,0,0,0,0,-215,-155,-7,19,24,10,-215,-155,-7,19,24,10,"[7, 0, 3, 6, 7, 4, 2, 9, 8, 9, 12, 11, 12, 11, 9, 13, 14, 12, 1, 3, 1, 9, 13, 11, 9, 11, 0, 11, 1, 0, 1, 0, 1, 0, 1, 0, 4, 1, 0, 4, 0, 1, 2, 0, 1, 3, 1, 4, 6, 5, 4, 3, 0, 1, 4, 0, 7, 6, 13, 11, 0, 1, 0, 3, 1, 2, 1, 2, 1, 2, 1, 4, 2, 1, 0, 9, 3, 1, 3, 2, 1, 3, 4, 3, 4, 3, 2, 4, 2, 4, 3, 11, 3, 1, 2, 4, 6, 4, 6, 7, 6, 0, 2, 0, 7, 4, 2, 1, 0, 1, 0, 1, 4, 2, 1, 0, 3, 1, 3, 1, 0, 3, 1, 3, 0, 1, 2, 3, 0, 7, 4, 5, 4, 3, 2, 4, 1, 4, 6, 3, 6, 4, 9, 5, 4, 2, 3, 1, 0, 1, 2, 1, 2, 3, 2, 5, 4, 2, 1, 5, 4, 6, 7, 6, 0, 3, 2, 4, 6, 7, 2, 0, 1, 0, 4, 6, 4, 1, 2, 1, 0, 6, 9, 11, 12, 2, 5, 4, 1, 0, 3, 2, 1, 0, 2, 0, 1, 3, 6, 5, 7, 6, 1, 2, 4, 9, 7, 4, 3, 2, 3, 4, 6, 7, 4, 3, 1, 3, 2, 1, 2, 11, 6, 4, 1, 11, 4, 6, 3, 5, 7, 4, 3, 1, 2, 1, 2, 1, 4, 3, 2, 7, 11, 12, 11, 12, 14, 11, 12, 15, 14, 13, 11, 9, 11, 12, 11, 12, 11, 13, 12]","[7, 0, 3, 6, 7, 4, 2, 9, 8, 9, 12, 11, 12, 11, 9, 13, 14, 12, 1, 3, 1, 9, 13, 11, 9, 11, 0, 11, 1, 0, 1, 0, 1, 0, 1, 0, 4, 1, 0, 4, 0, 1, 2, 0, 1, 3, 1, 4, 6, 5, 4, 3, 0, 1, 4, 0, 7, 6, 13, 11, 0, 1, 0, 3, 1, 2, 1, 2, 1, 2, 1, 4, 2, 1, 0, 9, 3, 1, 3, 2, 1, 3, 4, 3, 4, 3, 2, 4, 2, 4, 3, 11, 3, 1, 2, 4, 6, 4, 6, 7, 6, 0, 2, 0, 7, 4, 2, 1, 0, 1, 0, 1, 4, 2, 1, 0, 3, 1, 3, 1, 0, 3, 1, 3, 0, 1, 2, 3, 0, 7, 4, 5, 4, 3, 2, 4, 1, 4, 6, 3, 6, 4, 9, 5, 4, 2, 3, 1, 0, 1, 2, 1, 2, 3, 2, 5, 4, 2, 1, 5, 4, 6, 7, 6, 0, 3, 2, 4, 6, 7, 2, 0, 1, 0, 4, 6, 4, 1, 2, 1, 0, 6, 9, 11, 12, 2, 5, 4, 1, 0, 3, 2, 1, 0, 2, 0, 1, 3, 6, 5, 7, 6, 1, 2, 4, 9, 7, 4, 3, 2, 3, 4, 6, 7, 4, 3, 1, 3, 2, 1, 2, 11, 6, 4, 1, 11, 4, 6, 3, 5, 7, 4, 3, 1, 2, 1, 2, 1, 4, 3, 2, 7, 11, 12, 11, 12, 14, 11, 12, 15, 14, 13, 11, 9, 11, 12, 11, 12, 11, 13, 12]"
9a43cae5,Task7CM,CM,0,0,0,0,0,0,0,0,0,0,0,0,-230,-190,-46,20,-1,10,-230,-190,-46,20,-1,10,"[7, 0, 1, 0, 1, 2, 1, 2, 0, 3, 2, 4, 6, 7, 9, 11, 2, 11, 12, 11, 0, 1, 3, 4, 3, 9, 11, 4, 3, 4, 5, 4, 5, 7, 6, 4, 6, 4, 5, 2, 1, 4, 5, 0, 6, 5, 4, 1, 2, 0, 2, 1, 0, 2, 1, 4, 1, 3, 7, 6, 4, 3, 4, 0, 4, 5, 7, 5, 4, 1, 0, 5, 1, 2, 0, 2, 4, 0, 4, 2, 1, 4, 1, 4, 3, 1, 4, 3, 1, 2, 4, 6, 4, 1, 3, 6, 5, 1, 2, 7, 4, 6, 4, 5, 9, 3, 4, 1, 0, 2, 0, 3, 4, 6, 5, 2, 1, 2, 3, 0, 2, 5, 2, 5, 2, 5, 3, 2, 1, 5, 3, 5, 4, 6, 4, 3, 5, 3, 1, 2, 1, 13, 12, 11, 1, 0, 1, 3, 4, 12, 14, 11, 4, 7, 4, 12, 13, 11, 2, 1, 12, 2, 0, 1, 2, 3, 4, 5, 1, 4, 0, 4, 1, 6, 5, 3, 1, 4, 5, 4, 5, 3, 4, 2, 4, 2, 1, 4, 5, 6, 1, 0, 4, 6, 5, 4, 0, 7, 6, 1, 0, 5, 1, 5, 7, 5, 3, 1, 5, 1, 8, 7, 4, 11, 13, 11, 5, 0, 7, 4, 7, 4, 5, 8, 5, 7, 5, 0, 2, 1, 5, 2, 1, 4, 6, 5, 2, 0, 5, 4, 5, 1, 0, 4, 2, 4, 7, 2, 1, 4, 2, 4, 2, 5, 4, 5, 1, 2, 5, 3, 2, 1, 2, 5, 8, 1, 2, 3, 4, 5, 6, 3, 0, 7, 8, 7]","[7, 0, 1, 0, 1, 2, 1, 2, 0, 3, 2, 4, 6, 7, 9, 11, 2, 11, 12, 11, 0, 1, 3, 4, 3, 9, 11, 4, 3, 4, 5, 4, 5, 7, 6, 4, 6, 4, 5, 2, 1, 4, 5, 0, 6, 5, 4, 1, 2, 0, 2, 1, 0, 2, 1, 4, 1, 3, 7, 6, 4, 3, 4, 0, 4, 5, 7, 5, 4, 1, 0, 5, 1, 2, 0, 2, 4, 0, 4, 2, 1, 4, 1, 4, 3, 1, 4, 3, 1, 2, 4, 6, 4, 1, 3, 6, 5, 1, 2, 7, 4, 6, 4, 5, 9, 3, 4, 1, 0, 2, 0, 3, 4, 6, 5, 2, 1, 2, 3, 0, 2, 5, 2, 5, 2, 5, 3, 2, 1, 5, 3, 5, 4, 6, 4, 3, 5, 3, 1, 2, 1, 13, 12, 11, 1, 0, 1, 3, 4, 12, 14, 11, 4, 7, 4, 12, 13, 11, 2, 1, 12, 2, 0, 1, 2, 3, 4, 5, 1, 4, 0, 4, 1, 6, 5, 3, 1, 4, 5, 4, 5, 3, 4, 2, 4, 2, 1, 4, 5, 6, 1, 0, 4, 6, 5, 4, 0, 7, 6, 1, 0, 5, 1, 5, 7, 5, 3, 1, 5, 1, 8, 7, 4, 11, 13, 11, 5, 0, 7, 4, 7, 4, 5, 8, 5, 7, 5, 0, 2, 1, 5, 2, 1, 4, 6, 5, 2, 0, 5, 4, 5, 1, 0, 4, 2, 4, 7, 2, 1, 4, 2, 4, 2, 5, 4, 5, 1, 2, 5, 3, 2, 1, 2, 5, 8, 1, 2, 3, 4, 5, 6, 3, 0, 7, 8, 7]"
66310afd,Task7CM,CM,0,0,0,0,0,0,0,0,0,0,0,0,-110,-75,-29,12,25,6,-110,-75,-29,12,25,6,"[7, 11, 12, 11, 0, 1, 0, 1, 0, 11, 12, 0, 6, 3, 1, 12, 11, 1, 2, 14, 13, 11, 2, 3, 2, 1, 4, 3, 2, 11, 3, 5, 3, 5, 6, 12, 6, 7, 6, 2, 6, 2, 3, 2, 3, 4, 3, 11, 7, 4, 2, 3, 11, 6, 11, 4, 3, 1, 2, 6, 12, 6, 12, 6, 11, 3, 2, 9, 6, 7, 8, 6, 12, 11, 6, 3, 2, 6, 2, 6, 1, 0, 12, 11, 0, 3, 4, 3, 0, 4, 5, 6, 3, 6, 4, 2, 6, 11, 3, 2, 5, 3, 4, 3, 5, 3, 5, 12, 4, 6, 5, 0, 6, 3, 0, 2, 0, 1, 0, 3, 2, 3, 6, 4, 6, 4, 3, 2, 6, 3, 6, 11, 4, 3, 4, 6, 4, 6, 3, 4, 3, 2, 4, 11, 6, 4, 3, 0, 4, 2, 3, 0, 4, 7, 13, 15]","[7, 11, 12, 11, 0, 1, 0, 1, 0, 11, 12, 0, 6, 3, 1, 12, 11, 1, 2, 14, 13, 11, 2, 3, 2, 1, 4, 3, 2, 11, 3, 5, 3, 5, 6, 12, 6, 7, 6, 2, 6, 2, 3, 2, 3, 4, 3, 11, 7, 4, 2, 3, 11, 6, 11, 4, 3, 1, 2, 6, 12, 6, 12, 6, 11, 3, 2, 9, 6, 7, 8, 6, 12, 11, 6, 3, 2, 6, 2, 6, 1, 0, 12, 11, 0, 3, 4, 3, 0, 4, 5, 6, 3, 6, 4, 2, 6, 11, 3, 2, 5, 3, 4, 3, 5, 3, 5, 12, 4, 6, 5, 0, 6, 3, 0, 2, 0, 1, 0, 3, 2, 3, 6, 4, 6, 4, 3, 2, 6, 3, 6, 11, 4, 3, 4, 6, 4, 6, 3, 4, 3, 2, 4, 11, 6, 4, 3, 0, 4, 2, 3, 0, 4, 7, 13, 15]"
615db7bf,Task7CP,CP,-162,-111,-70,9,-46,4,-157,-101,-59,8,-56,3,-180,-150,-93,13,-70,6,-161,-121,-37,15,36,8,"[13, 0, 1, 8, 4, 6, 2, 0, 2, 0, 1, 0, 19, 0, 2, 0, 2, 4, 0, 4, 2, 0, 2, 4, 1, 0, 1, 15, 0, 2, 4, 2, 18, 5, 3, 2, 4, 6, 4, 1, 0, 6, 4, 6, 5, 3, 1, 3, 5, 3, 4, 8, 11, 13, 8, 11, 5, 7, 9, 5, 7, 5, 7, 11, 8, 11, 8, 6, 4, 6, 8, 6, 2, 4, 0, 1, 2, 1, 3, 6, 4, 6, 3, 2, 4, 6, 1, 3, 5, 6, 8, 9, 7, 8, 1, 7, 8, 11, 10, 11, 16, 13, 12, 18, 5, 1, 6, 15, 12, 3, 1, 2, 6, 4, 2, 4, 3, 9, 7, 10, 8, 10, 11, 8, 11, 9, 10, 18, 5, 1, 3, 5, 9, 7, 9, 5, 1, 5, 0, 1, 9, 5, 1, 9, 1, 10, 3, 1, 0, 3, 1, 0, 10, 9, 12, 1, 3, 7, 0, 2, 8, 4, 0, 3, 8, 7, 5, 7, 9, 3, 1, 10, 7, 5, 0, 1, 5, 10, 9, 5, 7, 10, 15, 10, 1, 0, 9, 3, 10, 9, 3, 6, 4, 3, 5, 10, 3, 7, 10, 11, 13, 11, 10, 11, 13, 11, 10, 3, 5, 3, 5, 9, 12, 7, 19, 5, 1, 5, 1, 0, 1, 7, 5, 20, 21, 18]","[7, 0, 1, 4, 2, 3, 1, 0, 1, 0, 1, 0, 12, 0, 1, 0, 1, 2, 0, 2, 1, 0, 1, 2, 1, 0, 1, 9, 0, 1, 2, 1, 11, 3, 2, 1, 2, 3, 2, 1, 0, 3, 2, 3, 2, 1, 2, 3, 2, 4, 6, 7, 4, 6, 3, 4, 5, 3, 4, 3, 4, 6, 4, 6, 4, 3, 2, 3, 4, 3, 1, 2, 0, 1, 2, 3, 2, 3, 2, 1, 2, 3, 1, 2, 3, 4, 5, 4, 1, 4, 6, 9, 7, 11, 3, 1, 3, 9, 7, 2, 1, 3, 2, 1, 2, 5, 4, 6, 4, 6, 4, 6, 5, 6, 11, 3, 1, 2, 3, 5, 4, 5, 3, 1, 3, 0, 1, 5, 3, 1, 5, 1, 6, 2, 1, 0, 2, 1, 0, 6, 5, 7, 1, 2, 4, 0, 1, 4, 2, 0, 2, 4, 3, 4, 5, 2, 1, 6, 4, 3, 0, 1, 3, 6, 5, 3, 4, 6, 9, 6, 1, 0, 5, 2, 6, 5, 2, 3, 2, 3, 6, 2, 4, 6, 7, 6, 7, 6, 2, 3, 2, 3, 5, 7, 4, 12, 3, 1, 3, 1, 0, 1, 4, 3, 13, 14, 11]"
f9ec2bc7,Task7CP,CP,-190,-154,-86,7,-64,5,-190,-154,-86,7,-74,4,-193,-163,-47,17,20,9,-179,-149,-28,17,38,8,"[16, 0, 1, 0, 1, 0, 2, 4, 0, 2, 1, 3, 0, 1, 0, 3, 9, 3, 1, 3, 5, 3, 5, 9, 3, 5, 3, 0, 5, 9, 10, 5, 10, 9, 3, 8, 9, 11, 8, 11, 10, 12, 10, 1, 3, 5, 3, 9, 7, 1, 0, 3, 7, 5, 9, 5, 6, 2, 0, 5, 1, 9, 10, 19, 4, 2, 10, 19, 20, 19, 7, 3, 1, 18, 1, 19, 3, 10, 21, 19, 18, 5, 10, 5, 3, 5, 1, 3, 7, 9, 7, 3, 19, 0, 1, 15, 7, 1, 18, 19, 3, 5, 7, 9, 5, 0, 15, 18, 19, 7, 10, 3, 5, 9, 19, 22, 18, 7, 20, 12, 10, 0, 22, 19, 20, 21, 7, 1, 2, 0, 3, 15, 10, 3, 7, 5, 10, 19, 12, 5, 10, 3, 4, 0, 1, 0, 1, 19, 20, 1, 18, 19, 20, 1, 21, 19, 12, 3, 1, 3, 18, 7, 3, 5, 3, 1, 3, 4, 5, 3, 7, 5, 1, 5, 6, 5, 9, 3, 0, 3, 1, 12, 13, 11, 9, 10, 18, 15, 19, 0, 10, 7, 3, 1, 3, 0, 1, 2, 1, 0, 3, 7, 1, 0, 1, 3, 4, 3, 1, 3, 7, 5, 7, 10, 5, 3, 1, 5, 18, 5, 3, 5, 7, 10, 3, 4, 2, 7, 5, 1, 5, 1, 19, 7, 5, 3, 7, 3, 0]","[9, 0, 1, 0, 1, 0, 1, 2, 0, 1, 2, 0, 1, 0, 2, 5, 2, 1, 2, 3, 2, 3, 5, 2, 3, 2, 0, 3, 5, 6, 3, 6, 5, 2, 4, 5, 6, 4, 6, 7, 6, 1, 2, 3, 2, 5, 4, 1, 0, 2, 4, 3, 5, 3, 1, 0, 3, 1, 5, 6, 12, 2, 1, 6, 12, 13, 12, 4, 2, 1, 11, 1, 12, 2, 6, 14, 12, 11, 3, 6, 3, 2, 3, 1, 2, 4, 5, 4, 2, 12, 0, 1, 9, 4, 1, 11, 12, 2, 3, 4, 5, 3, 0, 9, 11, 12, 4, 6, 2, 3, 5, 12, 15, 11, 4, 13, 7, 6, 0, 15, 12, 13, 14, 4, 1, 0, 2, 9, 6, 2, 4, 3, 6, 12, 7, 3, 6, 2, 0, 1, 0, 1, 12, 13, 1, 11, 12, 13, 1, 14, 12, 7, 2, 1, 2, 11, 4, 2, 3, 2, 1, 2, 3, 2, 4, 3, 1, 3, 5, 2, 0, 2, 1, 7, 6, 5, 6, 11, 9, 12, 0, 6, 4, 2, 1, 2, 0, 1, 0, 2, 4, 1, 0, 1, 2, 1, 2, 4, 3, 4, 6, 3, 2, 1, 3, 11, 3, 2, 3, 4, 6, 2, 1, 4, 3, 1, 3, 1, 12, 4, 3, 2, 4, 2, 0]"
dac593bd,Task7CP,CP,-319,-248,-122,14,-103,6,-319,-243,-116,13,-98,7,-342,-302,-125,28,-50,13,-323,-268,-13,26,69,13,"[13, 10, 7, 5, 0, 4, 15, 18, 19, 1, 0, 2, 4, 6, 8, 11, 10, 1, 0, 19, 3, 0, 2, 0, 18, 2, 0, 2, 4, 2, 4, 19, 18, 2, 18, 6, 5, 6, 8, 11, 13, 6, 7, 16, 11, 0, 7, 4, 0, 3, 1, 0, 12, 3, 0, 1, 5, 9, 2, 0, 2, 0, 4, 6, 2, 0, 1, 2, 0, 1, 6, 4, 3, 1, 0, 5, 7, 5, 9, 7, 1, 5, 3, 7, 3, 6, 0, 3, 1, 3, 1, 3, 1, 5, 7, 5, 1, 0, 1, 5, 7, 10, 7, 15, 8, 7, 17, 5, 7, 5, 9, 7, 5, 7, 10, 7, 10, 0, 1, 0, 3, 7, 10, 5, 1, 0, 1, 0, 1, 0, 1, 3, 1, 7, 3, 7, 5, 3, 0, 3, 5, 7, 10, 15, 10, 7, 5, 10, 1, 3, 1, 0, 7, 6, 7, 5, 7, 12, 15, 1, 12, 7, 16, 3, 1, 13, 1, 5, 3, 12, 5, 3, 1, 5, 10, 5, 7, 18, 3, 1, 7, 6, 7, 3, 1, 0, 1, 5, 3, 7, 5, 1, 0, 5, 7, 5, 1, 5, 11, 8, 10, 7, 15, 18, 19, 18, 19, 4, 7, 5, 1, 0, 2, 3, 0, 10, 15, 1, 7, 5, 15, 5, 7, 0, 7, 3, 0, 5, 3, 0, 3, 0, 10, 3, 1, 5, 0, 1, 3, 0, 3, 1, 3, 1, 5, 3, 7, 5, 9, 5, 1, 7, 10, 3, 1, 3, 1, 0, 3, 7, 10, 15, 16, 13, 16, 18, 13, 11, 6, 2, 1, 0, 1, 0, 10, 2, 0, 1, 3, 1, 16, 18, 15, 18, 4, 0, 15, 5, 1, 0, 2, 6, 4, 6, 8, 6, 5, 8, 6, 8, 7, 11, 13, 11, 8, 11, 7, 8, 11, 10, 1, 10, 7, 3, 11, 8, 4, 11, 0, 6, 11, 13, 10, 15, 18, 2, 4, 11, 0, 3, 4, 3, 7, 2, 0, 2, 4, 3, 8, 4, 2, 4, 8, 6, 3, 7, 10, 7, 5, 3, 1, 3, 7, 5, 3, 1, 3, 4, 5, 3, 18, 13, 8, 19, 18, 16, 11, 10, 7, 12, 16, 3, 4, 6, 8, 7, 3, 7]","[7, 6, 4, 3, 0, 2, 9, 11, 12, 1, 0, 1, 2, 3, 4, 6, 1, 0, 12, 2, 0, 1, 0, 11, 1, 0, 1, 2, 1, 2, 12, 11, 1, 11, 3, 4, 6, 7, 3, 4, 9, 6, 0, 4, 2, 0, 2, 1, 0, 7, 2, 0, 1, 3, 5, 1, 0, 1, 0, 2, 3, 1, 0, 1, 0, 1, 3, 2, 1, 0, 3, 4, 3, 5, 4, 1, 3, 2, 4, 2, 3, 0, 2, 1, 2, 1, 2, 1, 3, 4, 3, 1, 0, 1, 3, 4, 6, 4, 9, 4, 10, 3, 4, 3, 5, 4, 3, 4, 6, 4, 6, 0, 1, 0, 2, 4, 6, 3, 1, 0, 1, 0, 1, 0, 1, 2, 1, 4, 2, 4, 3, 2, 0, 2, 3, 4, 6, 9, 6, 4, 3, 6, 1, 2, 1, 0, 4, 3, 4, 3, 4, 7, 9, 1, 7, 4, 9, 2, 1, 7, 1, 3, 2, 7, 3, 2, 1, 3, 6, 3, 4, 11, 2, 1, 4, 3, 4, 2, 1, 0, 1, 3, 2, 4, 3, 1, 0, 3, 4, 3, 1, 3, 6, 4, 6, 4, 9, 11, 12, 11, 12, 2, 4, 3, 1, 0, 1, 2, 0, 6, 9, 1, 4, 3, 9, 3, 4, 0, 4, 2, 0, 3, 2, 0, 2, 0, 6, 2, 1, 3, 0, 1, 2, 0, 2, 1, 2, 1, 3, 2, 4, 3, 5, 3, 1, 4, 6, 2, 1, 2, 1, 0, 2, 4, 6, 9, 7, 9, 11, 7, 6, 3, 1, 0, 1, 0, 6, 1, 0, 1, 2, 1, 9, 11, 9, 11, 2, 0, 9, 3, 1, 0, 1, 3, 2, 3, 4, 3, 4, 3, 4, 6, 7, 6, 4, 6, 4, 6, 1, 6, 4, 2, 6, 4, 2, 6, 0, 3, 6, 7, 6, 9, 11, 1, 2, 6, 0, 2, 4, 1, 0, 1, 2, 4, 2, 1, 2, 4, 3, 2, 4, 6, 4, 3, 2, 1, 2, 4, 3, 2, 1, 2, 3, 2, 11, 7, 4, 12, 11, 9, 6, 4, 7, 9, 2, 3, 4, 2, 4]"
b1c5e27d,Task7CP,CP,-180,-144,-103,9,-79,4,-180,-149,-103,9,-84,4,-183,-148,-37,17,29,8,-179,-139,-23,17,53,8,"[13, 0, 5, 1, 0, 1, 3, 7, 1, 3, 5, 3, 5, 7, 10, 3, 1, 0, 1, 0, 1, 3, 1, 5, 3, 7, 3, 7, 3, 0, 5, 3, 5, 1, 5, 7, 1, 5, 3, 7, 3, 5, 3, 5, 3, 7, 9, 12, 15, 21, 18, 13, 0, 1, 19, 1, 7, 10, 18, 10, 18, 19, 10, 3, 15, 19, 5, 3, 0, 1, 0, 1, 0, 1, 3, 1, 5, 1, 3, 5, 3, 7, 5, 9, 1, 3, 7, 0, 18, 7, 5, 9, 15, 12, 10, 3, 1, 10, 3, 5, 3, 5, 3, 1, 5, 3, 10, 12, 1, 0, 9, 7, 3, 5, 10, 5, 0, 10, 3, 10, 3, 5, 3, 7, 5, 3, 0, 7, 1, 5, 7, 12, 7, 12, 3, 6, 7, 9, 16, 11, 6, 4, 2, 3, 1, 9, 15, 19, 13, 7, 6, 5, 6, 4, 0, 1, 4, 1, 3, 7, 12, 7, 20, 19, 20, 21, 19, 10, 7, 11, 9, 12, 5, 3, 10, 7, 9, 7, 10, 9, 3, 11, 8, 5, 3, 7, 10, 7, 5, 3, 10, 3, 20, 18, 11, 8, 7, 10, 9, 13, 7, 5, 7, 13, 11, 15, 7, 1, 15, 3, 10, 7, 18, 5, 7, 15, 5, 10, 11, 3, 11, 0, 1, 3, 19, 18, 19, 18, 19]","[7, 0, 3, 1, 0, 1, 2, 4, 1, 2, 3, 2, 3, 4, 6, 2, 1, 0, 1, 0, 1, 2, 1, 3, 2, 4, 2, 4, 2, 0, 3, 2, 3, 1, 3, 4, 1, 3, 2, 4, 2, 3, 2, 3, 2, 4, 5, 7, 9, 14, 11, 7, 0, 1, 12, 1, 4, 6, 11, 6, 11, 12, 6, 2, 9, 12, 3, 2, 0, 1, 0, 1, 0, 1, 2, 1, 3, 1, 2, 3, 2, 4, 3, 5, 1, 2, 4, 0, 11, 4, 3, 5, 9, 7, 6, 2, 1, 6, 2, 3, 2, 3, 2, 1, 3, 2, 6, 7, 1, 0, 5, 4, 2, 3, 6, 3, 0, 6, 2, 6, 2, 3, 2, 4, 3, 2, 0, 4, 1, 3, 4, 7, 4, 7, 2, 3, 4, 5, 9, 6, 3, 2, 1, 2, 1, 5, 9, 12, 7, 4, 3, 2, 0, 1, 2, 1, 2, 4, 7, 4, 13, 12, 13, 14, 12, 6, 4, 6, 5, 7, 3, 2, 6, 4, 5, 4, 6, 5, 2, 6, 4, 3, 2, 4, 6, 4, 3, 2, 6, 2, 13, 11, 6, 4, 6, 5, 7, 4, 3, 4, 7, 6, 9, 4, 1, 9, 2, 6, 4, 11, 3, 4, 9, 3, 6, 2, 6, 0, 1, 2, 12, 11, 12, 11, 12]"
967a04d0,Task7CP,CP,-158,-112,-78,6,-42,5,-163,-117,-78,6,-42,5,-176,-131,-61,16,26,8,-154,-104,-26,14,67,7,"[0, 2, 0, 1, 0, 2, 1, 2, 1, 2, 8, 2, 1, 3, 4, 2, 4, 6, 4, 1, 3, 5, 6, 8, 7, 8, 7, 13, 11, 8, 0, 2, 0, 2, 0, 4, 2, 0, 2, 1, 4, 2, 0, 3, 5, 6, 4, 5, 0, 1, 3, 5, 1, 2, 1, 3, 1, 3, 7, 9, 3, 7, 10, 12, 15, 19, 13, 10, 7, 10, 21, 20, 9, 12, 7, 0, 1, 10, 7, 3, 18, 10, 5, 3, 1, 5, 3, 5, 1, 7, 18, 3, 18, 3, 5, 3, 4, 2, 3, 5, 7, 3, 7, 1, 3, 10, 12, 3, 1, 3, 5, 7, 3, 1, 3, 5, 7, 8, 11, 10, 7, 3, 10, 3, 10, 12, 10, 5, 1, 5, 1, 3, 7, 15, 12, 9, 7, 5, 9, 3, 1, 0, 5, 19, 15, 10, 7, 8, 7, 8, 13, 10, 1, 5, 3, 7, 5, 3, 7, 3, 7, 3, 5, 7, 3, 5, 7, 5, 3, 7, 3, 5, 3, 5, 3, 16, 10, 3, 5, 0, 3, 5, 3, 5, 18, 10, 7, 3, 10, 3, 10, 9, 5, 15, 10, 7, 5, 9, 7, 5, 7, 3, 10, 12, 7, 10, 13, 12, 8, 7, 10, 16]","[0, 1, 0, 1, 0, 1, 4, 1, 2, 1, 2, 3, 2, 1, 2, 3, 4, 7, 6, 4, 0, 1, 0, 1, 0, 2, 1, 0, 1, 2, 1, 0, 2, 3, 2, 3, 0, 1, 2, 3, 1, 2, 1, 2, 4, 5, 2, 4, 6, 7, 9, 12, 7, 6, 4, 6, 14, 13, 5, 7, 4, 0, 1, 6, 4, 2, 11, 6, 3, 2, 1, 3, 2, 3, 1, 4, 11, 2, 11, 2, 3, 2, 1, 2, 3, 4, 2, 4, 1, 2, 6, 7, 2, 1, 2, 3, 4, 2, 1, 2, 3, 4, 6, 4, 2, 6, 2, 6, 7, 6, 3, 1, 3, 1, 2, 4, 9, 7, 5, 4, 3, 5, 2, 1, 0, 3, 12, 9, 6, 4, 7, 6, 1, 3, 2, 4, 3, 2, 4, 2, 4, 2, 3, 4, 2, 3, 4, 3, 2, 4, 2, 3, 2, 3, 2, 9, 6, 2, 3, 0, 2, 3, 2, 3, 11, 6, 4, 2, 6, 2, 6, 5, 3, 9, 6, 4, 3, 5, 4, 3, 4, 2, 6, 7, 4, 6, 7, 4, 6, 9]"
66b337a9,Task7CP,CP,-233,-182,-136,9,-87,5,-228,-177,-136,9,-82,5,-251,-201,-96,21,-27,10,-239,-184,-65,20,45,10,"[13, 6, 0, 1, 0, 2, 0, 1, 0, 18, 19, 18, 0, 1, 0, 1, 0, 1, 0, 1, 0, 18, 1, 5, 1, 2, 1, 3, 4, 2, 3, 8, 6, 4, 11, 3, 0, 1, 4, 3, 1, 0, 1, 3, 4, 6, 4, 8, 4, 1, 3, 2, 4, 6, 4, 6, 4, 5, 1, 4, 5, 19, 3, 0, 1, 7, 3, 5, 3, 9, 7, 5, 22, 18, 7, 3, 7, 5, 9, 7, 8, 11, 9, 1, 3, 1, 0, 3, 7, 10, 9, 18, 7, 10, 5, 7, 11, 10, 11, 10, 8, 11, 13, 11, 13, 11, 13, 11, 7, 5, 3, 1, 0, 6, 0, 12, 14, 13, 15, 10, 3, 18, 3, 18, 5, 7, 3, 5, 18, 5, 1, 0, 5, 1, 3, 1, 3, 5, 3, 7, 3, 5, 7, 9, 7, 5, 9, 10, 7, 10, 9, 5, 10, 9, 5, 1, 12, 10, 3, 0, 3, 1, 3, 5, 15, 3, 1, 0, 1, 7, 3, 10, 3, 9, 1, 9, 3, 1, 5, 9, 10, 7, 9, 5, 7, 9, 7, 9, 10, 9, 7, 5, 10, 7, 3, 1, 18, 1, 3, 7, 9, 12, 9, 7, 1, 7, 10, 9, 7, 9, 14, 9, 10, 18, 11, 7, 3, 1, 9, 1, 3, 5, 1, 10, 9, 7, 5, 7, 9, 7, 9, 7, 9, 3, 9, 5, 1, 3, 9, 7, 10, 9, 10, 8, 12, 9, 1, 3, 1, 0, 1, 3, 1, 3, 7, 3, 5, 1, 3, 7, 9, 3, 5, 7, 11, 10, 12, 10, 9, 3, 7, 9, 10, 11, 10, 12, 7, 12, 7, 10, 3, 0, 18, 20, 19, 16, 9]","[7, 3, 0, 1, 0, 1, 0, 1, 0, 11, 12, 11, 0, 1, 0, 1, 0, 1, 0, 1, 0, 11, 1, 3, 1, 2, 1, 2, 4, 3, 2, 6, 2, 0, 1, 2, 1, 0, 1, 2, 3, 2, 4, 2, 1, 2, 1, 2, 3, 2, 3, 2, 3, 1, 2, 3, 12, 2, 0, 1, 4, 2, 3, 2, 5, 4, 3, 15, 11, 4, 2, 4, 3, 5, 4, 6, 5, 1, 2, 1, 0, 2, 4, 6, 5, 11, 4, 6, 3, 4, 6, 4, 6, 7, 6, 7, 6, 7, 6, 4, 3, 2, 1, 0, 3, 0, 7, 8, 7, 9, 6, 2, 11, 2, 11, 3, 4, 2, 3, 11, 3, 1, 0, 3, 1, 2, 1, 2, 3, 2, 4, 2, 3, 4, 5, 4, 3, 5, 6, 4, 6, 5, 3, 6, 5, 3, 1, 7, 6, 2, 0, 2, 1, 2, 3, 9, 2, 1, 0, 1, 4, 2, 6, 2, 5, 1, 5, 2, 1, 3, 5, 6, 4, 5, 3, 4, 5, 4, 5, 6, 5, 4, 3, 6, 4, 2, 1, 11, 1, 2, 4, 5, 7, 5, 4, 1, 4, 6, 5, 4, 5, 8, 5, 6, 11, 6, 4, 2, 1, 5, 1, 2, 3, 1, 6, 5, 4, 3, 4, 5, 4, 5, 4, 5, 2, 5, 3, 1, 2, 5, 4, 6, 5, 6, 4, 7, 5, 1, 2, 1, 0, 1, 2, 1, 2, 4, 2, 3, 1, 2, 4, 5, 2, 3, 4, 6, 7, 6, 5, 2, 4, 5, 6, 7, 4, 7, 4, 6, 2, 0, 11, 13, 12, 9, 5]"
45c939e2,Task7CP,CP,-169,-93,-57,9,-8,4,-174,-88,-47,9,2,4,-192,-137,-43,15,26,9,-168,-108,2,16,84,8,"[3, 0, 18, 20, 19, 20, 21, 0, 2, 0, 2, 1, 2, 3, 1, 3, 4, 1, 3, 6, 5, 9, 4, 6, 11, 10, 13, 20, 19, 12, 5, 3, 5, 1, 0, 5, 0, 1, 5, 3, 5, 6, 5, 6, 4, 18, 3, 5, 3, 5, 7, 10, 19, 10, 11, 10, 14, 3, 10, 11, 10, 0, 10, 12, 3, 4, 10, 9, 7, 3, 1, 11, 3, 20, 18, 10, 19, 10, 19, 12, 10, 11, 10, 14, 15, 11, 6, 0, 13, 18, 9, 1, 7, 9, 4, 0, 1, 18, 1, 3, 2, 1, 18, 1, 5, 19, 3, 5, 9, 10, 19, 10, 7, 5, 6, 3, 18, 19, 7, 5, 1, 10, 19, 13, 10, 13, 11, 19, 12, 10, 5, 3, 10, 3, 10, 12, 10, 11, 7, 10, 3, 5, 1, 0, 1, 5, 3, 5, 3, 7, 10, 9, 7, 3, 18, 3, 10, 7, 5, 10, 5, 10, 3, 5, 7, 6, 5, 2, 18, 7, 18, 7, 10, 15, 19, 5, 11, 18, 20, 21, 19, 18, 22, 21, 3, 1, 3, 0, 2, 1, 0, 1, 3, 9, 0, 1, 16, 18, 20, 19, 20, 19, 12, 3, 5, 9, 5, 10, 9, 0, 12, 10, 11, 8, 11, 13, 4, 2, 1, 3, 4, 2, 4, 3, 7, 5, 10, 21, 16, 13, 5, 13, 22, 7, 1, 3, 5, 16, 21, 22, 20, 12, 18]","[2, 0, 11, 13, 12, 13, 14, 0, 1, 0, 1, 2, 1, 2, 1, 2, 3, 5, 2, 3, 6, 7, 13, 12, 7, 3, 2, 3, 1, 0, 3, 0, 1, 3, 2, 3, 2, 11, 2, 3, 2, 3, 4, 6, 12, 6, 8, 2, 6, 0, 6, 7, 2, 6, 5, 4, 2, 1, 6, 2, 13, 11, 6, 12, 6, 12, 7, 6, 8, 9, 6, 3, 0, 7, 11, 5, 1, 4, 5, 2, 0, 1, 11, 1, 2, 1, 11, 1, 3, 12, 2, 3, 5, 6, 12, 6, 4, 3, 2, 11, 12, 4, 3, 1, 6, 12, 7, 6, 7, 6, 12, 7, 6, 3, 2, 6, 2, 6, 7, 6, 4, 6, 2, 3, 1, 0, 1, 3, 2, 3, 2, 4, 6, 5, 4, 2, 11, 2, 6, 4, 3, 6, 3, 6, 2, 3, 4, 3, 1, 11, 4, 11, 4, 6, 9, 12, 3, 6, 11, 13, 14, 12, 11, 15, 14, 2, 1, 2, 0, 1, 0, 1, 2, 5, 0, 1, 9, 11, 13, 12, 13, 12, 7, 2, 3, 5, 3, 6, 5, 0, 7, 6, 4, 6, 7, 2, 1, 2, 1, 2, 4, 3, 6, 14, 9, 7, 3, 7, 15, 4, 1, 2, 3, 9, 14, 15, 13, 7, 11]"
ba88bf04,Task7CP,CP,-36,-20,-8,3,-20,1,-26,-10,2,3,-10,1,-49,-34,-30,5,-27,3,-26,-6,13,5,5,2,"[4, 3, 6, 8, 5, 2, 5, 9, 7, 8, 7, 8, 13, 12, 9, 12, 13, 16, 12, 17, 19, 20, 22, 21, 11, 4, 20, 5, 6, 5, 20, 5, 12, 20, 16, 21, 20, 12, 10, 7, 19, 21, 12, 7, 4, 5, 4, 21, 20, 10, 12, 20, 12, 13, 12, 21, 3, 2, 3, 21, 16, 20, 12, 21, 12, 7, 8, 7, 8, 12]","[2, 3, 4, 3, 1, 3, 5, 4, 7, 5, 7, 9, 7, 10, 12, 13, 15, 14, 6, 2, 13, 3, 13, 3, 7, 13, 9, 14, 13, 7, 6, 4, 12, 14, 7, 4, 2, 3, 2, 14, 13, 6, 7, 13, 7, 14, 2, 1, 2, 14, 9, 13, 7, 14, 7, 4, 7]"
782b7c64,Task7CP,CP,-193,-162,-87,10,-87,4,-188,-157,-82,10,-82,4,-206,-166,-61,16,-24,8,-192,-142,-36,17,20,8,"[5, 1, 0, 3, 0, 7, 15, 19, 13, 11, 0, 2, 1, 2, 4, 2, 4, 2, 1, 6, 4, 1, 2, 4, 6, 3, 6, 4, 3, 0, 5, 0, 3, 8, 7, 1, 5, 8, 7, 5, 1, 0, 1, 0, 2, 0, 2, 0, 1, 7, 8, 3, 7, 8, 7, 9, 8, 7, 9, 13, 10, 13, 8, 5, 2, 0, 18, 19, 18, 0, 1, 19, 7, 1, 3, 1, 4, 2, 1, 4, 2, 3, 18, 15, 3, 1, 3, 1, 7, 18, 20, 18, 12, 10, 7, 1, 0, 1, 10, 9, 3, 1, 5, 1, 3, 7, 12, 9, 3, 7, 12, 9, 7, 11, 13, 9, 3, 5, 9, 0, 1, 0, 3, 5, 7, 8, 7, 3, 7, 9, 10, 9, 18, 15, 12, 7, 5, 7, 0, 1, 18, 7, 5, 1, 3, 0, 1, 8, 1, 7, 12, 18, 3, 7, 12, 9, 3, 10, 9, 3, 7, 3, 1, 18, 10, 3, 9, 10, 7, 19, 12, 1, 3, 5, 0, 7, 9, 3, 0, 1, 12, 9, 1, 10, 0, 5, 1, 3, 7, 9, 5, 9, 5, 0, 3, 7, 9, 1, 3, 5, 1, 3, 1, 3, 1, 3, 2, 3, 11, 3, 7, 3, 1, 0, 3, 7, 10, 5, 9, 10, 1, 5, 9, 2, 3, 9, 5, 0, 7, 10, 5, 14, 18, 19, 10, 12, 10, 12, 7, 5, 16, 13]","[3, 1, 0, 2, 0, 4, 9, 12, 7, 6, 0, 1, 2, 1, 2, 1, 3, 2, 1, 2, 3, 2, 3, 2, 0, 3, 0, 2, 4, 1, 3, 4, 3, 1, 0, 1, 0, 1, 0, 1, 0, 1, 4, 2, 4, 5, 4, 5, 7, 6, 7, 4, 3, 1, 0, 11, 12, 11, 0, 1, 12, 4, 1, 2, 1, 2, 1, 2, 1, 2, 11, 9, 2, 1, 2, 1, 4, 11, 13, 11, 7, 6, 4, 1, 0, 1, 6, 5, 2, 1, 3, 1, 2, 4, 7, 5, 2, 4, 7, 5, 4, 6, 7, 5, 2, 3, 5, 0, 1, 0, 2, 3, 4, 2, 4, 5, 6, 5, 11, 9, 7, 4, 3, 4, 0, 1, 11, 4, 3, 1, 2, 0, 1, 4, 1, 4, 7, 11, 2, 4, 7, 5, 2, 6, 5, 2, 4, 2, 1, 11, 6, 2, 5, 6, 4, 12, 7, 1, 2, 3, 0, 4, 5, 2, 0, 1, 7, 5, 1, 6, 0, 3, 1, 2, 4, 5, 3, 5, 3, 0, 2, 4, 5, 1, 2, 3, 1, 2, 1, 2, 1, 2, 1, 2, 6, 2, 4, 2, 1, 0, 2, 4, 6, 3, 5, 6, 1, 3, 5, 1, 2, 5, 3, 0, 4, 6, 3, 8, 11, 12, 6, 7, 6, 7, 4, 3, 9, 7]"
4d750b0b,Task7CP,CP,-175,-144,-133,4,-104,5,-175,-149,-130,6,-99,5,-178,-138,-84,15,4,8,-174,-129,-75,15,18,8,"[11, 13, 0, 2, 1, 3, 1, 6, 2, 0, 2, 1, 7, 1, 5, 1, 3, 1, 3, 7, 3, 0, 4, 3, 5, 7, 9, 5, 7, 3, 1, 7, 0, 7, 0, 3, 15, 3, 7, 12, 7, 10, 7, 18, 5, 1, 5, 9, 7, 3, 7, 19, 22, 15, 7, 20, 19, 18, 15, 7, 3, 20, 19, 15, 3, 7, 1, 3, 15, 3, 10, 1, 5, 3, 0, 3, 0, 5, 7, 3, 7, 5, 7, 10, 7, 1, 3, 7, 3, 5, 3, 5, 7, 5, 3, 7, 5, 3, 1, 7, 1, 9, 1, 3, 7, 5, 1, 12, 5, 3, 5, 3, 1, 7, 3, 1, 3, 15, 5, 3, 1, 18, 15, 7, 5, 7, 5, 1, 5, 9, 5, 3, 1, 12, 3, 7, 1, 3, 1, 7, 5, 3, 9, 1, 7, 5, 7, 1, 7, 3, 7, 3, 5, 3, 7, 12, 7, 1, 7, 15, 11, 8, 11, 5, 4, 5, 7, 5, 13, 7, 3, 9, 7, 5, 1, 3, 7, 10, 5, 3, 1, 7, 1, 3, 0, 5, 0, 7, 0, 7, 3, 5, 3, 0, 1, 5, 1, 7, 3, 5, 3, 4, 7, 5, 3, 1, 7, 5, 7]","[6, 7, 0, 1, 2, 1, 3, 1, 0, 1, 4, 1, 3, 1, 2, 1, 2, 4, 2, 0, 2, 3, 4, 5, 3, 4, 2, 1, 4, 0, 4, 0, 2, 9, 2, 4, 7, 4, 6, 4, 11, 3, 1, 3, 5, 4, 2, 4, 12, 15, 9, 4, 13, 12, 11, 9, 4, 2, 13, 12, 9, 2, 4, 1, 2, 9, 2, 6, 1, 3, 2, 0, 2, 0, 3, 4, 2, 4, 3, 4, 6, 4, 1, 2, 4, 2, 3, 2, 3, 4, 3, 2, 4, 3, 2, 1, 4, 1, 5, 1, 2, 4, 3, 1, 7, 3, 2, 3, 2, 1, 4, 2, 1, 2, 9, 3, 2, 1, 11, 9, 4, 3, 4, 3, 1, 3, 5, 3, 2, 1, 7, 2, 4, 1, 2, 1, 4, 3, 2, 5, 1, 4, 3, 4, 1, 4, 2, 4, 2, 3, 2, 4, 7, 4, 1, 4, 9, 6, 4, 6, 3, 2, 3, 4, 3, 7, 4, 2, 5, 4, 3, 1, 2, 4, 6, 3, 2, 1, 4, 1, 2, 0, 3, 0, 4, 0, 4, 2, 3, 2, 0, 1, 3, 1, 4, 2, 3, 2, 4, 3, 2, 1, 4, 3, 4]"
1ce913d5,Task8CM,CM,0,0,0,0,0,0,0,0,0,0,0,0,-185,-116,-95,12,13,7,-185,-116,-95,12,13,7,"[9, 2, 0, 1, 0, 2, 1, 0, 1, 0, 1, 2, 3, 1, 3, 4, 3, 4, 3, 1, 0, 1, 2, 9, 7, 3, 5, 3, 1, 13, 14, 15, 3, 4, 5, 6, 4, 5, 6, 3, 4, 5, 6, 5, 6, 5, 6, 4, 6, 7, 6, 4, 5, 6, 7, 6, 4, 5, 6, 5, 6, 7, 4, 5, 6, 7, 5, 4, 6, 7, 6, 7, 6, 7, 6, 4, 6, 7, 5, 6, 5, 4, 7, 8, 6, 8, 7, 5, 7, 6, 7, 9, 8, 6, 7, 10, 8, 5, 6, 9, 5, 7, 5, 6, 5, 6, 7, 4, 7, 6, 8, 4, 7, 3, 6, 3, 7, 4, 7, 6, 5, 9, 7, 8, 6, 2, 6, 3, 7, 5, 4, 6, 7, 6, 7, 6, 7, 6, 7, 9, 7, 4, 5, 4, 5, 8, 5, 4, 5, 6, 5, 4, 6, 7, 5, 4, 5, 6, 5, 4, 6, 8, 6, 4, 5, 7, 6, 4, 6, 4, 3, 4, 5, 6, 5, 7, 8, 5, 7, 5, 4, 6, 9, 7, 4, 2, 4, 10, 5, 4, 5, 10, 6, 13, 7, 5, 6, 4, 5, 4, 5, 4, 6, 5, 4, 2, 4, 5, 4, 5, 4, 5, 4, 5, 9, 7, 6, 4, 5, 10]","[9, 2, 0, 1, 0, 2, 1, 0, 1, 0, 1, 2, 3, 1, 3, 4, 3, 4, 3, 1, 0, 1, 2, 9, 7, 3, 5, 3, 1, 13, 14, 15, 3, 4, 5, 6, 4, 5, 6, 3, 4, 5, 6, 5, 6, 5, 6, 4, 6, 7, 6, 4, 5, 6, 7, 6, 4, 5, 6, 5, 6, 7, 4, 5, 6, 7, 5, 4, 6, 7, 6, 7, 6, 7, 6, 4, 6, 7, 5, 6, 5, 4, 7, 8, 6, 8, 7, 5, 7, 6, 7, 9, 8, 6, 7, 10, 8, 5, 6, 9, 5, 7, 5, 6, 5, 6, 7, 4, 7, 6, 8, 4, 7, 3, 6, 3, 7, 4, 7, 6, 5, 9, 7, 8, 6, 2, 6, 3, 7, 5, 4, 6, 7, 6, 7, 6, 7, 6, 7, 9, 7, 4, 5, 4, 5, 8, 5, 4, 5, 6, 5, 4, 6, 7, 5, 4, 5, 6, 5, 4, 6, 8, 6, 4, 5, 7, 6, 4, 6, 4, 3, 4, 5, 6, 5, 7, 8, 5, 7, 5, 4, 6, 9, 7, 4, 2, 4, 10, 5, 4, 5, 10, 6, 13, 7, 5, 6, 4, 5, 4, 5, 4, 6, 5, 4, 2, 4, 5, 4, 5, 4, 5, 4, 5, 9, 7, 6, 4, 5, 10]"
9679a6e6,Task8CM,CM,0,0,0,0,0,0,0,0,0,0,0,0,-36,-7,-6,4,-3,2,-36,-7,-6,4,-3,2,"[8, 4, 1, 0, 2, 0, 4, 13, 0, 13, 0, 2, 1, 2, 0, 1, 3, 1, 4, 5, 4, 3, 4, 5, 6, 5, 6, 5, 6, 5, 4, 6, 5, 6, 8, 5, 7, 8, 6, 7, 5, 4, 5, 4, 5, 4, 5, 4, 5, 2, 4, 7, 6, 5, 6, 7, 5, 7, 9, 3, 13, 6, 7, 4, 6, 7, 9, 8, 7, 9, 13]","[8, 4, 1, 0, 2, 0, 4, 13, 0, 13, 0, 2, 1, 2, 0, 1, 3, 1, 4, 5, 4, 3, 4, 5, 6, 5, 6, 5, 6, 5, 4, 6, 5, 6, 8, 5, 7, 8, 6, 7, 5, 4, 5, 4, 5, 4, 5, 4, 5, 2, 4, 7, 6, 5, 6, 7, 5, 7, 9, 3, 13, 6, 7, 4, 6, 7, 9, 8, 7, 9, 13]"
625d844e,Task8CM,CM,0,0,0,0,0,0,0,0,0,0,0,0,-245,-166,-50,16,-3,8,-245,-166,-50,16,-3,8,"[8, 7, 1, 0, 15, 11, 12, 13, 14, 13, 15, 16, 13, 6, 9, 4, 1, 0, 13, 1, 0, 1, 13, 2, 1, 2, 1, 0, 3, 4, 3, 0, 4, 3, 0, 11, 1, 0, 4, 3, 4, 6, 5, 6, 7, 6, 5, 6, 5, 6, 5, 4, 3, 4, 5, 6, 5, 6, 7, 6, 7, 4, 3, 2, 0, 1, 4, 2, 1, 0, 5, 3, 4, 3, 4, 5, 15, 4, 11, 4, 6, 5, 4, 5, 7, 5, 6, 5, 7, 6, 5, 9, 8, 11, 7, 6, 5, 6, 7, 6, 5, 4, 2, 4, 7, 5, 4, 2, 4, 7, 4, 5, 4, 6, 5, 8, 6, 5, 2, 5, 4, 5, 4, 9, 4, 5, 6, 5, 6, 7, 8, 4, 6, 5, 4, 6, 4, 8, 5, 4, 0, 5, 4, 5, 7, 5, 4, 6, 5, 6, 13, 11, 6, 5, 9, 6, 5, 6, 8, 6, 11, 13, 7, 6, 7, 5, 8, 6, 13, 2, 0, 1, 8, 4, 1, 6, 9, 7, 5, 8, 5, 7, 4, 8, 3, 4, 5, 4, 6, 4, 5, 6, 8, 7, 5, 9, 7, 5, 6, 4, 5, 4, 5, 4, 5, 3, 5, 4, 0, 5, 6, 10, 11, 6, 7, 9, 11, 9, 8, 7, 5, 6, 15, 9, 8, 15, 8, 4, 5, 6, 7, 9, 11, 13, 14, 8, 5, 6, 5, 7, 5, 9, 7, 4, 7, 10, 5, 6, 5, 6, 7, 5, 7, 8, 7, 6, 5, 4, 2, 1, 5, 4, 2, 4, 5, 4, 7, 4, 6, 4, 5, 6, 4, 5, 4, 5, 10, 13, 7, 5, 8, 13, 8, 7, 6, 5, 2, 0, 11, 13]","[8, 7, 1, 0, 15, 11, 12, 13, 14, 13, 15, 16, 13, 6, 9, 4, 1, 0, 13, 1, 0, 1, 13, 2, 1, 2, 1, 0, 3, 4, 3, 0, 4, 3, 0, 11, 1, 0, 4, 3, 4, 6, 5, 6, 7, 6, 5, 6, 5, 6, 5, 4, 3, 4, 5, 6, 5, 6, 7, 6, 7, 4, 3, 2, 0, 1, 4, 2, 1, 0, 5, 3, 4, 3, 4, 5, 15, 4, 11, 4, 6, 5, 4, 5, 7, 5, 6, 5, 7, 6, 5, 9, 8, 11, 7, 6, 5, 6, 7, 6, 5, 4, 2, 4, 7, 5, 4, 2, 4, 7, 4, 5, 4, 6, 5, 8, 6, 5, 2, 5, 4, 5, 4, 9, 4, 5, 6, 5, 6, 7, 8, 4, 6, 5, 4, 6, 4, 8, 5, 4, 0, 5, 4, 5, 7, 5, 4, 6, 5, 6, 13, 11, 6, 5, 9, 6, 5, 6, 8, 6, 11, 13, 7, 6, 7, 5, 8, 6, 13, 2, 0, 1, 8, 4, 1, 6, 9, 7, 5, 8, 5, 7, 4, 8, 3, 4, 5, 4, 6, 4, 5, 6, 8, 7, 5, 9, 7, 5, 6, 4, 5, 4, 5, 4, 5, 3, 5, 4, 0, 5, 6, 10, 11, 6, 7, 9, 11, 9, 8, 7, 5, 6, 15, 9, 8, 15, 8, 4, 5, 6, 7, 9, 11, 13, 14, 8, 5, 6, 5, 7, 5, 9, 7, 4, 7, 10, 5, 6, 5, 6, 7, 5, 7, 8, 7, 6, 5, 4, 2, 1, 5, 4, 2, 4, 5, 4, 7, 4, 6, 4, 5, 6, 4, 5, 4, 5, 10, 13, 7, 5, 8, 13, 8, 7, 6, 5, 2, 0, 11, 13]"
1de0f518,Task8CM,CM,0,0,0,0,0,0,0,0,0,0,0,0,-147,-83,-47,12,23,5,-147,-83,-47,12,23,5,"[8, 7, 3, 12, 11, 9, 1, 4, 13, 16, 13, 11, 13, 14, 13, 8, 2, 3, 4, 1, 4, 5, 2, 4, 2, 5, 2, 4, 5, 4, 2, 5, 4, 5, 4, 6, 5, 6, 2, 6, 3, 4, 6, 7, 5, 3, 6, 7, 5, 2, 4, 2, 5, 7, 4, 5, 6, 7, 2, 8, 7, 4, 2, 3, 4, 6, 4, 5, 4, 3, 4, 8, 4, 1, 4, 5, 6, 7, 5, 6, 5, 4, 5, 7, 5, 6, 5, 6, 5, 6, 7, 5, 8, 5, 6, 4, 6, 7, 5, 7, 5, 6, 4, 5, 9, 4, 7, 8, 7, 5, 4, 5, 6, 7, 6, 7, 6, 4, 8, 6, 5, 6, 2, 5, 7, 5, 8, 7, 3, 1, 5, 7, 4, 5, 13, 6, 4, 5, 6, 2, 9, 7, 6, 5, 6, 5, 6, 7, 6, 7, 6, 7, 6, 5, 6, 7, 5, 6, 7, 5, 6, 7, 2, 5, 4, 7, 9, 7, 6, 8, 9, 8, 5, 6, 5, 8, 7, 4, 8, 7, 9, 7, 8, 9, 11, 13, 14]","[8, 7, 3, 12, 11, 9, 1, 4, 13, 16, 13, 11, 13, 14, 13, 8, 2, 3, 4, 1, 4, 5, 2, 4, 2, 5, 2, 4, 5, 4, 2, 5, 4, 5, 4, 6, 5, 6, 2, 6, 3, 4, 6, 7, 5, 3, 6, 7, 5, 2, 4, 2, 5, 7, 4, 5, 6, 7, 2, 8, 7, 4, 2, 3, 4, 6, 4, 5, 4, 3, 4, 8, 4, 1, 4, 5, 6, 7, 5, 6, 5, 4, 5, 7, 5, 6, 5, 6, 5, 6, 7, 5, 8, 5, 6, 4, 6, 7, 5, 7, 5, 6, 4, 5, 9, 4, 7, 8, 7, 5, 4, 5, 6, 7, 6, 7, 6, 4, 8, 6, 5, 6, 2, 5, 7, 5, 8, 7, 3, 1, 5, 7, 4, 5, 13, 6, 4, 5, 6, 2, 9, 7, 6, 5, 6, 5, 6, 7, 6, 7, 6, 7, 6, 5, 6, 7, 5, 6, 7, 5, 6, 7, 2, 5, 4, 7, 9, 7, 6, 8, 9, 8, 5, 6, 5, 8, 7, 4, 8, 7, 9, 7, 8, 9, 11, 13, 14]"
1d1071e4,Task8CM,CM,0,0,0,0,0,0,0,0,0,0,0,0,-558,-479,-223,30,170,17,-558,-479,-223,30,170,17,"[8, 9, 6, 0, 13, 14, 13, 14, 13, 15, 14, 15, 14, 13, 14, 13, 15, 14, 13, 0, 2, 8, 6, 3, 4, 2, 3, 4, 5, 6, 7, 5, 4, 5, 4, 5, 6, 5, 6, 5, 6, 5, 7, 6, 7, 5, 4, 6, 7, 8, 7, 6, 5, 7, 6, 5, 6, 5, 4, 5, 6, 7, 6, 7, 5, 6, 5, 7, 5, 3, 2, 5, 7, 6, 4, 5, 6, 7, 5, 3, 6, 5, 7, 6, 7, 6, 8, 6, 5, 6, 7, 6, 5, 6, 7, 8, 7, 8, 7, 6, 5, 6, 4, 5, 4, 5, 6, 5, 4, 5, 4, 2, 4, 5, 6, 5, 7, 6, 8, 6, 5, 6, 7, 8, 9, 7, 8, 6, 5, 4, 6, 5, 6, 5, 6, 0, 1, 5, 4, 6, 5, 6, 5, 7, 5, 4, 2, 4, 6, 5, 7, 5, 1, 2, 6, 5, 4, 2, 5, 6, 5, 6, 7, 8, 6, 7, 4, 5, 6, 5, 4, 2, 6, 5, 4, 5, 6, 5, 6, 8, 9, 8, 6, 5, 6, 8, 6, 5, 6, 5, 9, 7, 6, 7, 6, 8, 7, 8, 7, 8, 7, 9, 8, 7, 5, 9, 8, 6, 4, 5, 4, 5, 7, 4, 5, 6, 14, 13, 11, 5, 6, 4, 5, 4, 6, 5, 4, 5, 6, 5, 6, 5, 6, 5, 2, 6, 5, 7, 5, 6, 5, 4, 5, 4, 5, 7, 5, 6, 5, 8, 6, 7, 8, 7, 6, 7, 6, 5, 2, 4, 6, 5, 6, 7, 6, 5, 1, 2, 4, 7, 8, 7, 6, 5, 6, 4, 2, 6, 4, 5, 6, 7, 6, 5, 6, 5, 6, 5, 7, 6, 5, 6, 5, 6, 5, 4, 6, 4, 5, 6, 7, 6, 7, 6, 8, 7, 8, 6, 5, 6, 5, 7, 6, 4, 5, 6, 5, 4, 5, 6, 5, 6, 4, 3, 4, 5, 6, 2, 6, 7, 8, 7, 6, 5, 6, 8, 7, 6, 5, 4, 6, 5, 6, 5, 6, 5, 6, 7, 6, 8, 7, 6, 7, 6, 5, 7, 6, 5, 6, 7, 6, 7, 6, 5, 7, 5, 7, 5, 6, 4, 6, 5, 7, 5, 7, 5, 7, 8, 6, 7, 6, 8, 6, 5, 11, 6, 5, 7, 5, 4, 2, 5, 6, 7, 6, 5, 6, 5, 6, 5, 7, 6, 8, 7, 6, 4, 6, 5, 6, 7, 6, 7, 4, 6, 7, 6, 7, 8, 4, 6, 9, 6, 4, 5, 4, 5, 7, 5, 7, 6, 5, 6, 7, 11, 5, 4, 2, 6, 7, 6, 7, 6, 5, 7, 6, 7, 6, 7, 5, 6, 5, 6, 7, 6, 5, 6, 5, 6, 8, 6, 7, 5, 6, 5, 6, 8, 6, 7, 6, 5, 6, 4, 9, 7, 6, 5, 6, 5, 6, 7, 9, 8, 6, 5, 4, 5, 6, 5, 4, 5, 4, 5, 6, 4, 5, 6, 5, 4, 6, 9, 7, 5, 4, 14, 13, 14, 15, 14, 9, 8, 9, 5, 4, 7, 9, 8, 7, 8, 6, 7, 5, 6, 5, 6, 7, 8, 7, 10, 8, 9, 8, 9, 4, 6, 4, 5, 6, 5, 4, 5, 6, 7, 6, 5, 6, 5, 7, 8, 7, 6, 7, 6, 5, 6, 8, 7, 9, 7, 6, 7, 13, 6, 5, 4, 5, 6, 5, 6, 4, 5, 6, 5, 6, 7, 6, 7, 9, 8, 7, 8, 7, 5, 8, 6, 7, 6, 8, 9, 8, 7, 8, 9, 7, 8, 7, 8, 6, 8, 11, 9, 8, 7, 6, 7, 9, 8, 13, 8]","[8, 9, 6, 0, 13, 14, 13, 14, 13, 15, 14, 15, 14, 13, 14, 13, 15, 14, 13, 0, 2, 8, 6, 3, 4, 2, 3, 4, 5, 6, 7, 5, 4, 5, 4, 5, 6, 5, 6, 5, 6, 5, 7, 6, 7, 5, 4, 6, 7, 8, 7, 6, 5, 7, 6, 5, 6, 5, 4, 5, 6, 7, 6, 7, 5, 6, 5, 7, 5, 3, 2, 5, 7, 6, 4, 5, 6, 7, 5, 3, 6, 5, 7, 6, 7, 6, 8, 6, 5, 6, 7, 6, 5, 6, 7, 8, 7, 8, 7, 6, 5, 6, 4, 5, 4, 5, 6, 5, 4, 5, 4, 2, 4, 5, 6, 5, 7, 6, 8, 6, 5, 6, 7, 8, 9, 7, 8, 6, 5, 4, 6, 5, 6, 5, 6, 0, 1, 5, 4, 6, 5, 6, 5, 7, 5, 4, 2, 4, 6, 5, 7, 5, 1, 2, 6, 5, 4, 2, 5, 6, 5, 6, 7, 8, 6, 7, 4, 5, 6, 5, 4, 2, 6, 5, 4, 5, 6, 5, 6, 8, 9, 8, 6, 5, 6, 8, 6, 5, 6, 5, 9, 7, 6, 7, 6, 8, 7, 8, 7, 8, 7, 9, 8, 7, 5, 9, 8, 6, 4, 5, 4, 5, 7, 4, 5, 6, 14, 13, 11, 5, 6, 4, 5, 4, 6, 5, 4, 5, 6, 5, 6, 5, 6, 5, 2, 6, 5, 7, 5, 6, 5, 4, 5, 4, 5, 7, 5, 6, 5, 8, 6, 7, 8, 7, 6, 7, 6, 5, 2, 4, 6, 5, 6, 7, 6, 5, 1, 2, 4, 7, 8, 7, 6, 5, 6, 4, 2, 6, 4, 5, 6, 7, 6, 5, 6, 5, 6, 5, 7, 6, 5, 6, 5, 6, 5, 4, 6, 4, 5, 6, 7, 6, 7, 6, 8, 7, 8, 6, 5, 6, 5, 7, 6, 4, 5, 6, 5, 4, 5, 6, 5, 6, 4, 3, 4, 5, 6, 2, 6, 7, 8, 7, 6, 5, 6, 8, 7, 6, 5, 4, 6, 5, 6, 5, 6, 5, 6, 7, 6, 8, 7, 6, 7, 6, 5, 7, 6, 5, 6, 7, 6, 7, 6, 5, 7, 5, 7, 5, 6, 4, 6, 5, 7, 5, 7, 5, 7, 8, 6, 7, 6, 8, 6, 5, 11, 6, 5, 7, 5, 4, 2, 5, 6, 7, 6, 5, 6, 5, 6, 5, 7, 6, 8, 7, 6, 4, 6, 5, 6, 7, 6, 7, 4, 6, 7, 6, 7, 8, 4, 6, 9, 6, 4, 5, 4, 5, 7, 5, 7, 6, 5, 6, 7, 11, 5, 4, 2, 6, 7, 6, 7, 6, 5, 7, 6, 7, 6, 7, 5, 6, 5, 6, 7, 6, 5, 6, 5, 6, 8, 6, 7, 5, 6, 5, 6, 8, 6, 7, 6, 5, 6, 4, 9, 7, 6, 5, 6, 5, 6, 7, 9, 8, 6, 5, 4, 5, 6, 5, 4, 5, 4, 5, 6, 4, 5, 6, 5, 4, 6, 9, 7, 5, 4, 14, 13, 14, 15, 14, 9, 8, 9, 5, 4, 7, 9, 8, 7, 8, 6, 7, 5, 6, 5, 6, 7, 8, 7, 10, 8, 9, 8, 9, 4, 6, 4, 5, 6, 5, 4, 5, 6, 7, 6, 5, 6, 5, 7, 8, 7, 6, 7, 6, 5, 6, 8, 7, 9, 7, 6, 7, 13, 6, 5, 4, 5, 6, 5, 6, 4, 5, 6, 5, 6, 7, 6, 7, 9, 8, 7, 8, 7, 5, 8, 6, 7, 6, 8, 9, 8, 7, 8, 9, 7, 8, 7, 8, 6, 8, 11, 9, 8, 7, 6, 7, 9, 8, 13, 8]"
cb039d67,Task8CM,CM,0,0,0,0,0,0,0,0,0,0,0,0,-160,-81,-50,8,29,6,-160,-81,-50,8,29,6,"[8, 9, 6, 5, 0, 2, 6, 13, 14, 9, 0, 14, 13, 14, 5, 0, 1, 5, 0, 1, 0, 1, 0, 1, 13, 0, 4, 5, 7, 13, 3, 14, 15, 14, 15, 3, 5, 6, 5, 4, 5, 4, 5, 4, 5, 4, 0, 13, 4, 5, 4, 5, 6, 5, 4, 5, 6, 4, 3, 5, 3, 0, 5, 7, 6, 9, 4, 0, 13, 4, 0, 3, 8, 6, 16, 5, 10, 11, 10, 5, 6, 5, 7, 6, 5, 4, 3, 6, 3, 4, 7, 6, 5, 8, 7, 6, 8, 7, 6, 7, 9, 7, 5, 4, 8, 6, 7, 5, 4, 6, 7, 5, 6, 7, 6, 11, 9, 7, 6, 8, 7, 9, 11, 8, 9, 7, 4, 3, 11, 5, 4, 5, 4, 8, 7, 5, 6, 4, 6, 9, 8, 6, 11, 10, 9, 6, 7, 6, 17, 8, 6, 8, 7, 5, 8, 5, 6, 5, 6, 5, 6, 5, 6, 7, 6, 8, 7, 6, 5, 7, 6, 7, 9, 7, 16, 8, 6, 5, 10, 13, 9, 7, 8, 6, 7, 9, 6, 7, 8, 7, 9, 11, 8, 9, 13]","[8, 9, 6, 5, 0, 2, 6, 13, 14, 9, 0, 14, 13, 14, 5, 0, 1, 5, 0, 1, 0, 1, 0, 1, 13, 0, 4, 5, 7, 13, 3, 14, 15, 14, 15, 3, 5, 6, 5, 4, 5, 4, 5, 4, 5, 4, 0, 13, 4, 5, 4, 5, 6, 5, 4, 5, 6, 4, 3, 5, 3, 0, 5, 7, 6, 9, 4, 0, 13, 4, 0, 3, 8, 6, 16, 5, 10, 11, 10, 5, 6, 5, 7, 6, 5, 4, 3, 6, 3, 4, 7, 6, 5, 8, 7, 6, 8, 7, 6, 7, 9, 7, 5, 4, 8, 6, 7, 5, 4, 6, 7, 5, 6, 7, 6, 11, 9, 7, 6, 8, 7, 9, 11, 8, 9, 7, 4, 3, 11, 5, 4, 5, 4, 8, 7, 5, 6, 4, 6, 9, 8, 6, 11, 10, 9, 6, 7, 6, 17, 8, 6, 8, 7, 5, 8, 5, 6, 5, 6, 5, 6, 5, 6, 7, 6, 8, 7, 6, 5, 7, 6, 7, 9, 7, 16, 8, 6, 5, 10, 13, 9, 7, 8, 6, 7, 9, 6, 7, 8, 7, 9, 11, 8, 9, 13]"
5e4ae544,Task8CM,CM,0,0,0,0,0,0,0,0,0,0,0,0,-107,-53,-52,7,24,4,-107,-53,-52,7,24,4,"[9, 8, 0, 4, 2, 0, 2, 0, 4, 1, 0, 1, 0, 1, 0, 1, 3, 0, 3, 0, 2, 1, 3, 4, 5, 4, 2, 1, 0, 5, 4, 0, 4, 5, 0, 5, 6, 1, 6, 14, 13, 11, 7, 8, 9, 5, 4, 5, 6, 4, 6, 2, 3, 4, 5, 6, 5, 8, 5, 6, 8, 6, 7, 6, 7, 6, 7, 8, 7, 5, 7, 5, 6, 4, 6, 9, 7, 8, 5, 6, 7, 4, 6, 7, 9, 6, 7, 9, 13, 9, 13, 7, 6, 7, 5, 6, 7, 6, 9, 11, 7, 5, 9, 8, 6, 3, 4, 8, 6, 5, 7, 5, 7, 5, 4, 5, 7, 8, 11, 8, 7, 6, 5, 6, 5, 6, 7, 8, 6, 8, 7, 5, 6, 7, 6, 5, 6, 8, 6, 5, 6, 7]","[9, 8, 0, 4, 2, 0, 2, 0, 4, 1, 0, 1, 0, 1, 0, 1, 3, 0, 3, 0, 2, 1, 3, 4, 5, 4, 2, 1, 0, 5, 4, 0, 4, 5, 0, 5, 6, 1, 6, 14, 13, 11, 7, 8, 9, 5, 4, 5, 6, 4, 6, 2, 3, 4, 5, 6, 5, 8, 5, 6, 8, 6, 7, 6, 7, 6, 7, 8, 7, 5, 7, 5, 6, 4, 6, 9, 7, 8, 5, 6, 7, 4, 6, 7, 9, 6, 7, 9, 13, 9, 13, 7, 6, 7, 5, 6, 7, 6, 9, 11, 7, 5, 9, 8, 6, 3, 4, 8, 6, 5, 7, 5, 7, 5, 4, 5, 7, 8, 11, 8, 7, 6, 5, 6, 5, 6, 7, 8, 6, 8, 7, 5, 6, 7, 6, 5, 6, 8, 6, 5, 6, 7]"
dfab1ede,Task8CM,CM,0,0,0,0,0,0,0,0,0,0,0,0,-127,-88,-27,9,-36,4,-127,-88,-27,9,-36,4,"[8, 0, 11, 4, 1, 0, 2, 0, 1, 2, 3, 4, 5, 7, 1, 0, 2, 0, 13, 14, 13, 0, 3, 2, 1, 4, 0, 2, 16, 2, 1, 2, 8, 4, 2, 9, 4, 1, 7, 6, 5, 6, 5, 6, 4, 6, 4, 6, 5, 7, 6, 5, 7, 5, 8, 7, 6, 7, 5, 6, 3, 4, 2, 4, 5, 6, 7, 4, 5, 1, 4, 0, 2, 3, 7, 6, 5, 8, 5, 7, 6, 5, 6, 5, 6, 5, 8, 4, 2, 3, 5, 6, 5, 4, 5, 2, 4, 0, 2, 3, 2, 5, 2, 4, 5, 4, 6, 2, 6, 5, 4, 5, 8, 6, 7, 8, 5, 7, 5, 4, 6, 5, 7, 8, 11, 4, 0, 6, 5, 4, 5, 4, 6, 5, 6, 4, 5, 2, 6, 2, 4, 2, 5, 4, 5, 8, 4, 7, 9, 2, 4, 11, 4, 5, 4, 7, 4, 13, 4, 2, 4, 2, 4, 6, 4, 5, 4, 7, 4, 3, 6, 13, 15, 13, 14, 13, 15]","[8, 0, 11, 4, 1, 0, 2, 0, 1, 2, 3, 4, 5, 7, 1, 0, 2, 0, 13, 14, 13, 0, 3, 2, 1, 4, 0, 2, 16, 2, 1, 2, 8, 4, 2, 9, 4, 1, 7, 6, 5, 6, 5, 6, 4, 6, 4, 6, 5, 7, 6, 5, 7, 5, 8, 7, 6, 7, 5, 6, 3, 4, 2, 4, 5, 6, 7, 4, 5, 1, 4, 0, 2, 3, 7, 6, 5, 8, 5, 7, 6, 5, 6, 5, 6, 5, 8, 4, 2, 3, 5, 6, 5, 4, 5, 2, 4, 0, 2, 3, 2, 5, 2, 4, 5, 4, 6, 2, 6, 5, 4, 5, 8, 6, 7, 8, 5, 7, 5, 4, 6, 5, 7, 8, 11, 4, 0, 6, 5, 4, 5, 4, 6, 5, 6, 4, 5, 2, 6, 2, 4, 2, 5, 4, 5, 8, 4, 7, 9, 2, 4, 11, 4, 5, 4, 7, 4, 13, 4, 2, 4, 2, 4, 6, 4, 5, 4, 7, 4, 3, 6, 13, 15, 13, 14, 13, 15]"
9a43cae5,Task8CM,CM,0,0,0,0,0,0,0,0,0,0,0,0,-147,-78,-52,9,23,5,-147,-78,-52,9,23,5,"[8, 0, 1, 3, 13, 0, 2, 3, 0, 3, 4, 7, 3, 4, 1, 0, 4, 5, 3, 7, 9, 11, 8, 7, 6, 5, 3, 4, 5, 4, 2, 0, 4, 5, 4, 5, 4, 3, 4, 5, 2, 5, 3, 5, 4, 3, 5, 6, 5, 6, 3, 6, 2, 5, 6, 7, 5, 6, 7, 6, 5, 6, 5, 6, 9, 7, 9, 6, 5, 4, 5, 4, 6, 5, 4, 5, 4, 5, 4, 5, 6, 5, 7, 6, 7, 5, 4, 5, 6, 5, 3, 6, 8, 6, 9, 8, 6, 5, 4, 5, 7, 10, 9, 3, 6, 7, 6, 5, 7, 4, 2, 4, 5, 7, 6, 4, 0, 6, 4, 3, 5, 9, 6, 5, 2, 7, 6, 7, 6, 5, 6, 7, 6, 8, 5, 6, 0, 5, 6, 7, 6, 2, 4, 7, 8, 9, 7, 5, 6, 7, 5, 0, 6, 5, 3, 6, 5, 9, 8, 0, 3, 7, 5, 6, 5, 6, 8, 7, 5, 8, 5, 9, 4, 5, 6, 5, 7, 6, 7, 6, 13, 11]","[8, 0, 1, 3, 13, 0, 2, 3, 0, 3, 4, 7, 3, 4, 1, 0, 4, 5, 3, 7, 9, 11, 8, 7, 6, 5, 3, 4, 5, 4, 2, 0, 4, 5, 4, 5, 4, 3, 4, 5, 2, 5, 3, 5, 4, 3, 5, 6, 5, 6, 3, 6, 2, 5, 6, 7, 5, 6, 7, 6, 5, 6, 5, 6, 9, 7, 9, 6, 5, 4, 5, 4, 6, 5, 4, 5, 4, 5, 4, 5, 6, 5, 7, 6, 7, 5, 4, 5, 6, 5, 3, 6, 8, 6, 9, 8, 6, 5, 4, 5, 7, 10, 9, 3, 6, 7, 6, 5, 7, 4, 2, 4, 5, 7, 6, 4, 0, 6, 4, 3, 5, 9, 6, 5, 2, 7, 6, 7, 6, 5, 6, 7, 6, 8, 5, 6, 0, 5, 6, 7, 6, 2, 4, 7, 8, 9, 7, 5, 6, 7, 5, 0, 6, 5, 3, 6, 5, 9, 8, 0, 3, 7, 5, 6, 5, 6, 8, 7, 5, 8, 5, 9, 4, 5, 6, 5, 7, 6, 7, 6, 13, 11]"
66310afd,Task8CM,CM,0,0,0,0,0,0,0,0,0,0,0,0,-158,-94,-68,10,96,6,-158,-94,-68,10,96,6,"[8, 9, 1, 0, 13, 5, 0, 2, 3, 1, 13, 3, 4, 5, 4, 5, 6, 5, 6, 5, 4, 6, 5, 4, 6, 4, 6, 5, 7, 5, 4, 6, 7, 5, 3, 7, 6, 4, 6, 7, 6, 4, 7, 8, 6, 2, 6, 7, 6, 7, 6, 5, 7, 5, 7, 4, 6, 7, 6, 5, 7, 4, 8, 4, 6, 4, 6, 4, 7, 6, 4, 6, 7, 8, 7, 6, 4, 6, 7, 6, 8, 6, 7, 6, 4, 6, 7, 6, 7, 5, 6, 4, 6, 4, 5, 7, 8, 6, 7, 9, 6, 2, 5, 6, 7, 8, 9, 8, 7, 5, 7, 4, 7, 8, 7, 8, 4, 8, 6, 5, 6, 9, 6, 8, 6, 7, 5, 6, 5, 6, 5, 6, 13, 6, 7, 8, 7, 6, 5, 6, 5, 6, 7, 9, 11, 9, 7, 6, 7, 6, 7, 6, 7, 6, 7, 6, 7, 6, 7, 5, 6, 7, 9, 8, 7, 8, 11, 8, 7, 6, 7, 6, 7, 4, 8, 6, 8, 7, 6, 8, 6, 7, 6, 7, 9, 8, 7, 5, 6, 8, 9, 8, 9, 7, 6, 4, 5, 11, 13, 14, 8, 9, 8]","[8, 9, 1, 0, 13, 5, 0, 2, 3, 1, 13, 3, 4, 5, 4, 5, 6, 5, 6, 5, 4, 6, 5, 4, 6, 4, 6, 5, 7, 5, 4, 6, 7, 5, 3, 7, 6, 4, 6, 7, 6, 4, 7, 8, 6, 2, 6, 7, 6, 7, 6, 5, 7, 5, 7, 4, 6, 7, 6, 5, 7, 4, 8, 4, 6, 4, 6, 4, 7, 6, 4, 6, 7, 8, 7, 6, 4, 6, 7, 6, 8, 6, 7, 6, 4, 6, 7, 6, 7, 5, 6, 4, 6, 4, 5, 7, 8, 6, 7, 9, 6, 2, 5, 6, 7, 8, 9, 8, 7, 5, 7, 4, 7, 8, 7, 8, 4, 8, 6, 5, 6, 9, 6, 8, 6, 7, 5, 6, 5, 6, 5, 6, 13, 6, 7, 8, 7, 6, 5, 6, 5, 6, 7, 9, 11, 9, 7, 6, 7, 6, 7, 6, 7, 6, 7, 6, 7, 6, 7, 5, 6, 7, 9, 8, 7, 8, 11, 8, 7, 6, 7, 6, 7, 4, 8, 6, 8, 7, 6, 8, 6, 7, 6, 7, 9, 8, 7, 5, 6, 8, 9, 8, 9, 7, 6, 4, 5, 11, 13, 14, 8, 9, 8]"
615db7bf,Task8CP,CP,-373,-339,-269,8,-261,4,-373,-339,-260,10,-266,4,-390,-336,-255,13,-231,6,-376,-317,-191,17,-125,9,"[16, 14, 1, 0, 1, 0, 1, 0, 1, 3, 1, 3, 1, 0, 1, 2, 0, 1, 17, 18, 1, 0, 1, 0, 2, 0, 1, 7, 4, 1, 0, 1, 2, 4, 5, 3, 4, 0, 4, 1, 2, 4, 5, 2, 5, 3, 6, 3, 6, 3, 4, 2, 4, 6, 3, 6, 5, 4, 5, 6, 8, 6, 8, 5, 7, 5, 4, 1, 0, 1, 0, 7, 6, 8, 7, 8, 6, 8, 6, 3, 8, 6, 8, 5, 7, 9, 7, 9, 5, 9, 7, 5, 9, 10, 12, 10, 8, 10, 8, 10, 12, 8, 12, 6, 8, 12, 14, 12, 16, 12, 16, 12, 16, 21, 17, 18, 15, 11, 15, 11, 15, 17, 13, 9, 13, 4, 1, 4, 0, 1, 11, 21, 22, 21, 7, 1, 0, 1, 0, 1, 4, 5, 4, 7, 1, 7, 5, 7, 6, 7, 9, 7, 5, 9, 7, 5, 7, 9, 5, 7, 9, 11, 4, 11, 5, 11, 9, 5, 9, 5, 11, 5, 11, 13, 15, 11, 7, 1, 9, 4, 5, 4, 9, 7, 5, 7, 11, 9, 7, 10, 3, 6, 3, 6, 8, 6, 10, 8, 6, 8, 12, 10, 8, 10, 8, 10, 6, 12, 14, 10, 8, 6, 8, 10, 6, 10, 6, 10, 6, 10, 6, 10, 12, 6, 10, 12, 14, 16, 12, 14, 16, 10, 8, 10, 12, 6, 8, 10, 6, 10, 6, 10, 8, 2, 1, 4, 1, 5, 17, 15, 21, 18, 5, 2, 1, 2, 4, 1, 0, 1, 0, 2, 1, 0, 2, 0, 1, 4, 1, 0, 2, 3, 6, 0, 3, 6, 0, 3, 0, 7, 11, 7, 9, 5, 7, 11, 9, 5, 7, 11, 7, 9, 5, 9, 4, 5, 2, 5, 2, 5, 2, 4, 2, 4, 2, 5, 11, 7, 5, 2, 5, 7, 2, 5, 2, 5, 2, 7, 4, 5, 7, 4, 7, 6, 8, 7, 5, 9, 13, 9, 11, 7, 11, 7, 11, 5, 9, 5, 9, 11, 7, 11, 7, 4, 2, 5, 7, 9, 5, 4, 9, 5, 7, 9, 8, 9, 7, 5, 7, 5, 2, 5, 9, 5, 9, 7, 5, 7, 2, 5, 7, 5, 7, 5, 2, 7, 5, 7, 9, 13, 11, 13, 5, 7, 2, 7, 9, 7, 5, 2, 5, 9, 5, 11, 7, 5, 7, 5, 9, 5, 7, 9, 11, 7, 8, 7, 11, 9, 11, 18, 11, 5, 7, 5, 7, 13, 11, 9, 7, 9, 5, 7, 11, 7, 9, 7, 18, 21, 23, 9, 7, 9, 16, 12, 16]","[9, 8, 1, 0, 1, 0, 1, 0, 1, 2, 1, 2, 1, 0, 1, 2, 0, 1, 10, 11, 1, 0, 1, 0, 2, 0, 1, 5, 3, 1, 0, 1, 2, 3, 4, 2, 3, 0, 3, 1, 2, 3, 4, 2, 4, 2, 4, 2, 4, 2, 3, 2, 3, 4, 2, 4, 3, 4, 5, 4, 5, 4, 5, 4, 3, 1, 0, 1, 0, 5, 4, 5, 4, 5, 4, 2, 5, 4, 5, 4, 5, 6, 5, 6, 4, 6, 5, 4, 6, 7, 6, 5, 6, 5, 6, 7, 5, 7, 4, 5, 7, 8, 7, 9, 7, 9, 7, 9, 13, 10, 11, 9, 7, 9, 7, 9, 10, 8, 6, 8, 3, 1, 3, 0, 1, 7, 13, 14, 13, 5, 1, 0, 1, 0, 1, 3, 4, 3, 5, 1, 5, 4, 5, 4, 5, 6, 5, 4, 6, 5, 4, 5, 6, 4, 5, 6, 7, 3, 7, 4, 7, 6, 4, 6, 4, 7, 4, 7, 8, 9, 7, 5, 1, 6, 3, 4, 3, 6, 5, 4, 5, 7, 6, 5, 6, 2, 4, 2, 4, 5, 4, 6, 5, 4, 5, 7, 6, 5, 6, 5, 6, 4, 7, 8, 6, 5, 4, 5, 6, 4, 6, 4, 6, 4, 6, 4, 6, 7, 4, 6, 7, 8, 9, 7, 8, 9, 6, 5, 6, 7, 4, 5, 6, 4, 6, 4, 6, 5, 2, 1, 3, 1, 4, 10, 9, 13, 11, 4, 2, 1, 2, 3, 1, 0, 1, 0, 2, 1, 0, 2, 0, 1, 3, 1, 0, 2, 4, 0, 2, 4, 0, 2, 0, 5, 7, 5, 6, 4, 5, 7, 6, 4, 5, 7, 5, 6, 4, 6, 3, 4, 2, 4, 2, 4, 2, 3, 2, 3, 2, 4, 7, 5, 4, 2, 4, 5, 2, 4, 2, 4, 2, 5, 3, 4, 5, 3, 5, 4, 5, 4, 6, 8, 6, 7, 5, 7, 5, 7, 4, 6, 4, 6, 7, 5, 7, 5, 3, 2, 4, 5, 6, 4, 3, 6, 4, 5, 6, 5, 6, 5, 4, 5, 4, 2, 4, 6, 4, 6, 5, 4, 5, 2, 4, 5, 4, 5, 4, 2, 5, 4, 5, 6, 8, 7, 8, 4, 5, 2, 5, 6, 5, 4, 2, 4, 6, 4, 7, 5, 4, 5, 4, 6, 4, 5, 6, 7, 5, 7, 6, 7, 11, 7, 4, 5, 4, 5, 8, 7, 6, 5, 6, 4, 5, 7, 5, 6, 5, 11, 13, 15, 6, 5, 6, 9, 7, 9]"
f9ec2bc7,Task8CP,CP,-85,-76,-52,5,-75,2,-85,-76,-49,4,-75,2,-87,-53,-27,6,-24,2,-85,-46,-20,6,-17,2,"[16, 8, 3, 0, 1, 0, 3, 2, 1, 0, 1, 0, 1, 2, 0, 3, 5, 7, 11, 9, 13, 22, 21, 19, 16, 19, 9, 7, 9, 7, 9, 8, 9, 11, 9, 11, 9, 11, 7, 15, 13, 5, 7, 22, 21, 7, 2, 1, 0, 2, 5, 7, 9, 5, 11, 7, 5, 7, 5, 7, 13, 15, 7, 5, 7, 8, 9, 7, 21, 22, 21, 5, 7, 21, 7, 13, 7, 15, 9, 5, 21, 9, 5, 11, 5, 9, 7, 5, 11, 5, 9, 5, 7, 5, 7, 2, 5, 7, 2, 1, 5, 2, 0, 7, 6, 18, 2, 5, 9, 8, 6, 13, 9, 7, 6, 7, 9, 11, 5, 7, 5, 7, 5, 0, 1, 7, 5, 0, 5, 9, 7, 23]","[9, 5, 2, 0, 1, 0, 2, 1, 0, 1, 0, 1, 2, 0, 2, 4, 5, 7, 6, 8, 14, 13, 11, 9, 11, 6, 5, 6, 5, 6, 5, 6, 7, 6, 7, 6, 7, 5, 9, 8, 4, 5, 14, 13, 5, 2, 1, 0, 2, 4, 5, 6, 4, 7, 5, 4, 5, 4, 5, 8, 9, 5, 4, 5, 6, 5, 13, 14, 13, 4, 5, 13, 5, 8, 5, 9, 6, 4, 13, 6, 4, 7, 4, 6, 5, 4, 7, 4, 6, 4, 5, 4, 5, 2, 4, 5, 2, 1, 4, 2, 0, 5, 4, 11, 2, 4, 6, 5, 4, 8, 6, 5, 4, 5, 6, 7, 4, 5, 4, 5, 4, 0, 1, 5, 4, 0, 4, 6, 5, 15]"
dac593bd,Task8CP,CP,-192,-143,-93,8,-121,3,-192,-148,-100,7,-111,3,-209,-175,-144,8,-152,3,-177,-123,-62,10,-18,6,"[12, 5, 3, 23, 3, 21, 13, 6, 5, 2, 5, 18, 21, 9, 12, 3, 10, 18, 3, 1, 3, 1, 3, 2, 1, 2, 3, 6, 3, 2, 5, 7, 6, 8, 6, 8, 6, 12, 8, 10, 9, 16, 10, 14, 12, 10, 12, 14, 16, 14, 16, 14, 18, 6, 8, 6, 9, 7, 9, 15, 3, 5, 4, 14, 1, 5, 7, 3, 8, 6, 3, 6, 3, 2, 3, 2, 1, 3, 5, 6, 2, 18, 5, 6, 5, 2, 13, 11, 3, 6, 13, 7, 9, 6, 5, 6, 5, 7, 5, 9, 11, 7, 5, 7, 8, 6, 8, 10, 8, 10, 12, 10, 14, 12, 10, 14, 12, 7, 10, 12, 10, 8, 6, 8, 6, 8, 5, 12, 10, 3, 6, 2, 3, 6, 8, 10, 6, 11, 5, 7, 5, 7, 15, 11, 9, 5, 6, 5, 6, 5, 13, 18, 5, 6, 7, 5, 7, 5, 9, 7, 8, 10, 8, 10, 8, 6, 8, 10, 5, 7, 8, 6, 8, 9, 5, 7, 5, 7, 8, 7, 2, 5, 9, 7, 9, 7, 11, 8, 9, 10, 18, 21, 18, 9, 14, 12, 11, 9, 16, 13, 11, 9, 15, 9, 13, 5, 2, 3, 0, 2, 3, 5, 6, 8, 6, 5, 9, 14, 5, 13, 3, 21, 9, 14, 7, 6, 10, 12, 10, 6, 8, 5, 7, 13, 7, 11, 7, 9, 16, 13, 14, 16, 14, 21]","[7, 4, 2, 15, 2, 13, 8, 4, 2, 4, 11, 13, 6, 7, 2, 6, 11, 2, 1, 2, 1, 2, 1, 2, 4, 2, 4, 5, 4, 5, 4, 5, 4, 7, 5, 6, 9, 6, 8, 7, 6, 7, 8, 9, 8, 9, 8, 11, 4, 5, 4, 6, 5, 6, 9, 2, 4, 3, 8, 1, 4, 5, 2, 5, 4, 2, 4, 2, 1, 2, 4, 2, 11, 4, 2, 8, 7, 2, 4, 8, 5, 6, 4, 5, 4, 6, 7, 5, 4, 5, 4, 5, 6, 5, 6, 7, 6, 8, 7, 6, 8, 7, 5, 6, 7, 6, 5, 4, 5, 4, 5, 4, 7, 6, 2, 4, 2, 4, 5, 6, 4, 7, 4, 5, 4, 5, 9, 7, 6, 4, 8, 11, 4, 5, 4, 5, 4, 6, 5, 6, 5, 6, 5, 4, 5, 6, 4, 5, 4, 5, 6, 4, 5, 4, 5, 2, 4, 6, 5, 6, 5, 7, 5, 6, 11, 13, 11, 6, 8, 7, 6, 9, 8, 7, 6, 9, 6, 8, 4, 2, 0, 2, 4, 5, 4, 6, 8, 4, 8, 2, 13, 6, 8, 5, 4, 6, 7, 6, 4, 5, 4, 5, 8, 5, 7, 5, 6, 9, 8, 9, 8, 13]"
b1c5e27d,Task8CP,CP,-222,-158,-101,9,-65,4,-227,-168,-126,9,-80,4,-244,-170,-84,13,42,9,-224,-155,-49,14,88,8,"[14, 1, 0, 1, 0, 1, 0, 1, 0, 3, 1, 4, 3, 5, 7, 13, 5, 6, 0, 8, 6, 8, 5, 7, 11, 5, 0, 9, 13, 9, 7, 11, 7, 8, 9, 13, 11, 9, 11, 13, 15, 7, 9, 11, 15, 21, 1, 4, 19, 21, 13, 2, 7, 5, 7, 13, 5, 21, 13, 7, 9, 5, 7, 11, 7, 8, 9, 7, 13, 5, 1, 4, 1, 9, 11, 9, 5, 7, 14, 8, 7, 9, 7, 5, 9, 7, 9, 7, 9, 7, 9, 15, 7, 5, 9, 11, 9, 11, 9, 5, 7, 9, 13, 11, 9, 7, 11, 7, 9, 5, 3, 5, 7, 5, 13, 5, 7, 11, 7, 15, 18, 11, 5, 9, 11, 7, 9, 5, 10, 12, 9, 7, 9, 13, 11, 9, 5, 12, 10, 14, 13, 15, 7, 5, 11, 6, 5, 9, 19, 17, 22, 21, 20, 9, 15, 9, 7, 13, 7, 9, 8, 7, 8, 9, 11, 9, 11, 9, 7, 15, 11, 13, 9, 5, 11, 7, 18, 9, 5, 11, 17, 15, 7, 11, 5, 9, 5, 9, 7, 11, 9, 7, 9, 15, 11, 13, 19, 15, 9, 13, 9, 14, 16, 14, 11, 15, 11, 7, 11, 5, 7, 5, 9, 5, 0, 1, 0, 5, 9, 5, 6, 11, 7, 9, 10, 11, 14, 16, 9, 7, 13, 11, 7, 9, 7, 2, 7, 5, 7, 11, 7, 8, 11, 7, 9, 7, 8, 7, 5, 7, 9, 11, 7, 5, 7, 5, 6, 8, 6, 7, 13, 7, 5, 15, 5, 8, 16, 14, 9, 11, 18, 21, 15, 13, 16, 7, 5, 11, 9, 5, 13, 7, 9, 11, 12, 21, 24, 21, 13]","[8, 1, 0, 1, 0, 1, 0, 1, 0, 2, 1, 3, 2, 4, 5, 8, 4, 0, 5, 4, 5, 4, 5, 7, 4, 0, 6, 8, 6, 5, 7, 5, 6, 8, 7, 6, 7, 8, 9, 5, 6, 7, 9, 13, 1, 3, 11, 13, 8, 2, 5, 4, 5, 8, 4, 13, 8, 5, 6, 4, 5, 7, 5, 6, 5, 8, 4, 1, 3, 1, 6, 7, 6, 4, 5, 8, 5, 6, 5, 4, 6, 5, 6, 5, 6, 5, 6, 9, 5, 4, 6, 7, 6, 7, 6, 4, 5, 6, 8, 7, 6, 5, 7, 5, 6, 4, 2, 4, 5, 4, 8, 4, 5, 7, 5, 9, 11, 7, 4, 6, 7, 5, 6, 4, 6, 7, 6, 5, 6, 8, 7, 6, 4, 7, 6, 8, 9, 5, 4, 7, 4, 6, 11, 10, 14, 13, 12, 6, 9, 6, 5, 8, 5, 6, 5, 6, 7, 6, 7, 6, 5, 9, 7, 8, 6, 4, 7, 5, 11, 6, 4, 7, 10, 9, 5, 7, 4, 6, 4, 6, 5, 7, 6, 5, 6, 9, 7, 8, 11, 9, 6, 8, 6, 8, 9, 8, 7, 9, 7, 5, 7, 4, 5, 4, 6, 4, 0, 1, 0, 4, 6, 4, 7, 5, 6, 7, 8, 9, 6, 5, 8, 7, 5, 6, 5, 2, 5, 4, 5, 7, 5, 7, 5, 6, 5, 4, 5, 6, 7, 5, 4, 5, 4, 5, 4, 5, 8, 5, 4, 9, 4, 5, 9, 8, 6, 7, 11, 13, 9, 8, 9, 5, 4, 7, 6, 4, 8, 5, 6, 7, 13, 16, 13, 8]"
967a04d0,Task8CP,CP,-151,-107,-99,7,-59,4,-151,-112,-99,7,-59,4,-158,-99,-43,13,71,6,-143,-84,-23,13,91,6,"[14, 6, 0, 6, 3, 2, 5, 2, 3, 6, 5, 6, 5, 7, 5, 7, 5, 6, 5, 1, 2, 5, 2, 1, 7, 5, 9, 11, 9, 6, 7, 4, 5, 11, 9, 7, 5, 7, 9, 7, 9, 7, 9, 8, 7, 11, 9, 7, 5, 7, 9, 5, 7, 11, 13, 11, 9, 7, 5, 11, 7, 9, 11, 15, 7, 5, 8, 7, 21, 18, 21, 5, 11, 7, 8, 7, 9, 7, 9, 7, 13, 7, 5, 7, 11, 9, 15, 11, 5, 9, 13, 9, 5, 13, 9, 7, 9, 11, 5, 11, 13, 9, 11, 13, 9, 11, 13, 11, 13, 11, 5, 9, 11, 9, 11, 13, 9, 21, 15, 11, 5, 11, 9, 11, 7, 5, 11, 3, 21, 13, 9, 7, 11, 9, 5, 11, 5, 13, 15, 13, 11, 7, 9, 11, 15, 11, 13, 11, 18, 7, 3, 23, 9, 7, 9, 11, 15, 11, 17, 15, 13, 11, 9, 7, 21, 15, 11, 7, 8, 7, 15, 13, 19, 11, 9, 15, 21, 22, 11, 13, 12, 21, 22, 21, 23, 11, 15, 13, 11, 23, 15, 11, 13, 11, 13, 16, 7, 9, 7, 8, 7, 15, 18, 21, 16, 22, 21, 3]","[8, 4, 0, 4, 2, 4, 2, 4, 5, 4, 5, 4, 1, 2, 4, 2, 1, 5, 4, 6, 7, 6, 4, 5, 3, 4, 7, 6, 5, 4, 5, 6, 5, 6, 5, 6, 5, 7, 6, 5, 4, 5, 6, 4, 5, 7, 8, 7, 6, 5, 4, 7, 5, 6, 7, 9, 5, 4, 5, 13, 11, 13, 4, 7, 5, 6, 5, 6, 5, 8, 5, 4, 5, 7, 6, 9, 7, 4, 6, 8, 6, 4, 8, 6, 5, 6, 7, 4, 7, 8, 6, 7, 8, 6, 7, 8, 7, 8, 7, 4, 6, 7, 6, 7, 8, 6, 13, 9, 7, 4, 7, 6, 7, 5, 4, 7, 2, 13, 8, 6, 5, 7, 6, 4, 7, 4, 8, 9, 8, 7, 5, 6, 7, 9, 7, 8, 7, 11, 5, 2, 15, 6, 5, 6, 7, 9, 7, 10, 9, 8, 7, 6, 5, 13, 9, 7, 5, 9, 8, 11, 7, 6, 9, 13, 14, 7, 8, 7, 13, 14, 13, 15, 7, 9, 8, 7, 15, 9, 7, 8, 7, 8, 9, 5, 6, 5, 9, 11, 13, 9, 14, 13, 2]"
66b337a9,Task8CP,CP,-99,-65,-76,5,-59,2,-99,-75,-68,4,-53,3,-116,-72,-61,7,-15,4,-106,-52,-36,9,10,4,"[14, 2, 0, 3, 8, 0, 21, 2, 0, 1, 0, 3, 4, 6, 5, 6, 9, 5, 6, 2, 6, 7, 5, 2, 7, 8, 5, 2, 8, 7, 9, 7, 9, 12, 10, 12, 10, 7, 5, 9, 13, 14, 5, 0, 7, 13, 15, 13, 9, 11, 9, 13, 11, 9, 11, 9, 5, 4, 7, 5, 0, 6, 10, 6, 8, 6, 7, 5, 7, 5, 7, 5, 7, 5, 7, 5, 7, 5, 7, 9, 7, 9, 7, 9, 23, 18, 13, 7, 11, 9, 15, 11, 7, 5, 8, 7, 11, 18, 7, 9, 13, 18, 19, 15, 9, 13, 9, 7, 9, 11, 7, 11, 9, 5, 7, 1, 14, 19, 18, 7, 9, 22, 18, 20, 23, 7, 5, 2, 8, 7, 11, 13, 5, 7, 6, 9, 11, 15, 13, 11, 14, 7, 9, 7, 5, 9, 7, 5, 7, 9, 11, 5, 7, 5, 9, 5, 7, 9, 11, 13, 11]","[8, 2, 0, 2, 5, 0, 13, 2, 0, 1, 0, 2, 3, 4, 6, 4, 2, 4, 5, 4, 2, 5, 4, 2, 5, 6, 5, 6, 7, 6, 7, 6, 5, 4, 6, 8, 4, 0, 5, 8, 9, 8, 6, 7, 6, 8, 7, 6, 7, 6, 4, 3, 5, 4, 0, 4, 6, 4, 5, 4, 5, 4, 5, 4, 5, 4, 5, 4, 5, 4, 5, 4, 5, 6, 5, 6, 5, 6, 15, 11, 8, 5, 7, 6, 9, 7, 5, 4, 5, 7, 11, 5, 6, 8, 11, 9, 6, 8, 6, 5, 6, 7, 5, 7, 6, 4, 5, 1, 8, 11, 5, 6, 14, 11, 12, 15, 5, 4, 2, 5, 7, 8, 4, 5, 4, 6, 7, 9, 8, 7, 8, 5, 6, 5, 4, 6, 5, 4, 5, 6, 7, 4, 5, 4, 6, 4, 5, 6, 7, 8, 7]"
45c939e2,Task8CP,CP,-53,-19,-22,4,-19,1,-43,-4,-2,4,-4,1,-60,-11,-15,6,3,2,-46,8,14,6,27,2,"[9, 0, 22, 21, 22, 0, 1, 4, 3, 6, 5, 7, 10, 8, 6, 12, 10, 7, 9, 1, 5, 12, 11, 12, 14, 16, 15, 9, 7, 8, 14, 13, 7, 9, 13, 7, 11, 9, 11, 13, 15, 11, 15, 18, 13, 16, 8, 2, 1, 7, 2, 7, 8, 6, 8, 7, 5, 12, 9, 8, 7, 11, 15, 13, 11, 1, 2, 5, 9, 23, 2, 1, 0, 5, 0, 7, 9, 7, 5, 1, 3, 1, 6, 3, 0, 1, 0, 3, 11, 5, 15, 7, 9, 11, 2]","[6, 0, 14, 13, 14, 0, 1, 3, 2, 4, 5, 6, 5, 4, 7, 6, 5, 6, 1, 4, 7, 8, 9, 6, 5, 8, 5, 6, 8, 5, 7, 6, 7, 8, 9, 7, 9, 11, 8, 9, 5, 2, 1, 5, 2, 5, 4, 5, 4, 7, 6, 5, 7, 9, 8, 7, 1, 2, 4, 6, 15, 2, 1, 0, 4, 0, 5, 6, 5, 4, 1, 2, 1, 4, 2, 0, 1, 0, 2, 7, 4, 9, 5, 6, 7, 2]"
ba88bf04,Task8CP,CP,-45,-6,-28,2,5,2,-35,-1,-23,2,0,2,-47,7,-12,5,31,2,-42,17,-2,5,51,2,"[19, 4, 2, 6, 2, 5, 9, 11, 24, 23, 16, 8, 7, 9, 11, 5, 2, 13, 11, 13, 14, 13, 11, 13, 15, 13, 16, 17, 13, 11, 22, 11, 7, 2, 5, 23, 24, 2, 11, 23, 9, 13, 14, 12, 13, 11, 9, 10, 6, 4, 6, 24, 23, 24, 22, 17, 15, 19, 13, 9, 13, 9, 11, 13, 15, 11, 9, 11, 15, 13, 11, 15, 11, 9, 11, 13, 15, 13, 11, 15, 23, 24]","[11, 3, 2, 4, 2, 4, 6, 7, 16, 15, 9, 5, 6, 7, 4, 2, 8, 7, 8, 7, 8, 9, 8, 9, 10, 8, 7, 14, 7, 5, 2, 4, 15, 16, 2, 7, 15, 6, 8, 7, 8, 7, 6, 4, 3, 4, 16, 15, 16, 14, 10, 9, 11, 8, 6, 8, 6, 7, 8, 9, 7, 6, 7, 9, 8, 7, 9, 7, 6, 7, 8, 9, 8, 7, 9, 15, 16]"
782b7c64,Task8CP,CP,-169,-145,-108,4,-87,4,-169,-150,-108,4,-103,3,-191,-147,-96,9,-33,7,-167,-128,-67,10,17,6,"[14, 1, 0, 11, 1, 0, 1, 0, 2, 3, 6, 10, 6, 8, 7, 5, 4, 1, 5, 6, 8, 6, 10, 8, 10, 8, 10, 8, 7, 8, 10, 6, 12, 10, 8, 10, 12, 10, 12, 14, 16, 13, 12, 16, 11, 15, 18, 16, 15, 13, 14, 16, 5, 11, 21, 22, 0, 2, 0, 9, 1, 5, 6, 7, 5, 7, 4, 2, 7, 4, 2, 7, 5, 9, 7, 9, 5, 2, 9, 5, 2, 9, 8, 10, 8, 11, 9, 2, 7, 9, 11, 7, 11, 9, 11, 7, 5, 7, 6, 7, 5, 7, 1, 0, 7, 15, 5, 9, 7, 2, 1, 4, 5, 0, 2, 9, 5, 7, 15, 20, 15, 9, 7, 8, 7, 9, 7, 9, 7, 5, 7, 9, 13, 11, 9, 5, 9, 11, 9, 7, 11, 7, 11, 9, 5, 11, 15, 11, 15, 11, 12, 5, 7, 9, 5, 11, 7, 2, 5, 6, 1, 5, 7, 5, 11, 7, 5, 6, 7, 5, 7, 9, 11, 9, 5, 11, 7, 9, 7, 11, 9, 11, 7, 11, 7, 9, 7, 9, 7, 9, 7, 11, 7, 11, 9, 7, 9, 11, 9, 7, 9, 5, 9, 11, 5, 9, 7, 9, 7, 9, 13, 9, 7, 11, 7, 9, 5, 9, 13, 15, 11, 15, 11, 15, 16, 21]","[8, 1, 0, 7, 1, 0, 1, 0, 2, 4, 6, 4, 5, 4, 3, 1, 4, 5, 4, 6, 5, 6, 5, 6, 5, 6, 4, 7, 6, 5, 6, 7, 6, 7, 8, 9, 8, 7, 9, 7, 9, 11, 9, 8, 9, 4, 7, 13, 14, 0, 2, 0, 6, 1, 4, 5, 4, 5, 3, 2, 5, 3, 2, 5, 4, 6, 5, 6, 4, 2, 6, 4, 2, 6, 5, 6, 5, 7, 6, 2, 5, 6, 7, 5, 7, 6, 7, 5, 4, 5, 4, 5, 4, 5, 1, 0, 5, 9, 4, 6, 5, 2, 1, 3, 4, 0, 2, 6, 4, 5, 9, 12, 9, 6, 5, 6, 5, 6, 5, 4, 5, 6, 8, 7, 6, 4, 6, 7, 6, 5, 7, 5, 7, 6, 4, 7, 9, 7, 9, 7, 4, 5, 6, 4, 7, 5, 2, 4, 1, 4, 5, 4, 7, 5, 4, 5, 4, 5, 6, 7, 6, 4, 7, 5, 6, 5, 7, 6, 7, 5, 7, 5, 6, 5, 6, 5, 6, 5, 7, 5, 7, 6, 5, 6, 7, 6, 5, 6, 4, 6, 7, 4, 6, 5, 6, 5, 6, 8, 6, 5, 7, 5, 6, 4, 6, 8, 9, 7, 9, 7, 9, 13]"
4d750b0b,Task8CP,CP,-34,-40,-17,2,-40,1,-34,-35,-17,2,-35,1,-46,-32,-11,5,-28,2,-41,-22,-1,5,-18,2,"[14, 1, 0, 5, 0, 1, 2, 5, 11, 5, 2, 0, 2, 6, 7, 11, 7, 5, 8, 7, 9, 15, 9, 5, 9, 11, 9, 7, 9, 7, 15, 18, 14, 16, 15, 16, 15, 18, 15, 19, 18, 9, 7, 0, 7, 11, 13, 11, 13, 7, 5, 1, 0, 18, 1, 0, 2, 9, 5, 9, 5, 9, 5, 7, 0, 2, 0, 9, 15, 18, 15, 7, 4, 0, 5, 0, 7, 0, 2, 5, 7, 5, 7, 22, 21, 23, 2, 16, 12, 10, 6]","[8, 1, 0, 4, 0, 1, 2, 4, 7, 4, 2, 0, 2, 4, 5, 7, 5, 4, 5, 6, 9, 6, 4, 6, 7, 6, 5, 6, 5, 9, 11, 8, 9, 11, 9, 11, 6, 5, 0, 5, 7, 8, 7, 8, 5, 4, 1, 0, 11, 1, 0, 2, 6, 4, 6, 4, 6, 4, 5, 0, 2, 0, 6, 9, 11, 9, 5, 3, 0, 4, 0, 5, 0, 2, 4, 5, 4, 5, 14, 13, 15, 2, 9, 7, 6, 4]"
1ce913d5,Task9CM,CM,0,0,0,0,0,0,0,0,0,0,0,0,-553,-288,-191,43,304,8,-553,-288,-191,43,304,8,"[8, 0, 1, 0, 1, 0, 1, 0, 1, 0, 1, 2, 1, 0, 1, 0, 3, 1, 2, 3, 2, 3, 1, 2, 1, 2, 1, 3, 1, 0, 2, 1, 2, 3, 2, 1, 2, 1, 0, 1, 2, 1, 3, 1, 0, 2, 3, 4, 3, 2, 0, 1, 2, 1, 2, 3, 0, 2, 3, 2, 3, 2, 3, 13, 14, 13, 14, 13, 14, 11, 13, 2, 5, 1, 3, 2, 4, 3, 4, 2, 4, 2, 1, 4, 3, 2, 1, 4, 1, 2, 3, 2, 1, 2, 3, 4, 3, 0, 1, 0, 2, 3, 4, 3, 1, 3, 4, 3, 4, 5, 3, 4, 3, 5, 4, 3, 2, 1, 3, 2, 3, 2, 0, 2, 4, 5, 4, 1, 2, 3, 4, 3, 2, 0, 4, 3, 4, 3, 5, 2, 1, 2, 3, 0, 1, 2, 3, 2, 4, 3, 5, 3, 6, 5, 10, 14, 13, 3, 2, 1, 3, 2, 4, 3, 1, 2, 1, 3, 2, 3, 2, 3, 2, 4, 2, 3, 2, 3, 2, 1, 3, 2, 6, 4, 3, 4, 3, 2, 1, 2, 1, 2, 4, 6, 5, 6, 4, 5, 4, 3, 4, 3, 2, 3, 4, 6, 5, 6, 5, 7, 5, 6, 4, 5, 4, 5, 4, 3, 5, 6, 5, 7, 4, 5, 4, 6, 5, 4, 5, 6, 5, 4, 5, 4, 5, 6, 5, 4, 5, 6, 13, 3, 4, 2, 3, 2, 1, 3, 4, 2, 3, 5, 2, 4, 5, 3, 4, 5, 4, 3, 4, 5, 4, 3, 2, 4, 2, 5, 6, 5, 4, 5, 6, 7, 6, 5, 7, 5, 6, 5, 6, 5, 6, 5, 6, 7, 6, 5, 6, 5, 4, 6, 7, 6, 7, 6, 4, 7, 5, 6, 8, 6, 4, 5, 6, 7, 6, 5, 6, 4, 5, 6, 5, 4, 6, 4, 6, 5, 4, 5, 4, 6, 4, 5, 3, 7, 6, 5, 6, 7, 6, 7, 6, 7, 6, 4, 3, 4, 3, 2, 4, 2, 1, 4, 1, 0, 1, 3, 5, 4, 6, 7, 6, 7, 6, 5, 6, 5, 6, 4, 5, 4, 5, 6, 5, 4, 6, 5, 6, 5, 6, 4, 5, 3, 4, 5, 3, 6, 10, 4, 5, 6, 5, 6, 3, 4, 3, 1, 2, 3, 2, 4, 5, 6, 7, 4, 3, 5, 6, 5, 6, 5, 4, 5, 4, 3, 4, 2, 1, 3, 2, 3, 2, 4, 3, 4, 5, 3, 5, 4, 5, 4, 2, 1, 3, 4, 3, 4, 5, 4, 2, 3, 1, 3, 2, 1, 2, 4, 3, 4, 6, 4, 5, 4, 5, 4, 5, 6, 5, 6, 5, 6, 5, 6, 4, 5, 15, 14, 13, 14, 13, 15, 13, 2, 4, 2, 3, 1, 0, 4, 2, 3, 4, 6, 5, 7, 6, 5, 6, 5, 6, 4, 5, 6, 7, 6, 12, 1, 13, 7, 6, 1, 3, 2, 3, 2, 4, 5, 3, 4, 3, 4, 3, 5, 4, 3, 4, 5, 4, 5, 4, 3, 4, 3, 4, 3, 4, 3, 4, 3, 4, 6, 4, 3, 2, 3, 4, 2, 1, 3, 5, 4, 5, 4, 5, 4, 6, 4, 5, 3, 6, 7, 4, 3, 1, 2, 3, 2, 4, 3, 4, 3, 4, 5, 4, 6, 7, 5, 3, 4, 3, 4, 3, 5, 6, 5, 6, 4, 6, 5, 7, 4, 6, 4, 7, 6, 4, 5, 3, 2, 4, 3, 4, 2, 1, 3, 2, 3, 6, 2, 3, 4, 3, 14]","[8, 0, 1, 0, 1, 0, 1, 0, 1, 0, 1, 2, 1, 0, 1, 0, 3, 1, 2, 3, 2, 3, 1, 2, 1, 2, 1, 3, 1, 0, 2, 1, 2, 3, 2, 1, 2, 1, 0, 1, 2, 1, 3, 1, 0, 2, 3, 4, 3, 2, 0, 1, 2, 1, 2, 3, 0, 2, 3, 2, 3, 2, 3, 13, 14, 13, 14, 13, 14, 11, 13, 2, 5, 1, 3, 2, 4, 3, 4, 2, 4, 2, 1, 4, 3, 2, 1, 4, 1, 2, 3, 2, 1, 2, 3, 4, 3, 0, 1, 0, 2, 3, 4, 3, 1, 3, 4, 3, 4, 5, 3, 4, 3, 5, 4, 3, 2, 1, 3, 2, 3, 2, 0, 2, 4, 5, 4, 1, 2, 3, 4, 3, 2, 0, 4, 3, 4, 3, 5, 2, 1, 2, 3, 0, 1, 2, 3, 2, 4, 3, 5, 3, 6, 5, 10, 14, 13, 3, 2, 1, 3, 2, 4, 3, 1, 2, 1, 3, 2, 3, 2, 3, 2, 4, 2, 3, 2, 3, 2, 1, 3, 2, 6, 4, 3, 4, 3, 2, 1, 2, 1, 2, 4, 6, 5, 6, 4, 5, 4, 3, 4, 3, 2, 3, 4, 6, 5, 6, 5, 7, 5, 6, 4, 5, 4, 5, 4, 3, 5, 6, 5, 7, 4, 5, 4, 6, 5, 4, 5, 6, 5, 4, 5, 4, 5, 6, 5, 4, 5, 6, 13, 3, 4, 2, 3, 2, 1, 3, 4, 2, 3, 5, 2, 4, 5, 3, 4, 5, 4, 3, 4, 5, 4, 3, 2, 4, 2, 5, 6, 5, 4, 5, 6, 7, 6, 5, 7, 5, 6, 5, 6, 5, 6, 5, 6, 7, 6, 5, 6, 5, 4, 6, 7, 6, 7, 6, 4, 7, 5, 6, 8, 6, 4, 5, 6, 7, 6, 5, 6, 4, 5, 6, 5, 4, 6, 4, 6, 5, 4, 5, 4, 6, 4, 5, 3, 7, 6, 5, 6, 7, 6, 7, 6, 7, 6, 4, 3, 4, 3, 2, 4, 2, 1, 4, 1, 0, 1, 3, 5, 4, 6, 7, 6, 7, 6, 5, 6, 5, 6, 4, 5, 4, 5, 6, 5, 4, 6, 5, 6, 5, 6, 4, 5, 3, 4, 5, 3, 6, 10, 4, 5, 6, 5, 6, 3, 4, 3, 1, 2, 3, 2, 4, 5, 6, 7, 4, 3, 5, 6, 5, 6, 5, 4, 5, 4, 3, 4, 2, 1, 3, 2, 3, 2, 4, 3, 4, 5, 3, 5, 4, 5, 4, 2, 1, 3, 4, 3, 4, 5, 4, 2, 3, 1, 3, 2, 1, 2, 4, 3, 4, 6, 4, 5, 4, 5, 4, 5, 6, 5, 6, 5, 6, 5, 6, 4, 5, 15, 14, 13, 14, 13, 15, 13, 2, 4, 2, 3, 1, 0, 4, 2, 3, 4, 6, 5, 7, 6, 5, 6, 5, 6, 4, 5, 6, 7, 6, 12, 1, 13, 7, 6, 1, 3, 2, 3, 2, 4, 5, 3, 4, 3, 4, 3, 5, 4, 3, 4, 5, 4, 5, 4, 3, 4, 3, 4, 3, 4, 3, 4, 3, 4, 6, 4, 3, 2, 3, 4, 2, 1, 3, 5, 4, 5, 4, 5, 4, 6, 4, 5, 3, 6, 7, 4, 3, 1, 2, 3, 2, 4, 3, 4, 3, 4, 5, 4, 6, 7, 5, 3, 4, 3, 4, 3, 5, 6, 5, 6, 4, 6, 5, 7, 4, 6, 4, 7, 6, 4, 5, 3, 2, 4, 3, 4, 2, 1, 3, 2, 3, 6, 2, 3, 4, 3, 14]"
9679a6e6,Task9CM,CM,0,0,0,0,0,0,0,0,0,0,0,0,-187,-2,-47,16,65,3,-187,-2,-47,16,65,3,"[7, 2, 0, 13, 1, 0, 1, 0, 1, 0, 1, 0, 1, 0, 1, 0, 1, 0, 1, 2, 1, 2, 1, 2, 1, 2, 1, 2, 1, 2, 0, 11, 6, 3, 0, 1, 6, 14, 13, 6, 9, 0, 2, 3, 2, 0, 1, 0, 1, 2, 3, 2, 3, 2, 3, 2, 3, 4, 3, 4, 3, 1, 3, 1, 0, 4, 5, 4, 5, 6, 5, 6, 5, 4, 0, 2, 6, 3, 4, 3, 2, 3, 2, 9, 4, 2, 3, 2, 6, 1, 2, 1, 3, 4, 2, 3, 5, 4, 8, 9, 5, 2, 6, 4, 5, 4, 3, 5, 9, 3, 4, 3, 2, 6, 4, 3, 2, 4, 5, 3, 10, 3, 2, 4, 3, 4, 7, 6, 4, 7, 6, 3, 1, 2, 3, 4, 3, 4, 5, 3, 4, 5, 6, 5, 3, 6, 4, 7, 4, 6, 4, 3, 6, 5, 7, 6, 7, 6, 0, 13, 5, 4, 2, 6, 3, 4, 2, 3, 4, 5, 6, 7, 5, 3, 4, 3, 4, 2, 4, 3, 4, 5, 3, 2, 1, 3, 5, 4, 8, 6, 4, 5, 2, 7, 4, 3, 2, 4, 5, 3, 4, 3, 5, 3, 5, 7, 6, 5, 4, 6, 7, 5, 3, 2, 11, 13, 3, 7, 4, 1, 6, 3, 6]","[7, 2, 0, 13, 1, 0, 1, 0, 1, 0, 1, 0, 1, 0, 1, 0, 1, 0, 1, 2, 1, 2, 1, 2, 1, 2, 1, 2, 1, 2, 0, 11, 6, 3, 0, 1, 6, 14, 13, 6, 9, 0, 2, 3, 2, 0, 1, 0, 1, 2, 3, 2, 3, 2, 3, 2, 3, 4, 3, 4, 3, 1, 3, 1, 0, 4, 5, 4, 5, 6, 5, 6, 5, 4, 0, 2, 6, 3, 4, 3, 2, 3, 2, 9, 4, 2, 3, 2, 6, 1, 2, 1, 3, 4, 2, 3, 5, 4, 8, 9, 5, 2, 6, 4, 5, 4, 3, 5, 9, 3, 4, 3, 2, 6, 4, 3, 2, 4, 5, 3, 10, 3, 2, 4, 3, 4, 7, 6, 4, 7, 6, 3, 1, 2, 3, 4, 3, 4, 5, 3, 4, 5, 6, 5, 3, 6, 4, 7, 4, 6, 4, 3, 6, 5, 7, 6, 7, 6, 0, 13, 5, 4, 2, 6, 3, 4, 2, 3, 4, 5, 6, 7, 5, 3, 4, 3, 4, 2, 4, 3, 4, 5, 3, 2, 1, 3, 5, 4, 8, 6, 4, 5, 2, 7, 4, 3, 2, 4, 5, 3, 4, 3, 5, 3, 5, 7, 6, 5, 4, 6, 7, 5, 3, 2, 11, 13, 3, 7, 4, 1, 6, 3, 6]"
625d844e,Task9CM,CM,0,0,0,0,0,0,0,0,0,0,0,0,-332,-162,-81,27,26,4,-332,-162,-81,27,26,4,"[6, 3, 1, 0, 13, 14, 13, 11, 13, 16, 13, 11, 13, 6, 4, 14, 13, 5, 6, 9, 2, 1, 0, 1, 0, 11, 5, 10, 9, 1, 2, 0, 1, 2, 1, 2, 3, 2, 1, 0, 2, 1, 2, 1, 2, 1, 0, 1, 0, 1, 2, 1, 3, 4, 3, 4, 2, 3, 2, 0, 3, 2, 0, 1, 3, 0, 3, 4, 3, 0, 4, 3, 1, 0, 2, 1, 2, 4, 3, 0, 4, 5, 4, 5, 4, 5, 4, 5, 6, 5, 4, 5, 4, 6, 3, 13, 1, 2, 4, 5, 3, 2, 1, 5, 3, 2, 4, 1, 0, 1, 4, 2, 1, 0, 1, 3, 5, 3, 2, 3, 5, 2, 3, 4, 2, 5, 8, 9, 11, 13, 2, 1, 0, 2, 4, 14, 7, 6, 2, 3, 2, 1, 0, 4, 3, 16, 2, 3, 1, 3, 2, 1, 2, 1, 9, 3, 4, 6, 3, 5, 2, 1, 11, 1, 0, 1, 2, 0, 1, 4, 0, 2, 6, 3, 5, 3, 6, 5, 6, 3, 5, 2, 6, 3, 4, 8, 5, 2, 1, 0, 2, 0, 1, 7, 0, 1, 0, 1, 0, 1, 0, 1, 3, 4, 1, 2, 5, 3, 2, 5, 4, 3, 2, 4, 3, 2, 1, 0, 1, 2, 3, 2, 1, 0, 2, 5, 2, 8, 4, 3, 5, 4, 5, 4, 5, 4, 5, 4, 5, 3, 5, 6, 4, 5, 6, 5, 4, 6, 3, 2, 4, 0, 3, 6, 2, 4, 5, 4, 6, 5, 6, 4, 5, 4, 3, 5, 4, 5, 3, 2, 6, 5, 11, 6, 3, 5, 2, 0, 4, 5, 7, 6, 5, 6, 13, 7, 2, 1, 3, 6, 5, 4, 3, 5, 0, 3, 6, 3, 1, 6, 5, 7, 6, 5, 3, 6, 2, 1, 6, 5, 6, 4, 5, 4, 1, 0, 2, 1, 3, 2, 6, 5, 6, 7, 6, 7, 6, 4, 9, 6, 5, 4, 5, 6, 7, 5, 2, 6, 4, 5, 16, 5, 6, 13, 6, 13, 5, 4, 3, 2, 1, 2, 5, 2, 0, 6, 5, 1, 2, 3, 2, 0, 4, 3, 6, 4, 5, 6, 5, 6, 12, 13, 6]","[6, 3, 1, 0, 13, 14, 13, 11, 13, 16, 13, 11, 13, 6, 4, 14, 13, 5, 6, 9, 2, 1, 0, 1, 0, 11, 5, 10, 9, 1, 2, 0, 1, 2, 1, 2, 3, 2, 1, 0, 2, 1, 2, 1, 2, 1, 0, 1, 0, 1, 2, 1, 3, 4, 3, 4, 2, 3, 2, 0, 3, 2, 0, 1, 3, 0, 3, 4, 3, 0, 4, 3, 1, 0, 2, 1, 2, 4, 3, 0, 4, 5, 4, 5, 4, 5, 4, 5, 6, 5, 4, 5, 4, 6, 3, 13, 1, 2, 4, 5, 3, 2, 1, 5, 3, 2, 4, 1, 0, 1, 4, 2, 1, 0, 1, 3, 5, 3, 2, 3, 5, 2, 3, 4, 2, 5, 8, 9, 11, 13, 2, 1, 0, 2, 4, 14, 7, 6, 2, 3, 2, 1, 0, 4, 3, 16, 2, 3, 1, 3, 2, 1, 2, 1, 9, 3, 4, 6, 3, 5, 2, 1, 11, 1, 0, 1, 2, 0, 1, 4, 0, 2, 6, 3, 5, 3, 6, 5, 6, 3, 5, 2, 6, 3, 4, 8, 5, 2, 1, 0, 2, 0, 1, 7, 0, 1, 0, 1, 0, 1, 0, 1, 3, 4, 1, 2, 5, 3, 2, 5, 4, 3, 2, 4, 3, 2, 1, 0, 1, 2, 3, 2, 1, 0, 2, 5, 2, 8, 4, 3, 5, 4, 5, 4, 5, 4, 5, 4, 5, 3, 5, 6, 4, 5, 6, 5, 4, 6, 3, 2, 4, 0, 3, 6, 2, 4, 5, 4, 6, 5, 6, 4, 5, 4, 3, 5, 4, 5, 3, 2, 6, 5, 11, 6, 3, 5, 2, 0, 4, 5, 7, 6, 5, 6, 13, 7, 2, 1, 3, 6, 5, 4, 3, 5, 0, 3, 6, 3, 1, 6, 5, 7, 6, 5, 3, 6, 2, 1, 6, 5, 6, 4, 5, 4, 1, 0, 2, 1, 3, 2, 6, 5, 6, 7, 6, 7, 6, 4, 9, 6, 5, 4, 5, 6, 7, 5, 2, 6, 4, 5, 16, 5, 6, 13, 6, 13, 5, 4, 3, 2, 1, 2, 5, 2, 0, 6, 5, 1, 2, 3, 2, 0, 4, 3, 6, 4, 5, 6, 5, 6, 12, 13, 6]"
1de0f518,Task9CM,CM,0,0,0,0,0,0,0,0,0,0,0,0,-455,-250,-90,36,39,5,-455,-250,-90,36,39,5,"[6, 13, 11, 13, 15, 13, 11, 13, 15, 14, 2, 7, 0, 2, 1, 0, 1, 0, 1, 2, 1, 2, 7, 9, 1, 2, 1, 0, 2, 1, 0, 1, 2, 1, 0, 2, 1, 2, 0, 2, 3, 4, 2, 0, 1, 0, 2, 4, 3, 2, 1, 2, 9, 8, 2, 8, 9, 0, 5, 2, 1, 2, 0, 3, 2, 1, 3, 2, 0, 1, 0, 2, 4, 3, 0, 1, 0, 1, 3, 6, 11, 14, 13, 11, 9, 4, 3, 1, 2, 1, 2, 1, 0, 2, 3, 0, 1, 2, 0, 3, 0, 2, 1, 0, 2, 0, 3, 2, 0, 1, 0, 4, 2, 0, 2, 1, 0, 2, 0, 2, 0, 2, 1, 3, 2, 1, 4, 5, 4, 3, 1, 2, 3, 1, 3, 4, 3, 4, 0, 1, 4, 3, 2, 0, 1, 4, 3, 2, 4, 3, 4, 3, 4, 3, 1, 0, 1, 0, 1, 0, 1, 3, 4, 3, 4, 3, 4, 3, 4, 3, 4, 3, 4, 2, 4, 3, 6, 7, 6, 7, 5, 4, 5, 4, 6, 4, 3, 5, 3, 4, 5, 4, 1, 5, 6, 8, 9, 5, 4, 5, 4, 2, 4, 3, 4, 3, 4, 3, 4, 5, 3, 4, 3, 4, 6, 5, 4, 6, 3, 4, 2, 3, 4, 3, 4, 3, 4, 1, 0, 2, 1, 3, 4, 3, 4, 2, 1, 3, 4, 3, 2, 1, 2, 6, 5, 11, 2, 0, 2, 3, 2, 3, 4, 0, 2, 3, 4, 2, 1, 6, 4, 3, 7, 6, 14, 3, 4, 3, 4, 3, 2, 1, 4, 3, 7, 6, 5, 4, 1, 0, 4, 5, 6, 4, 7, 5, 7, 8, 3, 4, 13, 5, 3, 5, 4, 2, 3, 4, 3, 11, 5, 1, 0, 8, 9, 0, 6, 5, 6, 5, 7, 2, 4, 3, 4, 1, 3, 1, 5, 3, 2, 3, 6, 5, 9, 4, 2, 1, 0, 1, 8, 9, 0, 1, 2, 3, 2, 3, 2, 3, 5, 4, 5, 4, 5, 7, 9, 3, 2, 1, 3, 4, 5, 4, 3, 9, 11, 3, 1, 2, 4, 3, 4, 7, 8, 2, 1, 0, 1, 2, 3, 7, 9, 3, 14, 13, 14, 13, 2, 1, 2, 3, 2, 13, 12, 11, 7, 5, 3, 15, 13, 12, 4, 2, 1, 2, 3, 11, 4, 13, 3, 1, 2, 4, 5, 3, 5, 2, 5, 6, 7, 5, 3, 5, 3, 7, 8, 2, 1, 7, 8, 9, 5, 1, 4, 2, 1, 4, 2, 0, 1, 0, 1, 2, 3, 2, 3, 4, 3, 2, 3, 4, 3, 4, 3, 2, 3, 4, 3, 4, 1, 3, 1, 0, 1, 0, 4, 3, 4, 3, 2, 7, 2, 1, 3, 2, 3, 4, 5, 3, 4, 6, 5, 4, 6, 3, 2, 1, 6, 7, 1, 2, 3, 2, 3, 4, 5, 2, 4, 2, 3, 2, 9, 3, 4, 3, 1, 2, 6, 7, 9]","[6, 13, 11, 13, 15, 13, 11, 13, 15, 14, 2, 7, 0, 2, 1, 0, 1, 0, 1, 2, 1, 2, 7, 9, 1, 2, 1, 0, 2, 1, 0, 1, 2, 1, 0, 2, 1, 2, 0, 2, 3, 4, 2, 0, 1, 0, 2, 4, 3, 2, 1, 2, 9, 8, 2, 8, 9, 0, 5, 2, 1, 2, 0, 3, 2, 1, 3, 2, 0, 1, 0, 2, 4, 3, 0, 1, 0, 1, 3, 6, 11, 14, 13, 11, 9, 4, 3, 1, 2, 1, 2, 1, 0, 2, 3, 0, 1, 2, 0, 3, 0, 2, 1, 0, 2, 0, 3, 2, 0, 1, 0, 4, 2, 0, 2, 1, 0, 2, 0, 2, 0, 2, 1, 3, 2, 1, 4, 5, 4, 3, 1, 2, 3, 1, 3, 4, 3, 4, 0, 1, 4, 3, 2, 0, 1, 4, 3, 2, 4, 3, 4, 3, 4, 3, 1, 0, 1, 0, 1, 0, 1, 3, 4, 3, 4, 3, 4, 3, 4, 3, 4, 3, 4, 2, 4, 3, 6, 7, 6, 7, 5, 4, 5, 4, 6, 4, 3, 5, 3, 4, 5, 4, 1, 5, 6, 8, 9, 5, 4, 5, 4, 2, 4, 3, 4, 3, 4, 3, 4, 5, 3, 4, 3, 4, 6, 5, 4, 6, 3, 4, 2, 3, 4, 3, 4, 3, 4, 1, 0, 2, 1, 3, 4, 3, 4, 2, 1, 3, 4, 3, 2, 1, 2, 6, 5, 11, 2, 0, 2, 3, 2, 3, 4, 0, 2, 3, 4, 2, 1, 6, 4, 3, 7, 6, 14, 3, 4, 3, 4, 3, 2, 1, 4, 3, 7, 6, 5, 4, 1, 0, 4, 5, 6, 4, 7, 5, 7, 8, 3, 4, 13, 5, 3, 5, 4, 2, 3, 4, 3, 11, 5, 1, 0, 8, 9, 0, 6, 5, 6, 5, 7, 2, 4, 3, 4, 1, 3, 1, 5, 3, 2, 3, 6, 5, 9, 4, 2, 1, 0, 1, 8, 9, 0, 1, 2, 3, 2, 3, 2, 3, 5, 4, 5, 4, 5, 7, 9, 3, 2, 1, 3, 4, 5, 4, 3, 9, 11, 3, 1, 2, 4, 3, 4, 7, 8, 2, 1, 0, 1, 2, 3, 7, 9, 3, 14, 13, 14, 13, 2, 1, 2, 3, 2, 13, 12, 11, 7, 5, 3, 15, 13, 12, 4, 2, 1, 2, 3, 11, 4, 13, 3, 1, 2, 4, 5, 3, 5, 2, 5, 6, 7, 5, 3, 5, 3, 7, 8, 2, 1, 7, 8, 9, 5, 1, 4, 2, 1, 4, 2, 0, 1, 0, 1, 2, 3, 2, 3, 4, 3, 2, 3, 4, 3, 4, 3, 2, 3, 4, 3, 4, 1, 3, 1, 0, 1, 0, 4, 3, 4, 3, 2, 7, 2, 1, 3, 2, 3, 4, 5, 3, 4, 6, 5, 4, 6, 3, 2, 1, 6, 7, 1, 2, 3, 2, 3, 4, 5, 2, 4, 2, 3, 2, 9, 3, 4, 3, 1, 2, 6, 7, 9]"
1d1071e4,Task9CM,CM,0,0,0,0,0,0,0,0,0,0,0,0,-321,-111,-30,27,97,4,-321,-111,-30,27,97,4,"[5, 2, 11, 13, 14, 13, 14, 13, 14, 13, 14, 15, 13, 16, 15, 16, 15, 0, 1, 0, 1, 0, 1, 4, 1, 2, 1, 3, 1, 2, 7, 1, 2, 1, 3, 2, 1, 2, 1, 2, 1, 2, 3, 2, 4, 2, 0, 2, 4, 1, 2, 3, 2, 0, 3, 0, 1, 3, 5, 3, 4, 2, 1, 0, 3, 2, 3, 4, 3, 5, 4, 3, 4, 2, 1, 0, 1, 0, 2, 0, 1, 0, 1, 0, 1, 0, 2, 4, 2, 3, 2, 3, 4, 0, 3, 2, 4, 3, 4, 5, 4, 5, 4, 5, 1, 4, 2, 0, 6, 4, 6, 5, 6, 5, 6, 5, 6, 5, 4, 5, 6, 5, 7, 6, 4, 5, 7, 4, 2, 4, 3, 4, 6, 5, 4, 6, 5, 4, 6, 5, 11, 13, 14, 15, 13, 14, 13, 9, 5, 4, 3, 4, 3, 5, 6, 5, 3, 5, 7, 5, 4, 2, 5, 7, 8, 4, 3, 4, 3, 2, 3, 2, 4, 2, 4, 2, 3, 1, 4, 3, 5, 3, 2, 1, 3, 4, 3, 11, 4, 5, 4, 3, 4, 3, 2, 1, 4, 3, 9, 13, 15, 14, 13, 14, 13, 14, 13, 4, 8, 3, 2, 1, 0, 1, 2, 1, 0, 1, 3, 0, 1, 2, 6, 3, 6, 5, 9, 10, 13, 14, 13, 7, 4, 5, 3, 9, 4, 2, 4, 5, 3, 5, 4, 5, 4, 5, 6, 4, 2, 0, 5, 6, 4, 6, 7, 6, 5, 6, 4, 1, 2, 1, 4, 3, 5, 4, 5, 4, 6, 5, 4, 5, 3, 2, 1, 3, 4, 5, 6, 7, 6, 5, 11, 9, 6, 4, 6, 14, 15, 3, 2, 3, 2, 3, 2, 3, 5, 6, 5, 6, 5, 4, 2, 6, 1, 3, 2, 3, 6, 4, 5, 7, 6, 5, 6, 2, 3, 2, 4, 2, 3, 4, 5, 1, 2, 5, 2, 4, 3, 6, 4, 3, 5, 4, 6, 2, 3, 5, 6, 3, 4, 5, 6, 5, 7, 5, 7, 5, 6, 4, 5, 6, 4, 2, 3, 4, 9, 4, 2, 7, 9, 11, 14, 13, 14, 15, 13]","[5, 2, 11, 13, 14, 13, 14, 13, 14, 13, 14, 15, 13, 16, 15, 16, 15, 0, 1, 0, 1, 0, 1, 4, 1, 2, 1, 3, 1, 2, 7, 1, 2, 1, 3, 2, 1, 2, 1, 2, 1, 2, 3, 2, 4, 2, 0, 2, 4, 1, 2, 3, 2, 0, 3, 0, 1, 3, 5, 3, 4, 2, 1, 0, 3, 2, 3, 4, 3, 5, 4, 3, 4, 2, 1, 0, 1, 0, 2, 0, 1, 0, 1, 0, 1, 0, 2, 4, 2, 3, 2, 3, 4, 0, 3, 2, 4, 3, 4, 5, 4, 5, 4, 5, 1, 4, 2, 0, 6, 4, 6, 5, 6, 5, 6, 5, 6, 5, 4, 5, 6, 5, 7, 6, 4, 5, 7, 4, 2, 4, 3, 4, 6, 5, 4, 6, 5, 4, 6, 5, 11, 13, 14, 15, 13, 14, 13, 9, 5, 4, 3, 4, 3, 5, 6, 5, 3, 5, 7, 5, 4, 2, 5, 7, 8, 4, 3, 4, 3, 2, 3, 2, 4, 2, 4, 2, 3, 1, 4, 3, 5, 3, 2, 1, 3, 4, 3, 11, 4, 5, 4, 3, 4, 3, 2, 1, 4, 3, 9, 13, 15, 14, 13, 14, 13, 14, 13, 4, 8, 3, 2, 1, 0, 1, 2, 1, 0, 1, 3, 0, 1, 2, 6, 3, 6, 5, 9, 10, 13, 14, 13, 7, 4, 5, 3, 9, 4, 2, 4, 5, 3, 5, 4, 5, 4, 5, 6, 4, 2, 0, 5, 6, 4, 6, 7, 6, 5, 6, 4, 1, 2, 1, 4, 3, 5, 4, 5, 4, 6, 5, 4, 5, 3, 2, 1, 3, 4, 5, 6, 7, 6, 5, 11, 9, 6, 4, 6, 14, 15, 3, 2, 3, 2, 3, 2, 3, 5, 6, 5, 6, 5, 4, 2, 6, 1, 3, 2, 3, 6, 4, 5, 7, 6, 5, 6, 2, 3, 2, 4, 2, 3, 4, 5, 1, 2, 5, 2, 4, 3, 6, 4, 3, 5, 4, 6, 2, 3, 5, 6, 3, 4, 5, 6, 5, 7, 5, 7, 5, 6, 4, 5, 6, 4, 2, 3, 4, 9, 4, 2, 7, 9, 11, 14, 13, 14, 15, 13]"
cb039d67,Task9CM,CM,0,0,0,0,0,0,0,0,0,0,0,0,-281,-101,-19,23,16,3,-281,-101,-19,23,16,3,"[7, 5, 4, 1, 11, 13, 3, 1, 2, 13, 7, 9, 15, 14, 13, 14, 13, 14, 13, 16, 14, 3, 0, 1, 4, 5, 7, 9, 6, 3, 0, 2, 0, 1, 0, 1, 0, 3, 2, 1, 0, 11, 13, 0, 3, 4, 2, 0, 1, 11, 13, 14, 13, 14, 13, 0, 13, 14, 13, 0, 1, 0, 13, 6, 2, 4, 13, 2, 1, 0, 1, 2, 3, 4, 5, 3, 2, 3, 2, 0, 3, 0, 2, 4, 5, 6, 5, 4, 5, 4, 6, 5, 6, 8, 5, 9, 6, 5, 6, 5, 6, 5, 3, 4, 6, 5, 6, 0, 6, 9, 3, 0, 1, 14, 1, 13, 6, 9, 5, 2, 1, 4, 3, 4, 6, 5, 6, 5, 0, 1, 4, 11, 12, 13, 14, 0, 1, 0, 1, 0, 3, 0, 2, 0, 1, 2, 5, 1, 3, 2, 1, 2, 0, 1, 2, 11, 5, 2, 0, 2, 6, 3, 5, 3, 5, 4, 3, 5, 3, 2, 3, 4, 3, 4, 3, 4, 3, 4, 3, 4, 2, 0, 1, 4, 2, 1, 4, 1, 3, 1, 4, 2, 1, 3, 4, 2, 0, 2, 3, 2, 3, 4, 1, 13, 1, 2, 1, 0, 3, 2, 4, 2, 1, 9, 5, 4, 3, 2, 3, 4, 2, 5, 4, 5, 6, 5, 2, 4, 2, 5, 6, 4, 1, 6, 5, 6, 5, 6, 5, 6, 5, 4, 5, 2, 3, 2, 4, 5, 6, 5, 3, 1, 2, 3, 6, 5, 4, 6, 7, 5, 2, 3, 6, 5, 2, 1, 2, 1, 3, 4, 2, 3, 5, 3, 1, 2, 4, 1, 2, 3, 2, 3, 7, 1, 8, 3, 1, 2, 1, 2, 3, 4, 6, 4, 0, 13, 4, 5, 4, 6, 13, 3, 4, 3, 5, 6, 13, 9, 5, 1, 0, 1, 3, 2, 5, 3, 4]","[7, 5, 4, 1, 11, 13, 3, 1, 2, 13, 7, 9, 15, 14, 13, 14, 13, 14, 13, 16, 14, 3, 0, 1, 4, 5, 7, 9, 6, 3, 0, 2, 0, 1, 0, 1, 0, 3, 2, 1, 0, 11, 13, 0, 3, 4, 2, 0, 1, 11, 13, 14, 13, 14, 13, 0, 13, 14, 13, 0, 1, 0, 13, 6, 2, 4, 13, 2, 1, 0, 1, 2, 3, 4, 5, 3, 2, 3, 2, 0, 3, 0, 2, 4, 5, 6, 5, 4, 5, 4, 6, 5, 6, 8, 5, 9, 6, 5, 6, 5, 6, 5, 3, 4, 6, 5, 6, 0, 6, 9, 3, 0, 1, 14, 1, 13, 6, 9, 5, 2, 1, 4, 3, 4, 6, 5, 6, 5, 0, 1, 4, 11, 12, 13, 14, 0, 1, 0, 1, 0, 3, 0, 2, 0, 1, 2, 5, 1, 3, 2, 1, 2, 0, 1, 2, 11, 5, 2, 0, 2, 6, 3, 5, 3, 5, 4, 3, 5, 3, 2, 3, 4, 3, 4, 3, 4, 3, 4, 3, 4, 2, 0, 1, 4, 2, 1, 4, 1, 3, 1, 4, 2, 1, 3, 4, 2, 0, 2, 3, 2, 3, 4, 1, 13, 1, 2, 1, 0, 3, 2, 4, 2, 1, 9, 5, 4, 3, 2, 3, 4, 2, 5, 4, 5, 6, 5, 2, 4, 2, 5, 6, 4, 1, 6, 5, 6, 5, 6, 5, 6, 5, 4, 5, 2, 3, 2, 4, 5, 6, 5, 3, 1, 2, 3, 6, 5, 4, 6, 7, 5, 2, 3, 6, 5, 2, 1, 2, 1, 3, 4, 2, 3, 5, 3, 1, 2, 4, 1, 2, 3, 2, 3, 7, 1, 8, 3, 1, 2, 1, 2, 3, 4, 6, 4, 0, 13, 4, 5, 4, 6, 13, 3, 4, 3, 5, 6, 13, 9, 5, 1, 0, 1, 3, 2, 5, 3, 4]"
5e4ae544,Task9CM,CM,0,0,0,0,0,0,0,0,0,0,0,0,-130,-25,-33,13,-9,2,-130,-25,-33,13,-9,2,"[0, 1, 0, 1, 0, 1, 0, 1, 3, 1, 2, 1, 2, 1, 2, 1, 0, 2, 0, 1, 0, 1, 0, 1, 2, 5, 2, 3, 1, 0, 1, 0, 3, 2, 1, 2, 3, 6, 4, 3, 5, 4, 5, 6, 7, 9, 13, 14, 13, 3, 0, 1, 2, 1, 4, 2, 3, 2, 4, 2, 1, 0, 2, 0, 3, 0, 1, 3, 0, 1, 2, 0, 3, 4, 3, 4, 2, 3, 5, 4, 1, 4, 3, 4, 3, 2, 4, 5, 4, 6, 3, 4, 7, 2, 5, 4, 5, 4, 2, 3, 5, 4, 5, 4, 5, 6, 5, 2, 1, 6, 5, 6, 3, 5, 0, 5, 3, 2, 5, 4, 2, 3, 4, 3, 5, 2, 1, 5, 4, 5, 4, 5, 4, 1, 7, 5, 6, 4, 5, 8, 10, 6, 5, 6, 3, 1, 6, 7, 5, 6, 5, 4, 6, 7, 6, 5, 1, 6, 9, 4, 1, 6, 11, 12, 13, 14, 15, 14, 5, 6, 8, 6, 4, 2, 3, 6]","[0, 1, 0, 1, 0, 1, 0, 1, 3, 1, 2, 1, 2, 1, 2, 1, 0, 2, 0, 1, 0, 1, 0, 1, 2, 5, 2, 3, 1, 0, 1, 0, 3, 2, 1, 2, 3, 6, 4, 3, 5, 4, 5, 6, 7, 9, 13, 14, 13, 3, 0, 1, 2, 1, 4, 2, 3, 2, 4, 2, 1, 0, 2, 0, 3, 0, 1, 3, 0, 1, 2, 0, 3, 4, 3, 4, 2, 3, 5, 4, 1, 4, 3, 4, 3, 2, 4, 5, 4, 6, 3, 4, 7, 2, 5, 4, 5, 4, 2, 3, 5, 4, 5, 4, 5, 6, 5, 2, 1, 6, 5, 6, 3, 5, 0, 5, 3, 2, 5, 4, 2, 3, 4, 3, 5, 2, 1, 5, 4, 5, 4, 5, 4, 1, 7, 5, 6, 4, 5, 8, 10, 6, 5, 6, 3, 1, 6, 7, 5, 6, 5, 4, 6, 7, 6, 5, 1, 6, 9, 4, 1, 6, 11, 12, 13, 14, 15, 14, 5, 6, 8, 6, 4, 2, 3, 6]"
dfab1ede,Task9CM,CM,0,0,0,0,0,0,0,0,0,0,0,0,-160,-50,-31,15,-39,2,-160,-50,-31,15,-39,2,"[7, 1, 0, 6, 2, 1, 0, 13, 11, 13, 15, 12, 13, 14, 2, 1, 0, 15, 13, 0, 1, 0, 11, 1, 2, 0, 1, 0, 1, 2, 1, 2, 3, 2, 0, 2, 0, 1, 2, 1, 2, 1, 0, 3, 2, 3, 0, 6, 8, 3, 5, 3, 1, 0, 3, 0, 1, 0, 11, 0, 5, 2, 3, 1, 0, 1, 2, 1, 0, 1, 2, 5, 9, 11, 13, 14, 13, 14, 13, 14, 13, 14, 13, 14, 5, 4, 3, 4, 2, 13, 4, 3, 6, 9, 4, 13, 1, 6, 2, 8, 4, 3, 1, 0, 1, 4, 3, 13, 14, 13, 0, 1, 4, 3, 2, 3, 1, 2, 1, 2, 1, 0, 1, 2, 1, 3, 2, 1, 2, 4, 3, 1, 3, 7, 3, 2, 1, 0, 3, 5, 3, 4, 3, 1, 5, 4, 2, 3, 1, 2, 1, 5, 0, 6, 0, 2, 1, 6, 5, 2, 1, 0, 1, 3, 5, 2, 3, 7, 3, 4, 7, 3, 4, 3, 4, 3, 4, 3, 5, 3, 5, 6, 5, 6, 7, 13, 6, 3, 4, 7, 6, 2, 3, 6, 13, 15]","[7, 1, 0, 6, 2, 1, 0, 13, 11, 13, 15, 12, 13, 14, 2, 1, 0, 15, 13, 0, 1, 0, 11, 1, 2, 0, 1, 0, 1, 2, 1, 2, 3, 2, 0, 2, 0, 1, 2, 1, 2, 1, 0, 3, 2, 3, 0, 6, 8, 3, 5, 3, 1, 0, 3, 0, 1, 0, 11, 0, 5, 2, 3, 1, 0, 1, 2, 1, 0, 1, 2, 5, 9, 11, 13, 14, 13, 14, 13, 14, 13, 14, 13, 14, 5, 4, 3, 4, 2, 13, 4, 3, 6, 9, 4, 13, 1, 6, 2, 8, 4, 3, 1, 0, 1, 4, 3, 13, 14, 13, 0, 1, 4, 3, 2, 3, 1, 2, 1, 2, 1, 0, 1, 2, 1, 3, 2, 1, 2, 4, 3, 1, 3, 7, 3, 2, 1, 0, 3, 5, 3, 4, 3, 1, 5, 4, 2, 3, 1, 2, 1, 5, 0, 6, 0, 2, 1, 6, 5, 2, 1, 0, 1, 3, 5, 2, 3, 7, 3, 4, 7, 3, 4, 3, 4, 3, 4, 3, 5, 3, 5, 6, 5, 6, 7, 13, 6, 3, 4, 7, 6, 2, 3, 6, 13, 15]"
9a43cae5,Task9CM,CM,0,0,0,0,0,0,0,0,0,0,0,0,-258,-103,-72,22,4,3,-258,-103,-72,22,4,3,"[2, 0, 13, 14, 13, 7, 0, 1, 0, 15, 13, 14, 13, 11, 13, 14, 13, 14, 13, 14, 13, 0, 1, 0, 1, 0, 2, 1, 2, 1, 2, 3, 1, 3, 2, 0, 3, 0, 2, 0, 3, 2, 0, 2, 1, 2, 3, 4, 2, 3, 6, 9, 8, 2, 3, 6, 4, 2, 4, 3, 1, 2, 8, 0, 1, 0, 1, 2, 1, 0, 1, 0, 1, 2, 1, 2, 1, 2, 1, 2, 3, 2, 1, 0, 1, 3, 2, 0, 2, 0, 13, 2, 3, 0, 1, 3, 1, 2, 1, 3, 4, 5, 4, 3, 2, 3, 4, 2, 1, 3, 1, 2, 1, 4, 13, 4, 2, 3, 4, 2, 6, 3, 2, 4, 5, 4, 5, 3, 1, 4, 5, 6, 5, 7, 8, 5, 11, 9, 1, 11, 13, 14, 13, 14, 13, 14, 15, 14, 12, 4, 0, 6, 2, 1, 0, 1, 3, 1, 0, 1, 2, 1, 2, 4, 3, 2, 1, 2, 3, 4, 5, 4, 1, 4, 3, 2, 1, 2, 3, 4, 0, 6, 7, 5, 4, 5, 4, 5, 7, 5, 6, 5, 3, 6, 5, 6, 5, 4, 5, 10, 6, 4, 3, 2, 6, 0, 11, 4, 5, 13, 5, 4, 2, 4, 3, 4, 3, 1, 3, 0, 1, 3, 2, 3, 4, 3, 1, 0, 1, 4, 5, 3, 2, 3, 4, 3, 2, 3, 2, 3, 6, 5, 3, 4, 7, 2, 5, 2, 3, 2, 1, 3, 2, 13, 14, 13, 2, 3, 2, 3, 2, 4, 3, 2, 1, 2, 3, 4, 5, 4, 5, 3, 4, 3, 4, 5, 3, 2, 3, 4, 3, 4, 3, 6, 7, 4, 3, 2, 3, 2, 3, 2, 3, 2, 3, 2, 4, 5, 2, 3, 4, 2, 4, 2]","[2, 0, 13, 14, 13, 7, 0, 1, 0, 15, 13, 14, 13, 11, 13, 14, 13, 14, 13, 14, 13, 0, 1, 0, 1, 0, 2, 1, 2, 1, 2, 3, 1, 3, 2, 0, 3, 0, 2, 0, 3, 2, 0, 2, 1, 2, 3, 4, 2, 3, 6, 9, 8, 2, 3, 6, 4, 2, 4, 3, 1, 2, 8, 0, 1, 0, 1, 2, 1, 0, 1, 0, 1, 2, 1, 2, 1, 2, 1, 2, 3, 2, 1, 0, 1, 3, 2, 0, 2, 0, 13, 2, 3, 0, 1, 3, 1, 2, 1, 3, 4, 5, 4, 3, 2, 3, 4, 2, 1, 3, 1, 2, 1, 4, 13, 4, 2, 3, 4, 2, 6, 3, 2, 4, 5, 4, 5, 3, 1, 4, 5, 6, 5, 7, 8, 5, 11, 9, 1, 11, 13, 14, 13, 14, 13, 14, 15, 14, 12, 4, 0, 6, 2, 1, 0, 1, 3, 1, 0, 1, 2, 1, 2, 4, 3, 2, 1, 2, 3, 4, 5, 4, 1, 4, 3, 2, 1, 2, 3, 4, 0, 6, 7, 5, 4, 5, 4, 5, 7, 5, 6, 5, 3, 6, 5, 6, 5, 4, 5, 10, 6, 4, 3, 2, 6, 0, 11, 4, 5, 13, 5, 4, 2, 4, 3, 4, 3, 1, 3, 0, 1, 3, 2, 3, 4, 3, 1, 0, 1, 4, 5, 3, 2, 3, 4, 3, 2, 3, 2, 3, 6, 5, 3, 4, 7, 2, 5, 2, 3, 2, 1, 3, 2, 13, 14, 13, 2, 3, 2, 3, 2, 4, 3, 2, 1, 2, 3, 4, 5, 4, 5, 3, 4, 3, 4, 5, 3, 2, 3, 4, 3, 4, 3, 6, 7, 4, 3, 2, 3, 2, 3, 2, 3, 2, 3, 2, 4, 5, 2, 3, 4, 2, 4, 2]"
66310afd,Task9CM,CM,0,0,0,0,0,0,0,0,0,0,0,0,-160,-20,-51,15,-19,2,-160,-20,-51,15,-19,2,"[7, 4, 0, 1, 2, 1, 7, 13, 1, 0, 1, 0, 1, 0, 1, 0, 1, 2, 1, 2, 1, 2, 4, 3, 2, 1, 0, 1, 2, 1, 2, 1, 2, 1, 2, 3, 2, 0, 2, 1, 11, 13, 14, 13, 2, 0, 1, 0, 1, 2, 15, 14, 13, 2, 1, 2, 1, 2, 1, 0, 1, 2, 4, 2, 1, 0, 2, 5, 2, 3, 2, 3, 2, 7, 2, 3, 4, 2, 1, 0, 3, 1, 0, 3, 0, 1, 0, 1, 3, 1, 3, 4, 3, 1, 0, 1, 0, 3, 4, 5, 4, 5, 4, 5, 6, 5, 6, 5, 6, 7, 9, 6, 9, 6, 5, 7, 6, 4, 6, 5, 6, 5, 6, 4, 2, 5, 2, 3, 2, 5, 4, 3, 2, 3, 4, 5, 6, 7, 6, 5, 7, 6, 5, 6, 4, 2, 3, 2, 3, 2, 3, 2, 3, 2, 3, 5, 6, 4, 7, 2, 3, 5, 4, 8, 9, 4, 3, 2, 6, 3, 4, 3, 5, 6, 5, 6, 4, 5, 7, 5, 7, 5, 6, 13, 5, 4, 2, 6, 5, 13, 14, 13, 11, 14, 6, 7]","[7, 4, 0, 1, 2, 1, 7, 13, 1, 0, 1, 0, 1, 0, 1, 0, 1, 2, 1, 2, 1, 2, 4, 3, 2, 1, 0, 1, 2, 1, 2, 1, 2, 1, 2, 3, 2, 0, 2, 1, 11, 13, 14, 13, 2, 0, 1, 0, 1, 2, 15, 14, 13, 2, 1, 2, 1, 2, 1, 0, 1, 2, 4, 2, 1, 0, 2, 5, 2, 3, 2, 3, 2, 7, 2, 3, 4, 2, 1, 0, 3, 1, 0, 3, 0, 1, 0, 1, 3, 1, 3, 4, 3, 1, 0, 1, 0, 3, 4, 5, 4, 5, 4, 5, 6, 5, 6, 5, 6, 7, 9, 6, 9, 6, 5, 7, 6, 4, 6, 5, 6, 5, 6, 4, 2, 5, 2, 3, 2, 5, 4, 3, 2, 3, 4, 5, 6, 7, 6, 5, 7, 6, 5, 6, 4, 2, 3, 2, 3, 2, 3, 2, 3, 2, 3, 5, 6, 4, 7, 2, 3, 5, 4, 8, 9, 4, 3, 2, 6, 3, 4, 3, 5, 6, 5, 6, 4, 5, 7, 5, 7, 5, 6, 13, 5, 4, 2, 6, 5, 13, 14, 13, 11, 14, 6, 7]"
615db7bf,Task9CP,CP,-233,-72,-118,9,-26,2,-233,-57,-128,9,-16,2,-252,-77,-121,17,-25,3,-227,-37,-84,19,31,4,"[5, 0, 1, 3, 0, 1, 0, 4, 19, 2, 1, 5, 7, 2, 4, 2, 1, 3, 1, 2, 1, 0, 2, 0, 1, 0, 1, 0, 1, 2, 0, 2, 0, 2, 4, 0, 1, 3, 1, 3, 5, 6, 3, 5, 3, 5, 3, 5, 1, 0, 5, 7, 6, 7, 8, 6, 9, 7, 11, 9, 10, 9, 10, 11, 10, 8, 10, 1, 0, 1, 16, 3, 1, 0, 1, 0, 3, 1, 0, 1, 0, 2, 1, 0, 1, 0, 1, 3, 0, 1, 0, 14, 1, 3, 1, 3, 1, 3, 5, 3, 1, 0, 5, 3, 1, 5, 6, 5, 3, 0, 1, 5, 1, 0, 6, 3, 1, 6, 0, 8, 6, 7, 6, 5, 6, 5, 6, 8, 6, 7, 5, 3, 6, 8, 5, 3, 6, 8, 9, 8, 6, 9, 7, 8, 9, 6, 8, 6, 7, 10, 9, 7, 9, 10, 8, 11, 10, 6, 8, 5, 9, 8, 10, 9, 7, 9, 7, 9, 2, 7, 9, 8, 7, 9, 7, 9, 6, 7, 9, 7, 8, 9, 10, 8, 12, 10, 8, 3, 10, 14, 8, 16, 10, 14, 10, 5, 6, 5, 9, 7, 10, 9, 8, 6, 5, 6, 5, 10, 8, 5, 3, 5, 3, 5, 6, 8, 5, 6, 8, 6, 8, 10, 9, 7, 9, 7, 9, 8, 6, 5, 6, 5, 11, 10, 5, 3, 5, 10, 8, 9, 11, 8, 6, 12, 6, 10, 8, 9, 1, 10, 5, 10, 8, 6, 3, 5, 8, 5, 11, 6, 8, 5, 9, 7, 1, 3, 5, 10, 11, 8, 3, 5, 3, 5, 3, 5, 6, 9, 8, 10, 8, 7, 9, 7, 6, 14, 16, 19]","[3, 0, 1, 2, 0, 1, 0, 2, 13, 1, 3, 4, 1, 2, 1, 2, 1, 0, 1, 0, 1, 0, 1, 0, 1, 0, 1, 0, 1, 2, 0, 1, 2, 1, 2, 3, 4, 2, 3, 2, 3, 2, 3, 1, 0, 3, 4, 5, 4, 5, 4, 7, 5, 6, 5, 6, 7, 6, 5, 6, 1, 0, 1, 11, 2, 1, 0, 1, 0, 2, 1, 0, 1, 0, 1, 0, 1, 0, 1, 2, 0, 1, 0, 9, 1, 2, 1, 2, 1, 2, 3, 2, 1, 0, 3, 2, 1, 3, 4, 3, 2, 0, 1, 3, 1, 0, 4, 2, 1, 4, 0, 5, 4, 3, 4, 3, 4, 5, 4, 3, 2, 4, 5, 3, 2, 4, 5, 4, 5, 4, 5, 4, 5, 4, 6, 5, 4, 5, 6, 5, 7, 6, 4, 5, 3, 5, 6, 5, 4, 5, 4, 5, 1, 4, 5, 4, 5, 4, 5, 4, 5, 4, 5, 6, 5, 7, 6, 5, 2, 6, 9, 5, 11, 6, 9, 6, 3, 4, 3, 5, 4, 6, 5, 4, 3, 4, 3, 6, 5, 3, 2, 3, 2, 3, 4, 5, 3, 4, 5, 4, 5, 6, 5, 4, 5, 4, 5, 4, 3, 4, 3, 7, 6, 3, 2, 3, 6, 5, 7, 5, 4, 7, 4, 6, 5, 1, 6, 3, 6, 5, 4, 2, 3, 5, 3, 7, 4, 5, 3, 5, 4, 1, 2, 3, 6, 7, 5, 2, 3, 2, 3, 2, 3, 4, 5, 6, 5, 4, 5, 4, 9, 11, 13]"
f9ec2bc7,Task9CP,CP,-166,-60,-96,7,-44,2,-161,-65,-91,6,-49,2,-185,-65,-69,17,-34,2,-173,-33,-43,16,24,3,"[3, 0, 1, 0, 1, 0, 1, 2, 3, 1, 3, 5, 0, 1, 5, 3, 5, 0, 5, 6, 3, 0, 1, 5, 6, 5, 6, 5, 1, 3, 4, 6, 9, 7, 8, 10, 8, 5, 6, 9, 6, 8, 6, 20, 21, 20, 21, 7, 9, 6, 14, 8, 19, 20, 5, 3, 6, 8, 10, 8, 6, 9, 5, 3, 9, 10, 8, 10, 9, 10, 9, 10, 9, 7, 9, 7, 9, 8, 6, 8, 5, 6, 8, 6, 5, 8, 9, 7, 9, 10, 9, 10, 9, 7, 10, 5, 9, 7, 9, 10, 9, 6, 3, 6, 3, 6, 8, 10, 12, 10, 7, 8, 6, 11, 10, 8, 9, 11, 19, 20, 21, 19, 6, 0, 1, 3, 1, 0, 1, 3, 0, 19, 5, 3, 5, 3, 10, 5, 3, 0, 7, 9, 3, 0, 9, 7, 1, 9, 3, 0, 1, 3, 21, 3, 0, 3, 5, 3, 5, 6, 5, 6, 4, 7, 4, 5, 6, 4, 5, 3, 4, 2, 4, 8, 6, 5, 6, 3, 5, 3, 5, 6, 5, 1, 5, 1, 0, 10, 13, 10, 6, 1, 17, 5, 1, 3, 1, 13, 10, 5, 6, 8, 1, 19, 20, 21, 20, 19, 20, 19, 20, 19, 17, 19, 20, 11, 10, 9, 8, 6, 8, 10, 7, 9, 7, 10]","[2, 0, 1, 0, 1, 0, 1, 2, 1, 2, 3, 0, 1, 3, 2, 3, 0, 3, 4, 2, 0, 1, 3, 4, 3, 4, 3, 1, 2, 4, 5, 4, 5, 6, 5, 3, 4, 5, 4, 5, 4, 14, 15, 14, 15, 4, 5, 4, 9, 5, 13, 14, 3, 2, 4, 5, 6, 5, 4, 5, 3, 2, 5, 6, 5, 6, 5, 6, 5, 6, 5, 4, 5, 4, 5, 4, 5, 3, 4, 5, 4, 3, 5, 4, 5, 6, 5, 6, 5, 4, 6, 3, 5, 4, 5, 6, 5, 4, 2, 4, 2, 4, 5, 6, 7, 6, 4, 5, 4, 7, 6, 5, 7, 13, 14, 15, 13, 4, 0, 1, 2, 1, 0, 1, 2, 0, 13, 3, 2, 3, 2, 6, 3, 2, 0, 4, 5, 2, 0, 5, 4, 1, 5, 2, 0, 1, 2, 15, 2, 0, 2, 3, 2, 3, 4, 3, 4, 2, 4, 2, 3, 4, 2, 3, 2, 1, 2, 5, 4, 3, 4, 2, 3, 2, 3, 4, 3, 1, 3, 1, 0, 6, 8, 6, 4, 1, 11, 3, 1, 2, 1, 8, 6, 3, 4, 5, 1, 13, 14, 15, 14, 13, 14, 13, 14, 13, 11, 13, 14, 7, 6, 5, 4, 5, 6, 4, 5, 4, 6]"
dac593bd,Task9CP,CP,-177,-66,-57,7,-66,1,-182,-66,-72,6,-65,2,-201,-96,-72,15,-85,2,-177,-47,-17,16,-11,2,"[10, 6, 10, 9, 7, 3, 1, 0, 2, 0, 4, 2, 4, 6, 5, 10, 9, 7, 16, 13, 16, 19, 20, 19, 20, 19, 20, 19, 20, 0, 1, 16, 19, 0, 1, 3, 1, 3, 2, 4, 2, 4, 1, 3, 4, 3, 1, 0, 1, 4, 5, 3, 4, 2, 5, 7, 8, 11, 7, 9, 6, 10, 8, 11, 7, 9, 8, 14, 20, 13, 14, 19, 17, 1, 0, 3, 1, 0, 1, 3, 1, 2, 4, 1, 6, 1, 0, 1, 3, 4, 2, 4, 5, 3, 5, 4, 5, 6, 5, 4, 7, 6, 8, 6, 8, 9, 8, 14, 9, 12, 10, 19, 5, 9, 7, 6, 3, 1, 3, 4, 1, 3, 5, 0, 1, 0, 1, 3, 5, 6, 5, 3, 4, 0, 1, 3, 6, 8, 6, 5, 7, 9, 7, 9, 7, 4, 7, 3, 5, 16, 19, 8, 14, 13, 8, 6, 8, 6, 1, 6, 7, 5, 3, 5, 12, 10, 5, 3, 0, 4, 1, 5, 7, 16, 6, 5, 3, 1, 3, 6, 7, 5, 3, 1, 4, 20, 19, 10, 6, 20, 14, 10, 19, 20, 19, 21, 19, 17, 19, 20, 21, 20, 19, 8, 6, 8, 6, 7, 5, 6, 5, 7, 6, 7, 9, 8, 5, 7, 5, 6, 5, 3, 5, 6, 5, 7, 4, 7, 9, 10, 14, 10, 6, 7, 16, 10, 16, 13, 19, 3, 10, 17]","[6, 4, 6, 5, 4, 2, 1, 0, 1, 0, 2, 1, 2, 4, 3, 6, 5, 4, 11, 8, 11, 13, 14, 13, 14, 13, 14, 13, 14, 0, 1, 11, 13, 0, 1, 2, 1, 2, 1, 2, 1, 2, 1, 2, 1, 0, 1, 2, 3, 2, 1, 3, 4, 5, 7, 4, 5, 4, 6, 5, 7, 4, 5, 9, 14, 8, 9, 13, 11, 1, 0, 2, 1, 0, 1, 2, 1, 2, 1, 4, 1, 0, 1, 2, 1, 2, 3, 2, 3, 2, 3, 4, 3, 2, 4, 5, 4, 5, 9, 5, 7, 6, 13, 3, 5, 4, 2, 1, 2, 1, 2, 3, 0, 1, 0, 1, 2, 3, 4, 3, 2, 0, 1, 2, 4, 5, 4, 3, 4, 5, 4, 5, 4, 2, 4, 2, 3, 11, 13, 5, 9, 8, 5, 4, 5, 4, 1, 4, 3, 2, 3, 7, 6, 3, 2, 0, 2, 1, 3, 4, 11, 4, 3, 2, 1, 2, 4, 3, 2, 1, 2, 14, 13, 6, 4, 14, 9, 6, 13, 14, 13, 15, 13, 11, 13, 14, 15, 14, 13, 5, 4, 5, 4, 3, 4, 3, 4, 5, 3, 4, 3, 4, 3, 2, 3, 4, 3, 4, 2, 4, 5, 6, 9, 6, 4, 11, 6, 11, 8, 13, 2, 6, 11]"
b1c5e27d,Task9CP,CP,-153,-52,-68,9,-46,2,-153,-47,-73,8,-46,2,-162,-42,-33,15,-11,2,-155,-25,-16,15,21,2,"[0, 2, 0, 3, 1, 0, 1, 2, 4, 0, 3, 0, 6, 1, 5, 3, 6, 3, 1, 11, 5, 3, 8, 3, 5, 8, 5, 4, 3, 4, 1, 3, 4, 5, 1, 5, 6, 11, 6, 8, 5, 6, 10, 6, 10, 11, 10, 8, 11, 5, 6, 5, 8, 7, 9, 7, 3, 0, 9, 7, 4, 7, 4, 2, 10, 5, 6, 3, 5, 8, 13, 14, 16, 19, 16, 19, 0, 1, 0, 8, 3, 20, 3, 5, 0, 1, 3, 1, 3, 8, 3, 5, 3, 5, 3, 6, 5, 3, 0, 3, 0, 1, 10, 3, 5, 6, 3, 11, 3, 0, 1, 0, 3, 5, 11, 5, 0, 1, 5, 3, 2, 0, 5, 10, 6, 10, 5, 8, 5, 10, 6, 5, 6, 8, 6, 11, 6, 8, 6, 8, 5, 3, 10, 8, 5, 3, 9, 5, 8, 11, 8, 6, 7, 10, 7, 0, 6, 5, 7, 11, 7, 8, 10, 8, 5, 3, 5, 6, 7, 8, 14, 0, 11, 8, 6, 0, 1, 6, 3, 8, 3, 11, 3, 0, 19, 12, 10, 9, 5, 7, 6, 5, 8, 3, 5, 3, 5, 3, 5, 9, 20, 19, 18]","[0, 1, 0, 2, 1, 0, 1, 2, 0, 2, 0, 4, 1, 3, 2, 4, 2, 1, 7, 3, 2, 5, 2, 3, 5, 3, 2, 1, 2, 3, 1, 3, 4, 7, 4, 5, 3, 4, 6, 4, 6, 7, 6, 5, 7, 3, 4, 3, 5, 4, 5, 4, 2, 0, 5, 4, 2, 4, 2, 1, 6, 3, 4, 2, 3, 5, 8, 9, 11, 13, 11, 13, 0, 1, 0, 5, 2, 14, 2, 3, 0, 1, 2, 1, 2, 5, 2, 3, 2, 3, 2, 4, 3, 2, 0, 2, 0, 1, 6, 2, 3, 4, 2, 7, 2, 0, 1, 0, 2, 3, 7, 3, 0, 1, 3, 2, 1, 0, 3, 6, 4, 6, 3, 5, 3, 6, 4, 3, 4, 5, 4, 7, 4, 5, 4, 5, 3, 2, 6, 5, 3, 2, 5, 3, 5, 7, 5, 4, 6, 4, 0, 4, 3, 4, 7, 4, 5, 6, 5, 3, 2, 3, 4, 5, 9, 0, 7, 5, 4, 0, 1, 4, 2, 5, 2, 7, 2, 0, 13, 7, 6, 5, 3, 4, 3, 5, 2, 3, 2, 3, 2, 3, 5, 14, 13, 12]"
967a04d0,Task9CP,CP,-106,-65,-26,6,-65,1,-106,-75,-46,6,-75,1,-125,-70,-45,11,-54,2,-107,-47,-6,12,-16,2,"[2, 0, 1, 0, 1, 0, 2, 1, 2, 1, 2, 3, 0, 3, 4, 3, 5, 6, 5, 1, 0, 2, 0, 3, 5, 0, 1, 0, 6, 5, 8, 6, 5, 1, 2, 0, 6, 5, 3, 5, 1, 6, 1, 6, 9, 6, 9, 7, 9, 8, 10, 8, 6, 8, 9, 6, 8, 10, 9, 10, 12, 14, 8, 5, 3, 0, 3, 5, 19, 7, 10, 19, 21, 20, 19, 10, 5, 16, 20, 19, 1, 0, 8, 1, 13, 15, 21, 19, 20, 19, 9, 20, 19, 16, 21, 11, 21, 19, 21, 19, 10, 21, 20, 21, 20, 11, 10, 20, 22, 19, 20, 19, 16, 8, 5, 1, 2, 4, 9, 16, 5, 3, 1, 2, 4, 7, 8, 19, 10, 9, 5, 3, 6, 5, 19, 21, 14, 19, 16, 10, 11, 21, 19, 12, 10, 19, 20, 10, 9, 10, 9, 8, 10, 5, 10, 9, 6, 8, 10, 9, 8, 10, 9, 10, 16, 19, 5, 19, 10, 11, 16]","[1, 0, 1, 0, 1, 0, 1, 2, 0, 2, 3, 4, 3, 1, 0, 1, 0, 2, 3, 0, 1, 0, 4, 3, 5, 4, 3, 1, 0, 4, 3, 2, 3, 1, 4, 1, 4, 5, 4, 5, 4, 5, 6, 5, 4, 5, 4, 5, 6, 5, 6, 7, 9, 5, 3, 2, 0, 2, 3, 13, 4, 6, 13, 15, 14, 13, 6, 3, 11, 14, 13, 1, 0, 5, 1, 8, 10, 15, 13, 14, 13, 5, 14, 13, 11, 15, 7, 15, 13, 15, 13, 6, 15, 14, 15, 14, 7, 6, 14, 16, 13, 14, 13, 11, 5, 3, 1, 2, 5, 11, 3, 2, 1, 2, 4, 5, 13, 6, 5, 3, 2, 4, 3, 13, 15, 9, 13, 11, 6, 7, 15, 13, 7, 6, 13, 14, 6, 5, 6, 5, 6, 3, 6, 5, 4, 5, 6, 5, 6, 5, 6, 11, 13, 3, 13, 6, 7, 11]"
66b337a9,Task9CP,CP,-127,-36,-77,5,-36,1,-127,-41,-77,5,-41,1,-141,-31,-72,10,-20,2,-125,-10,-55,11,11,2,"[10, 0, 1, 0, 1, 0, 3, 1, 19, 20, 19, 5, 0, 1, 0, 2, 0, 1, 0, 2, 0, 16, 2, 1, 0, 1, 3, 1, 2, 4, 1, 0, 1, 2, 4, 2, 3, 0, 3, 11, 10, 8, 19, 8, 6, 3, 1, 0, 8, 6, 5, 11, 13, 11, 10, 14, 3, 5, 3, 16, 3, 10, 6, 3, 6, 5, 3, 5, 3, 5, 7, 5, 3, 0, 1, 0, 1, 2, 1, 0, 6, 5, 6, 5, 1, 10, 6, 7, 3, 8, 5, 11, 9, 5, 3, 9, 8, 9, 7, 6, 9, 5, 6, 5, 10, 8, 9, 3, 0, 1, 9, 10, 9, 8, 9, 7, 9, 8, 6, 8, 7, 10, 8, 9, 8, 6, 5, 10, 11, 10, 11, 10, 8, 10, 9, 10, 8, 13, 8, 5, 3, 1, 3, 6, 5, 6, 5, 3, 5, 3, 5, 8, 10, 6, 5, 3, 5, 4, 2, 9, 8, 10, 8, 7, 0, 19, 5, 3, 1, 3, 5, 3]","[6, 0, 1, 0, 1, 0, 2, 1, 13, 14, 13, 3, 0, 1, 0, 1, 0, 1, 0, 1, 0, 11, 1, 0, 1, 2, 1, 2, 1, 0, 1, 2, 1, 2, 0, 2, 7, 6, 5, 13, 5, 4, 2, 1, 0, 5, 4, 3, 7, 8, 7, 6, 9, 2, 3, 2, 11, 2, 6, 4, 2, 4, 3, 2, 3, 2, 3, 4, 3, 2, 0, 1, 0, 1, 0, 4, 3, 4, 3, 1, 6, 4, 2, 5, 3, 7, 5, 3, 2, 5, 4, 5, 3, 4, 3, 6, 5, 2, 0, 1, 5, 6, 5, 4, 5, 4, 5, 4, 6, 5, 4, 3, 6, 7, 6, 7, 6, 5, 6, 5, 6, 5, 8, 5, 3, 2, 1, 2, 4, 3, 4, 3, 2, 3, 2, 3, 5, 6, 4, 3, 2, 3, 2, 1, 5, 6, 5, 4, 0, 13, 3, 2, 1, 2, 3, 2]"
45c939e2,Task9CP,CP,-36,-55,-11,3,-55,1,-36,-60,-21,3,-60,1,-50,-50,-15,6,-50,1,-40,-30,0,6,-30,1,"[4, 1, 0, 3, 2, 6, 16, 12, 1, 0, 2, 0, 2, 4, 2, 0, 19, 20, 19, 20, 21, 0, 1, 3, 1, 2, 1, 2, 1, 0, 1, 3, 1, 5, 3, 5, 4, 5, 6, 7, 0, 2, 0, 1, 0, 6, 5, 0, 3, 5, 6, 0, 6, 3, 6, 3, 1, 3, 2, 3, 7, 8, 10, 8, 9, 8, 9, 8, 9, 7, 10, 9, 10, 11, 19, 20, 19, 20, 19, 8, 5, 19, 11, 19, 6, 10]","[2, 1, 0, 2, 1, 4, 11, 7, 1, 0, 1, 0, 1, 2, 1, 0, 13, 14, 13, 14, 15, 0, 1, 2, 1, 0, 1, 2, 1, 3, 2, 3, 2, 3, 4, 0, 1, 0, 1, 0, 4, 3, 0, 2, 3, 4, 0, 4, 2, 4, 2, 1, 2, 1, 2, 4, 5, 6, 5, 4, 6, 5, 6, 7, 13, 14, 13, 14, 13, 5, 3, 13, 7, 13, 4, 6]"
ba88bf04,Task9CP,CP,-51,-40,-36,2,-40,1,-51,-35,-31,2,-35,1,-65,-20,-45,6,-20,1,-51,-1,-15,7,-1,1,"[17, 3, 1, 4, 5, 3, 1, 4, 3, 4, 5, 3, 1, 5, 6, 5, 6, 8, 10, 6, 5, 8, 10, 9, 8, 10, 9, 10, 9, 8, 10, 8, 10, 9, 10, 7, 4, 10, 12, 10, 8, 10, 9, 10, 13, 12, 17, 16, 18, 20, 21, 22, 11, 10, 9, 10, 21, 22, 21, 10, 12, 10, 11, 8, 11, 10, 6, 20, 21, 8, 22, 21, 11, 12, 11, 12, 21, 6, 20, 22, 20, 21, 22, 21, 22, 19, 22, 21, 8, 10, 12, 8, 6, 11, 8, 12, 11, 8, 6, 10, 12]","[11, 2, 1, 2, 3, 2, 1, 2, 3, 2, 1, 3, 4, 3, 4, 5, 6, 4, 3, 5, 6, 5, 6, 5, 6, 5, 6, 5, 6, 5, 6, 4, 2, 6, 7, 6, 5, 6, 5, 6, 8, 7, 11, 12, 14, 15, 16, 7, 6, 5, 6, 15, 16, 15, 6, 7, 6, 7, 5, 7, 6, 4, 14, 15, 5, 16, 15, 7, 15, 4, 14, 16, 14, 15, 16, 15, 16, 13, 16, 15, 5, 6, 7, 5, 4, 7, 5, 7, 5, 4, 6, 7]"
782b7c64,Task9CP,CP,-77,-56,-47,4,-56,1,-77,-61,-52,4,-61,1,-91,-66,-71,6,-66,1,-81,-21,-28,9,-21,1,"[4, 7, 9, 14, 5, 4, 0, 1, 0, 1, 0, 2, 1, 0, 1, 4, 3, 6, 8, 5, 4, 6, 5, 1, 3, 1, 3, 5, 4, 3, 2, 5, 0, 2, 5, 3, 5, 3, 4, 3, 0, 3, 0, 3, 1, 5, 6, 5, 7, 3, 5, 3, 5, 8, 3, 6, 7, 9, 10, 9, 10, 2, 4, 9, 10, 9, 7, 4, 5, 3, 2, 4, 3, 9, 3, 4, 7, 9, 10, 9, 7, 4, 7, 5, 0, 5, 8, 6, 7, 9, 12, 9, 11, 14, 7, 9, 5, 8, 6, 5, 1, 3, 1, 3, 1, 3, 1, 3, 1, 3, 21, 20, 6, 19, 21, 8, 9, 10, 7, 4, 1, 11, 8, 3, 19, 1, 0]","[2, 4, 5, 9, 3, 2, 0, 1, 0, 1, 0, 1, 0, 1, 2, 4, 5, 3, 2, 4, 3, 1, 2, 1, 2, 3, 2, 1, 3, 0, 1, 3, 2, 3, 2, 0, 2, 0, 2, 1, 3, 4, 3, 4, 2, 3, 2, 3, 5, 2, 4, 5, 6, 5, 6, 1, 2, 5, 6, 5, 4, 2, 3, 2, 1, 2, 5, 2, 4, 5, 6, 5, 4, 2, 4, 3, 0, 3, 5, 4, 5, 7, 5, 7, 9, 4, 5, 3, 5, 4, 3, 1, 2, 1, 2, 1, 2, 1, 2, 1, 2, 15, 14, 4, 13, 15, 5, 6, 4, 2, 1, 7, 5, 2, 13, 1, 0]"
4d750b0b,Task9CP,CP,-166,-55,-111,5,-49,2,-166,-50,-101,5,-50,1,-180,-65,-99,17,-49,2,-169,-44,-64,16,13,3,"[12, 3, 0, 2, 7, 0, 2, 0, 16, 19, 0, 3, 0, 1, 0, 3, 0, 1, 0, 2, 0, 3, 0, 3, 0, 3, 0, 1, 5, 3, 0, 1, 0, 3, 1, 3, 1, 3, 6, 1, 0, 3, 1, 4, 5, 3, 8, 3, 8, 5, 6, 3, 10, 16, 5, 6, 5, 10, 3, 5, 3, 5, 10, 5, 6, 5, 3, 1, 8, 3, 1, 6, 3, 1, 3, 1, 5, 6, 9, 7, 3, 4, 3, 4, 1, 3, 4, 7, 3, 8, 3, 1, 3, 6, 3, 6, 3, 5, 6, 3, 5, 7, 5, 4, 3, 14, 3, 5, 1, 5, 1, 8, 5, 3, 5, 6, 7, 5, 8, 6, 5, 6, 8, 5, 6, 5, 7, 8, 6, 7, 9, 7, 5, 6, 5, 7, 8, 6, 11, 6, 8, 10, 6, 7, 5, 7, 8, 6, 11, 5, 6, 5, 1, 0, 6, 1, 0, 1, 3, 7, 4, 2, 1, 5, 1, 2, 4, 2, 4, 2, 7, 4, 5, 1, 3, 5, 9, 5, 3, 7, 14, 7, 5, 3, 4, 6, 5, 7, 9, 7, 8, 19, 7, 2, 10, 16, 19, 5, 14, 15, 16, 19, 20, 16, 20, 19, 20, 19, 20, 19, 21, 11, 7, 8, 5, 3, 5, 3, 0, 1, 10, 6, 5, 0, 1, 12]","[7, 2, 0, 1, 4, 0, 1, 0, 11, 13, 0, 2, 0, 1, 0, 2, 0, 1, 0, 1, 0, 2, 0, 2, 0, 2, 0, 1, 3, 2, 0, 1, 0, 2, 1, 2, 1, 2, 4, 1, 0, 2, 1, 2, 3, 2, 5, 2, 5, 3, 4, 2, 6, 11, 3, 4, 3, 6, 2, 3, 2, 3, 6, 3, 4, 3, 2, 1, 5, 2, 1, 4, 2, 1, 2, 1, 3, 4, 5, 4, 2, 1, 2, 4, 2, 5, 2, 1, 2, 4, 2, 4, 2, 3, 4, 2, 3, 4, 3, 2, 9, 2, 3, 1, 3, 1, 5, 3, 2, 3, 4, 3, 5, 4, 3, 4, 5, 3, 4, 3, 4, 5, 4, 5, 4, 3, 4, 3, 4, 5, 4, 7, 4, 5, 6, 4, 3, 4, 5, 4, 7, 3, 4, 3, 1, 0, 4, 1, 0, 1, 2, 4, 2, 1, 3, 1, 2, 1, 2, 1, 4, 2, 3, 1, 2, 3, 5, 3, 2, 4, 9, 4, 3, 2, 4, 3, 4, 5, 4, 5, 13, 4, 1, 6, 11, 13, 3, 9, 10, 11, 13, 14, 11, 14, 13, 14, 13, 14, 13, 15, 7, 4, 5, 3, 2, 3, 2, 0, 1, 6, 4, 3, 0, 1, 7]"
1ce913d5,Task10CM,CM,0,0,0,0,0,0,0,0,0,0,0,0,-78,-85,-33,6,-25,6,-78,-85,-33,6,-25,6,"[10, 2, 1, 0, 1, 0, 1, 0, 2, 1, 0, 1, 3, 4, 1, 2, 1, 3, 2, 1, 2, 3, 0, 1, 0, 1, 2, 1, 2, 3, 1, 2, 1, 2, 1, 0, 2, 3, 4, 6, 10, 15, 2, 1, 3, 2, 3, 1, 0, 2, 3, 4, 5, 4, 6, 15, 16, 15, 5, 4, 17, 16, 17, 18, 16, 8, 9, 10, 9, 7, 9, 11, 12, 13, 11, 8, 11, 8, 7, 8, 7, 5, 4, 5, 4, 3, 4, 7, 3, 4, 5, 4, 5, 4, 15, 4, 5, 2, 4, 5, 4, 15, 5, 6, 4, 15, 16, 8, 9, 15, 7, 6, 7, 9, 10, 9, 7, 8, 7, 6, 4, 5, 7, 5, 15]","[10, 2, 1, 0, 1, 0, 1, 0, 2, 1, 0, 1, 3, 4, 1, 2, 1, 3, 2, 1, 2, 3, 0, 1, 0, 1, 2, 1, 2, 3, 1, 2, 1, 2, 1, 0, 2, 3, 4, 6, 10, 15, 2, 1, 3, 2, 3, 1, 0, 2, 3, 4, 5, 4, 6, 15, 16, 15, 5, 4, 17, 16, 17, 18, 16, 8, 9, 10, 9, 7, 9, 11, 12, 13, 11, 8, 11, 8, 7, 8, 7, 5, 4, 5, 4, 3, 4, 7, 3, 4, 5, 4, 5, 4, 15, 4, 5, 2, 4, 5, 4, 15, 5, 6, 4, 15, 16, 8, 9, 15, 7, 6, 7, 9, 10, 9, 7, 8, 7, 6, 4, 5, 7, 5, 15]"
9679a6e6,Task10CM,CM,0,0,0,0,0,0,0,0,0,0,0,0,-23,-20,6,3,0,4,-23,-20,6,3,0,4,"[6, 4, 0, 1, 2, 3, 0, 4, 6, 7, 5, 4, 15, 16, 15, 16, 3, 0, 1, 0, 1, 2, 3, 2, 3, 2, 15, 3, 1, 3, 2, 0, 3, 7, 2, 3, 15, 3, 4, 3, 16, 15, 4, 5, 6, 5, 6, 7, 10, 4, 6, 8, 5, 4, 15, 5, 4, 16, 15, 16]","[6, 4, 0, 1, 2, 3, 0, 4, 6, 7, 5, 4, 15, 16, 15, 16, 3, 0, 1, 0, 1, 2, 3, 2, 3, 2, 15, 3, 1, 3, 2, 0, 3, 7, 2, 3, 15, 3, 4, 3, 16, 15, 4, 5, 6, 5, 6, 7, 10, 4, 6, 8, 5, 4, 15, 5, 4, 16, 15, 16]"
625d844e,Task10CM,CM,0,0,0,0,0,0,0,0,0,0,0,0,-114,-111,-27,7,-36,4,-114,-111,-27,7,-36,4,"[10, 5, 0, 1, 12, 14, 15, 16, 15, 16, 15, 18, 19, 16, 15, 3, 13, 18, 16, 15, 2, 1, 0, 1, 2, 4, 2, 3, 4, 6, 8, 3, 2, 3, 5, 6, 5, 6, 7, 6, 3, 2, 5, 6, 5, 6, 5, 0, 7, 6, 7, 6, 4, 3, 2, 1, 6, 7, 6, 10, 8, 7, 6, 5, 2, 3, 2, 4, 3, 5, 6, 16, 8, 6, 5, 6, 5, 7, 5, 4, 5, 9, 8, 10, 6, 5, 0, 5, 6, 4, 7, 5, 8, 9, 16, 15, 10, 8, 10, 11, 9, 6, 15, 9, 7, 4, 6, 8, 7, 6, 4, 2, 1, 2, 0, 1, 3, 0, 6, 7, 4, 3, 4, 2, 5, 6, 8, 6, 5, 3, 15, 16, 8, 7, 17, 16, 15, 16, 15, 16, 15, 7, 2, 3, 4, 6, 4, 15, 6, 2, 3, 2, 3, 1, 3, 2, 0, 15, 16, 15, 16, 17, 16, 6, 5, 6]","[10, 5, 0, 1, 12, 14, 15, 16, 15, 16, 15, 18, 19, 16, 15, 3, 13, 18, 16, 15, 2, 1, 0, 1, 2, 4, 2, 3, 4, 6, 8, 3, 2, 3, 5, 6, 5, 6, 7, 6, 3, 2, 5, 6, 5, 6, 5, 0, 7, 6, 7, 6, 4, 3, 2, 1, 6, 7, 6, 10, 8, 7, 6, 5, 2, 3, 2, 4, 3, 5, 6, 16, 8, 6, 5, 6, 5, 7, 5, 4, 5, 9, 8, 10, 6, 5, 0, 5, 6, 4, 7, 5, 8, 9, 16, 15, 10, 8, 10, 11, 9, 6, 15, 9, 7, 4, 6, 8, 7, 6, 4, 2, 1, 2, 0, 1, 3, 0, 6, 7, 4, 3, 4, 2, 5, 6, 8, 6, 5, 3, 15, 16, 8, 7, 17, 16, 15, 16, 15, 16, 15, 7, 2, 3, 4, 6, 4, 15, 6, 2, 3, 2, 3, 1, 3, 2, 0, 15, 16, 15, 16, 17, 16, 6, 5, 6]"
1de0f518,Task10CM,CM,0,0,0,0,0,0,0,0,0,0,0,0,-238,-225,-82,14,-75,12,-238,-225,-82,14,-75,12,"[10, 2, 1, 13, 15, 16, 15, 18, 17, 2, 0, 15, 16, 0, 1, 0, 1, 0, 7, 18, 15, 0, 1, 6, 3, 2, 1, 2, 0, 2, 0, 2, 1, 0, 2, 0, 2, 1, 2, 4, 2, 3, 2, 1, 2, 0, 2, 1, 0, 2, 1, 0, 1, 0, 2, 1, 2, 1, 2, 1, 0, 7, 9, 15, 2, 4, 3, 2, 3, 2, 3, 2, 3, 2, 4, 3, 15, 3, 16, 15, 9, 3, 2, 3, 5, 3, 4, 3, 1, 2, 3, 15, 16, 15, 3, 4, 5, 3, 5, 6, 0, 3, 6, 0, 3, 6, 11, 6, 1, 5, 4, 6, 5, 1, 6, 8, 6, 0, 6, 1, 0, 6, 5, 0, 1, 0, 1, 2, 1, 2, 5, 2, 3, 7, 9, 15, 3, 4, 3, 2, 3, 4, 5, 4, 5, 6, 5, 4, 7, 8, 6, 5, 7, 8, 10, 7, 1, 2, 1, 0, 2, 1, 2, 1, 2, 1, 2, 4, 2, 3, 2, 3, 15, 7, 4, 3, 4, 5, 4, 6, 2, 4, 6, 5, 6, 2, 6, 1, 0, 8, 11, 5, 6, 8, 9, 7, 5, 4, 5, 4, 3, 4, 6, 7, 8, 10, 5, 3, 7, 6, 5, 6, 4, 6, 2, 1, 6, 4, 5, 7, 6, 1, 2, 4, 7, 8, 7, 5, 7, 4, 5, 4, 2, 0, 7, 8, 0, 8, 11, 8, 11, 4, 1, 4, 2, 1, 4, 7, 4, 1, 0, 1, 9, 10, 11, 10, 17, 15, 9, 8, 11, 2, 0, 13, 16, 18, 17, 16, 15, 8, 10, 1, 4, 5, 7, 5, 2, 1, 9, 2, 1, 8, 10, 11, 10, 4, 8, 15, 17, 16]","[10, 2, 1, 13, 15, 16, 15, 18, 17, 2, 0, 15, 16, 0, 1, 0, 1, 0, 7, 18, 15, 0, 1, 6, 3, 2, 1, 2, 0, 2, 0, 2, 1, 0, 2, 0, 2, 1, 2, 4, 2, 3, 2, 1, 2, 0, 2, 1, 0, 2, 1, 0, 1, 0, 2, 1, 2, 1, 2, 1, 0, 7, 9, 15, 2, 4, 3, 2, 3, 2, 3, 2, 3, 2, 4, 3, 15, 3, 16, 15, 9, 3, 2, 3, 5, 3, 4, 3, 1, 2, 3, 15, 16, 15, 3, 4, 5, 3, 5, 6, 0, 3, 6, 0, 3, 6, 11, 6, 1, 5, 4, 6, 5, 1, 6, 8, 6, 0, 6, 1, 0, 6, 5, 0, 1, 0, 1, 2, 1, 2, 5, 2, 3, 7, 9, 15, 3, 4, 3, 2, 3, 4, 5, 4, 5, 6, 5, 4, 7, 8, 6, 5, 7, 8, 10, 7, 1, 2, 1, 0, 2, 1, 2, 1, 2, 1, 2, 4, 2, 3, 2, 3, 15, 7, 4, 3, 4, 5, 4, 6, 2, 4, 6, 5, 6, 2, 6, 1, 0, 8, 11, 5, 6, 8, 9, 7, 5, 4, 5, 4, 3, 4, 6, 7, 8, 10, 5, 3, 7, 6, 5, 6, 4, 6, 2, 1, 6, 4, 5, 7, 6, 1, 2, 4, 7, 8, 7, 5, 7, 4, 5, 4, 2, 0, 7, 8, 0, 8, 11, 8, 11, 4, 1, 4, 2, 1, 4, 7, 4, 1, 0, 1, 9, 10, 11, 10, 17, 15, 9, 8, 11, 2, 0, 13, 16, 18, 17, 16, 15, 8, 10, 1, 4, 5, 7, 5, 2, 1, 9, 2, 1, 8, 10, 11, 10, 4, 8, 15, 17, 16]"
1d1071e4,Task10CM,CM,0,0,0,0,0,0,0,0,0,0,0,0,-358,-350,-80,20,-45,18,-358,-350,-80,20,-45,18,"[10, 9, 8, 15, 16, 15, 16, 17, 16, 15, 16, 17, 0, 1, 2, 1, 0, 15, 16, 15, 17, 15, 0, 1, 2, 9, 1, 2, 1, 2, 4, 2, 3, 4, 3, 0, 16, 15, 3, 15, 3, 5, 6, 5, 4, 5, 6, 5, 4, 5, 4, 3, 6, 5, 6, 8, 10, 11, 7, 6, 5, 11, 9, 8, 11, 10, 13, 10, 2, 0, 3, 6, 5, 7, 6, 16, 18, 17, 15, 16, 17, 16, 15, 13, 11, 12, 11, 8, 5, 3, 0, 2, 1, 0, 13, 11, 4, 1, 8, 6, 1, 11, 12, 16, 17, 16, 5, 6, 7, 10, 16, 15, 17, 16, 17, 18, 17, 16, 9, 11, 1, 0, 9, 11, 12, 13, 16, 13, 7, 5, 6, 7, 8, 11, 0, 2, 7, 8, 11, 12, 15, 16, 17, 18, 16, 13, 11, 0, 18, 17, 16, 17, 16, 8, 12, 10, 15, 16, 17, 16, 15, 9, 8, 11, 10, 15, 4, 0, 5, 7, 8, 6, 5, 3, 4, 2, 3, 4, 3, 2, 3, 4, 3, 4, 3, 4, 5, 4, 2, 3, 2, 3, 4, 3, 15, 3, 4, 5, 4, 5, 6, 5, 6, 5, 6, 5, 6, 7, 6, 5, 6, 7, 6, 7, 9, 8, 9, 8, 7, 5, 4, 15, 5, 8, 7, 6, 2, 0, 2, 4, 2, 3, 4, 2, 3, 4, 6, 7, 8, 5, 8, 5, 4, 6, 15, 0, 15, 16, 11, 2, 4, 3, 0, 15, 10, 2, 0, 1, 0, 1, 5, 2, 1, 0, 1, 2, 3, 1, 3, 2, 3, 4, 3, 4, 5, 4, 15, 3, 4, 5, 6, 5, 6, 7, 5, 7, 6, 7, 6, 5, 0, 1, 2, 3, 4, 3, 1, 3, 0, 3, 6, 7, 8, 7, 2, 4, 3, 4, 3, 5, 2, 0, 2, 1, 3, 1, 6, 7, 10, 8, 7, 6, 5, 2, 3, 5, 7, 6, 7, 5, 6, 9, 8, 5, 2, 15, 2, 1, 2, 1, 2, 1, 2, 4, 3, 4, 3, 5, 3, 1, 2, 1, 2, 3, 2, 3, 2, 3, 2, 3, 2, 1, 2, 1, 2, 3, 2, 3, 4, 3, 4, 3, 4, 3, 4, 6, 16, 15, 5, 4, 6, 15, 7, 5, 4, 5, 6, 5, 6, 5, 7, 5, 7, 6, 7, 0, 7, 6, 1, 2, 10, 15, 6, 4, 2, 4, 3, 2, 3, 4, 3, 2, 7, 10, 17]","[10, 9, 8, 15, 16, 15, 16, 17, 16, 15, 16, 17, 0, 1, 2, 1, 0, 15, 16, 15, 17, 15, 0, 1, 2, 9, 1, 2, 1, 2, 4, 2, 3, 4, 3, 0, 16, 15, 3, 15, 3, 5, 6, 5, 4, 5, 6, 5, 4, 5, 4, 3, 6, 5, 6, 8, 10, 11, 7, 6, 5, 11, 9, 8, 11, 10, 13, 10, 2, 0, 3, 6, 5, 7, 6, 16, 18, 17, 15, 16, 17, 16, 15, 13, 11, 12, 11, 8, 5, 3, 0, 2, 1, 0, 13, 11, 4, 1, 8, 6, 1, 11, 12, 16, 17, 16, 5, 6, 7, 10, 16, 15, 17, 16, 17, 18, 17, 16, 9, 11, 1, 0, 9, 11, 12, 13, 16, 13, 7, 5, 6, 7, 8, 11, 0, 2, 7, 8, 11, 12, 15, 16, 17, 18, 16, 13, 11, 0, 18, 17, 16, 17, 16, 8, 12, 10, 15, 16, 17, 16, 15, 9, 8, 11, 10, 15, 4, 0, 5, 7, 8, 6, 5, 3, 4, 2, 3, 4, 3, 2, 3, 4, 3, 4, 3, 4, 5, 4, 2, 3, 2, 3, 4, 3, 15, 3, 4, 5, 4, 5, 6, 5, 6, 5, 6, 5, 6, 7, 6, 5, 6, 7, 6, 7, 9, 8, 9, 8, 7, 5, 4, 15, 5, 8, 7, 6, 2, 0, 2, 4, 2, 3, 4, 2, 3, 4, 6, 7, 8, 5, 8, 5, 4, 6, 15, 0, 15, 16, 11, 2, 4, 3, 0, 15, 10, 2, 0, 1, 0, 1, 5, 2, 1, 0, 1, 2, 3, 1, 3, 2, 3, 4, 3, 4, 5, 4, 15, 3, 4, 5, 6, 5, 6, 7, 5, 7, 6, 7, 6, 5, 0, 1, 2, 3, 4, 3, 1, 3, 0, 3, 6, 7, 8, 7, 2, 4, 3, 4, 3, 5, 2, 0, 2, 1, 3, 1, 6, 7, 10, 8, 7, 6, 5, 2, 3, 5, 7, 6, 7, 5, 6, 9, 8, 5, 2, 15, 2, 1, 2, 1, 2, 1, 2, 4, 3, 4, 3, 5, 3, 1, 2, 1, 2, 3, 2, 3, 2, 3, 2, 3, 2, 1, 2, 1, 2, 3, 2, 3, 4, 3, 4, 3, 4, 3, 4, 6, 16, 15, 5, 4, 6, 15, 7, 5, 4, 5, 6, 5, 6, 5, 7, 5, 7, 6, 7, 0, 7, 6, 1, 2, 10, 15, 6, 4, 2, 4, 3, 2, 3, 4, 3, 2, 7, 10, 17]"
cb039d67,Task10CM,CM,0,0,0,0,0,0,0,0,0,0,0,0,-184,-166,-15,13,24,12,-184,-166,-15,13,24,12,"[10, 8, 13, 11, 4, 10, 15, 5, 15, 17, 18, 19, 18, 5, 3, 1, 2, 4, 3, 5, 15, 17, 18, 15, 16, 15, 16, 15, 17, 0, 1, 3, 2, 3, 5, 7, 10, 12, 18, 19, 12, 11, 9, 15, 16, 15, 16, 15, 17, 16, 17, 16, 17, 16, 15, 16, 18, 17, 4, 1, 0, 1, 0, 2, 3, 4, 6, 2, 3, 2, 3, 4, 3, 4, 6, 4, 16, 15, 16, 15, 13, 15, 16, 18, 17, 18, 17, 16, 15, 17, 18, 16, 15, 16, 18, 15, 16, 15, 8, 6, 5, 6, 7, 11, 2, 1, 0, 16, 15, 16, 15, 7, 15, 7, 5, 3, 2, 1, 0, 1, 2, 3, 1, 0, 1, 15, 2, 4, 1, 3, 0, 1, 2, 1, 3, 1, 3, 4, 15, 6, 4, 5, 4, 6, 4, 5, 6, 7, 6, 5, 2, 3, 2, 4, 3, 0, 4, 3, 0, 1, 2, 1, 3, 10, 3, 4, 15, 5, 15, 4, 3, 0, 3, 2, 1, 2, 3, 7, 8, 4, 3, 1, 3, 4, 3, 1, 3, 7, 4, 3, 4, 3, 8, 4, 5, 16, 15, 3, 15, 6, 4, 7, 5, 6, 7, 3, 7, 6, 5, 6, 3, 7, 15, 7, 8, 5, 3, 4, 5, 7, 16, 15, 5, 15, 16, 17]","[10, 8, 13, 11, 4, 10, 15, 5, 15, 17, 18, 19, 18, 5, 3, 1, 2, 4, 3, 5, 15, 17, 18, 15, 16, 15, 16, 15, 17, 0, 1, 3, 2, 3, 5, 7, 10, 12, 18, 19, 12, 11, 9, 15, 16, 15, 16, 15, 17, 16, 17, 16, 17, 16, 15, 16, 18, 17, 4, 1, 0, 1, 0, 2, 3, 4, 6, 2, 3, 2, 3, 4, 3, 4, 6, 4, 16, 15, 16, 15, 13, 15, 16, 18, 17, 18, 17, 16, 15, 17, 18, 16, 15, 16, 18, 15, 16, 15, 8, 6, 5, 6, 7, 11, 2, 1, 0, 16, 15, 16, 15, 7, 15, 7, 5, 3, 2, 1, 0, 1, 2, 3, 1, 0, 1, 15, 2, 4, 1, 3, 0, 1, 2, 1, 3, 1, 3, 4, 15, 6, 4, 5, 4, 6, 4, 5, 6, 7, 6, 5, 2, 3, 2, 4, 3, 0, 4, 3, 0, 1, 2, 1, 3, 10, 3, 4, 15, 5, 15, 4, 3, 0, 3, 2, 1, 2, 3, 7, 8, 4, 3, 1, 3, 4, 3, 1, 3, 7, 4, 3, 4, 3, 8, 4, 5, 16, 15, 3, 15, 6, 4, 7, 5, 6, 7, 3, 7, 6, 5, 6, 3, 7, 15, 7, 8, 5, 3, 4, 5, 7, 16, 15, 5, 15, 16, 17]"
5e4ae544,Task10CM,CM,0,0,0,0,0,0,0,0,0,0,0,0,-117,-119,-46,9,-4,9,-117,-119,-46,9,-4,9,"[10, 7, 5, 0, 15, 1, 0, 4, 0, 1, 0, 1, 2, 1, 2, 5, 3, 2, 0, 1, 3, 2, 3, 0, 3, 9, 15, 16, 15, 1, 2, 3, 2, 3, 7, 3, 4, 3, 6, 3, 5, 3, 6, 5, 2, 3, 2, 1, 5, 2, 8, 3, 2, 7, 4, 2, 5, 3, 6, 4, 3, 4, 5, 3, 1, 3, 6, 4, 2, 4, 3, 7, 3, 4, 5, 4, 6, 1, 5, 8, 6, 5, 6, 8, 11, 7, 15, 16, 6, 8, 9, 10, 8, 10, 5, 7, 4, 8, 6, 4, 6, 3, 9, 8, 6, 7, 15, 7, 6, 5, 6, 4, 5, 6, 5, 3, 6, 5, 7, 6, 8, 6, 5, 7, 5, 7, 5, 8, 7, 3, 6, 5, 6, 15, 7, 5, 3, 2, 3, 4, 3, 4, 5, 4, 3, 7, 2, 3, 7, 4, 6, 4, 3, 1, 0, 4, 3, 8, 15, 4, 5, 8, 11, 8, 4, 11, 17, 18, 15]","[10, 7, 5, 0, 15, 1, 0, 4, 0, 1, 0, 1, 2, 1, 2, 5, 3, 2, 0, 1, 3, 2, 3, 0, 3, 9, 15, 16, 15, 1, 2, 3, 2, 3, 7, 3, 4, 3, 6, 3, 5, 3, 6, 5, 2, 3, 2, 1, 5, 2, 8, 3, 2, 7, 4, 2, 5, 3, 6, 4, 3, 4, 5, 3, 1, 3, 6, 4, 2, 4, 3, 7, 3, 4, 5, 4, 6, 1, 5, 8, 6, 5, 6, 8, 11, 7, 15, 16, 6, 8, 9, 10, 8, 10, 5, 7, 4, 8, 6, 4, 6, 3, 9, 8, 6, 7, 15, 7, 6, 5, 6, 4, 5, 6, 5, 3, 6, 5, 7, 6, 8, 6, 5, 7, 5, 7, 5, 8, 7, 3, 6, 5, 6, 15, 7, 5, 3, 2, 3, 4, 3, 4, 5, 4, 3, 7, 2, 3, 7, 4, 6, 4, 3, 1, 0, 4, 3, 8, 15, 4, 5, 8, 11, 8, 4, 11, 17, 18, 15]"
dfab1ede,Task10CM,CM,0,0,0,0,0,0,0,0,0,0,0,0,-107,-109,-36,9,-44,5,-107,-109,-36,9,-44,5,"[7, 13, 15, 16, 15, 16, 17, 16, 4, 2, 1, 0, 6, 10, 16, 7, 0, 1, 0, 1, 2, 1, 2, 1, 2, 1, 2, 3, 4, 7, 4, 8, 7, 6, 15, 0, 1, 2, 1, 5, 4, 2, 4, 2, 1, 0, 4, 3, 5, 4, 5, 3, 2, 0, 4, 1, 0, 1, 2, 3, 2, 1, 2, 4, 15, 2, 5, 2, 3, 2, 3, 2, 4, 2, 4, 2, 3, 0, 3, 1, 7, 15, 17, 4, 3, 4, 6, 5, 4, 5, 4, 5, 4, 5, 6, 7, 5, 6, 5, 7, 8, 10, 9, 8, 6, 11, 10, 7, 8, 10, 8, 12, 6, 2, 7, 8, 6, 3, 8, 9, 7, 15, 18, 17, 9, 11, 9, 8, 10, 7, 6, 8, 16, 12, 17, 16, 17, 12, 10, 16, 15, 10, 11, 17, 0, 3, 0, 16, 8, 10, 16, 17, 18, 17, 16, 18, 17, 15, 16, 15, 8, 6, 9, 11]","[7, 13, 15, 16, 15, 16, 17, 16, 4, 2, 1, 0, 6, 10, 16, 7, 0, 1, 0, 1, 2, 1, 2, 1, 2, 1, 2, 3, 4, 7, 4, 8, 7, 6, 15, 0, 1, 2, 1, 5, 4, 2, 4, 2, 1, 0, 4, 3, 5, 4, 5, 3, 2, 0, 4, 1, 0, 1, 2, 3, 2, 1, 2, 4, 15, 2, 5, 2, 3, 2, 3, 2, 4, 2, 4, 2, 3, 0, 3, 1, 7, 15, 17, 4, 3, 4, 6, 5, 4, 5, 4, 5, 4, 5, 6, 7, 5, 6, 5, 7, 8, 10, 9, 8, 6, 11, 10, 7, 8, 10, 8, 12, 6, 2, 7, 8, 6, 3, 8, 9, 7, 15, 18, 17, 9, 11, 9, 8, 10, 7, 6, 8, 16, 12, 17, 16, 17, 12, 10, 16, 15, 10, 11, 17, 0, 3, 0, 16, 8, 10, 16, 17, 18, 17, 16, 18, 17, 15, 16, 15, 8, 6, 9, 11]"
9a43cae5,Task10CM,CM,0,0,0,0,0,0,0,0,0,0,0,0,-111,-103,-20,9,-18,9,-111,-103,-20,9,-18,9,"[10, 6, 0, 1, 0, 1, 0, 1, 0, 1, 2, 3, 4, 2, 3, 2, 10, 13, 15, 16, 15, 16, 17, 18, 16, 17, 0, 1, 18, 16, 17, 0, 2, 3, 0, 1, 0, 1, 2, 0, 3, 15, 2, 10, 2, 4, 2, 0, 3, 2, 4, 3, 2, 3, 4, 6, 4, 2, 3, 4, 3, 4, 3, 5, 3, 1, 4, 0, 1, 0, 4, 7, 3, 15, 0, 2, 4, 3, 4, 5, 4, 2, 1, 2, 3, 2, 3, 2, 3, 2, 4, 3, 4, 3, 4, 5, 6, 8, 9, 10, 9, 7, 8, 9, 10, 17, 16, 15, 16, 15, 3, 6, 5, 4, 5, 3, 5, 4, 3, 4, 7, 8, 7, 6, 8, 7, 6, 5, 2, 3, 2, 1, 2, 3, 2, 4, 2, 3, 2, 3, 2, 3, 4, 2, 3, 7, 3, 1, 0, 16, 17, 15, 16, 17, 16, 15, 5, 3, 7, 4, 10, 11, 6]","[10, 6, 0, 1, 0, 1, 0, 1, 0, 1, 2, 3, 4, 2, 3, 2, 10, 13, 15, 16, 15, 16, 17, 18, 16, 17, 0, 1, 18, 16, 17, 0, 2, 3, 0, 1, 0, 1, 2, 0, 3, 15, 2, 10, 2, 4, 2, 0, 3, 2, 4, 3, 2, 3, 4, 6, 4, 2, 3, 4, 3, 4, 3, 5, 3, 1, 4, 0, 1, 0, 4, 7, 3, 15, 0, 2, 4, 3, 4, 5, 4, 2, 1, 2, 3, 2, 3, 2, 3, 2, 4, 3, 4, 3, 4, 5, 6, 8, 9, 10, 9, 7, 8, 9, 10, 17, 16, 15, 16, 15, 3, 6, 5, 4, 5, 3, 5, 4, 3, 4, 7, 8, 7, 6, 8, 7, 6, 5, 2, 3, 2, 1, 2, 3, 2, 4, 2, 3, 2, 3, 2, 3, 4, 2, 3, 7, 3, 1, 0, 16, 17, 15, 16, 17, 16, 15, 5, 3, 7, 4, 10, 11, 6]"
66310afd,Task10CM,CM,0,0,0,0,0,0,0,0,0,0,0,0,-94,-91,-47,7,-36,8,-94,-91,-47,7,-36,8,"[10, 6, 0, 5, 4, 3, 2, 1, 0, 1, 2, 3, 1, 15, 4, 0, 4, 15, 16, 15, 16, 18, 6, 2, 1, 2, 1, 4, 2, 1, 15, 3, 2, 1, 2, 3, 0, 2, 3, 6, 3, 4, 1, 4, 3, 1, 3, 4, 3, 0, 2, 1, 2, 15, 3, 15, 3, 2, 15, 3, 2, 4, 3, 1, 4, 3, 2, 3, 2, 0, 3, 2, 1, 3, 15, 4, 3, 15, 4, 15, 17, 16, 4, 5, 4, 10, 9, 16, 15, 5, 9, 5, 6, 7, 6, 7, 15, 7, 9, 7, 2, 15, 5, 8, 9, 5, 3, 4, 3, 4, 15, 3, 4, 5, 3, 5, 15, 6, 5, 15, 16, 15, 7, 5, 6, 15, 5, 4, 6, 7, 5, 8, 10, 13, 10, 9, 10, 9, 10, 7, 15, 17, 15, 4, 3, 2]","[10, 6, 0, 5, 4, 3, 2, 1, 0, 1, 2, 3, 1, 15, 4, 0, 4, 15, 16, 15, 16, 18, 6, 2, 1, 2, 1, 4, 2, 1, 15, 3, 2, 1, 2, 3, 0, 2, 3, 6, 3, 4, 1, 4, 3, 1, 3, 4, 3, 0, 2, 1, 2, 15, 3, 15, 3, 2, 15, 3, 2, 4, 3, 1, 4, 3, 2, 3, 2, 0, 3, 2, 1, 3, 15, 4, 3, 15, 4, 15, 17, 16, 4, 5, 4, 10, 9, 16, 15, 5, 9, 5, 6, 7, 6, 7, 15, 7, 9, 7, 2, 15, 5, 8, 9, 5, 3, 4, 3, 4, 15, 3, 4, 5, 3, 5, 15, 6, 5, 15, 16, 15, 7, 5, 6, 15, 5, 4, 6, 7, 5, 8, 10, 13, 10, 9, 10, 9, 10, 7, 15, 17, 15, 4, 3, 2]"
615db7bf,Task10CP,CP,-210,-206,-130,6,-90,10,-215,-216,-150,5,-109,9,-238,-230,-130,10,-50,15,-223,-220,-104,13,-35,15,"[16, 13, 2, 0, 4, 0, 2, 4, 0, 2, 1, 2, 4, 0, 3, 1, 21, 19, 21, 23, 22, 23, 22, 23, 22, 19, 23, 22, 23, 24, 23, 6, 0, 4, 3, 1, 5, 3, 5, 2, 3, 5, 6, 3, 6, 7, 4, 2, 4, 6, 5, 1, 6, 7, 0, 1, 3, 5, 1, 3, 1, 5, 6, 5, 1, 5, 0, 3, 5, 3, 6, 5, 7, 6, 1, 5, 6, 9, 8, 6, 7, 2, 7, 8, 6, 8, 6, 5, 6, 10, 8, 9, 10, 13, 11, 12, 14, 13, 22, 14, 16, 17, 23, 20, 15, 14, 16, 10, 23, 22, 11, 5, 3, 0, 5, 6, 5, 6, 5, 1, 3, 0, 3, 5, 3, 1, 3, 5, 3, 5, 3, 5, 6, 5, 6, 11, 5, 1, 3, 5, 6, 20, 5, 3, 5, 6, 20, 6, 5, 6, 5, 8, 6, 5, 6, 5, 6, 5, 8, 6, 9, 8, 6, 8, 6, 8, 6, 8, 6, 8, 9, 8, 7, 6, 7, 10, 8, 6, 5, 6, 8, 5, 8, 6, 8, 6, 8, 23, 8, 6, 5, 6, 8, 6, 5, 6, 8, 3, 5, 3, 5, 0, 3, 11, 9, 1, 3, 5, 3, 14, 9, 6, 9, 8, 6, 9, 8, 9, 6, 11, 8, 6, 11, 6, 9, 8, 9, 0, 5, 1, 6, 3, 8, 9, 5, 6, 1, 5, 3, 5, 3, 6, 8, 5, 6, 5, 8, 3, 6, 8, 5, 1, 3, 5, 3, 5, 8, 5, 3, 5, 8, 4, 7, 2, 7, 2, 4, 7, 2, 7, 22, 8, 6, 9, 22, 11, 9, 7, 10, 7, 11, 9, 11, 9, 11, 12, 25, 24, 23, 24]","[10, 8, 1, 0, 2, 0, 1, 2, 0, 1, 2, 0, 2, 1, 14, 13, 14, 16, 15, 16, 15, 16, 15, 13, 16, 15, 16, 17, 16, 4, 0, 2, 1, 3, 2, 3, 1, 2, 3, 4, 2, 4, 2, 1, 2, 4, 3, 1, 4, 0, 1, 2, 3, 1, 2, 1, 3, 4, 3, 1, 3, 0, 2, 3, 2, 4, 3, 4, 1, 3, 4, 6, 5, 4, 1, 4, 5, 4, 5, 4, 3, 4, 6, 5, 6, 8, 7, 8, 9, 8, 15, 9, 10, 11, 16, 13, 10, 9, 10, 6, 16, 15, 7, 3, 2, 0, 3, 4, 3, 4, 3, 1, 2, 0, 2, 3, 2, 1, 2, 3, 2, 3, 2, 3, 4, 3, 4, 7, 3, 1, 2, 3, 4, 13, 3, 2, 3, 4, 13, 4, 3, 4, 3, 5, 4, 3, 4, 3, 4, 3, 5, 4, 6, 5, 4, 5, 4, 5, 4, 5, 4, 5, 6, 5, 4, 6, 5, 4, 3, 4, 5, 3, 5, 4, 5, 4, 5, 16, 5, 4, 3, 4, 5, 4, 3, 4, 5, 2, 3, 2, 3, 0, 2, 7, 6, 1, 2, 3, 2, 9, 6, 4, 6, 5, 4, 6, 5, 6, 4, 7, 5, 4, 7, 4, 6, 5, 6, 0, 3, 1, 4, 2, 5, 6, 3, 4, 1, 3, 2, 3, 2, 4, 5, 3, 4, 3, 5, 2, 4, 5, 3, 1, 2, 3, 2, 3, 5, 3, 2, 3, 5, 2, 4, 1, 4, 1, 2, 4, 1, 4, 15, 5, 4, 6, 15, 7, 6, 4, 6, 4, 7, 6, 7, 6, 7, 8, 18, 17, 16, 17]"
f9ec2bc7,Task10CP,CP,-45,-61,-35,2,-42,2,-50,-66,-40,2,-42,2,-58,-70,-39,3,-35,3,-51,-68,-32,3,-33,3,"[16, 0, 1, 3, 0, 1, 0, 1, 3, 0, 1, 0, 1, 2, 0, 1, 3, 1, 11, 5, 4, 5, 3, 4, 6, 5, 6, 8, 6, 3, 6, 8, 7, 11, 9, 5, 9, 8, 9, 6, 0, 11, 3, 11, 9, 14, 22, 23, 25, 24, 26, 23, 24, 23, 24, 25, 12, 14, 18, 15, 14, 15, 14, 11, 8, 6, 8, 3, 1, 6, 8, 22, 23, 22, 23, 22, 23, 12, 14, 18, 20, 3, 1, 22, 23, 24, 23, 22, 23, 22, 23, 12, 9, 6, 22, 5, 6, 5, 1, 0, 5, 22, 23, 22, 23, 22, 23, 3, 2, 3]","[10, 0, 1, 2, 0, 1, 0, 1, 2, 0, 1, 0, 1, 0, 1, 2, 1, 7, 3, 2, 3, 2, 4, 3, 4, 5, 4, 2, 4, 5, 4, 7, 6, 3, 6, 5, 6, 4, 0, 7, 2, 7, 6, 9, 15, 16, 18, 17, 19, 16, 17, 16, 17, 18, 8, 9, 12, 10, 9, 10, 9, 7, 5, 4, 5, 2, 1, 4, 5, 15, 16, 15, 16, 15, 16, 8, 9, 12, 13, 2, 1, 15, 16, 17, 16, 15, 16, 15, 16, 8, 6, 4, 15, 3, 4, 3, 1, 0, 3, 15, 16, 15, 16, 15, 16, 2, 1, 2]"
dac593bd,Task10CP,CP,-144,-135,-89,5,-83,4,-144,-140,-94,5,-88,4,-152,-149,-86,9,-84,6,-144,-141,-53,9,-61,6,"[11, 1, 16, 22, 23, 22, 23, 22, 23, 3, 1, 2, 11, 14, 22, 23, 4, 0, 1, 4, 2, 4, 7, 10, 13, 2, 10, 13, 16, 14, 15, 14, 15, 22, 23, 22, 11, 9, 8, 5, 11, 9, 1, 0, 3, 5, 3, 4, 2, 0, 6, 0, 4, 2, 22, 4, 19, 22, 23, 13, 10, 1, 0, 1, 0, 3, 4, 1, 3, 2, 0, 4, 5, 3, 4, 3, 5, 4, 2, 3, 1, 3, 0, 3, 4, 3, 1, 5, 22, 0, 22, 19, 22, 3, 22, 12, 3, 5, 22, 9, 6, 5, 8, 6, 7, 10, 8, 10, 8, 11, 9, 11, 19, 15, 14, 11, 8, 23, 9, 11, 15, 11, 9, 8, 11, 14, 15, 9, 8, 6, 8, 6, 11, 14, 12, 9, 12, 15, 9, 8, 15, 11, 8, 9, 8, 6, 22, 9, 8, 11, 6, 8, 6, 23, 12, 8, 22, 23, 5, 1, 3, 0, 3, 8, 5, 3, 6, 3, 1, 3, 6, 16, 6, 11, 16, 6, 5, 3, 11, 13, 11, 6, 3, 6, 22, 20, 5, 6, 8, 5, 3, 1, 0, 3]","[7, 1, 10, 15, 16, 15, 16, 15, 16, 2, 1, 7, 9, 15, 16, 2, 0, 1, 2, 1, 2, 4, 6, 8, 1, 6, 8, 10, 9, 10, 9, 10, 15, 16, 15, 7, 6, 5, 3, 7, 6, 1, 0, 2, 3, 2, 1, 0, 4, 0, 2, 1, 15, 2, 13, 15, 16, 8, 6, 1, 0, 1, 0, 2, 1, 2, 1, 0, 2, 3, 2, 3, 2, 1, 2, 1, 2, 0, 2, 1, 3, 15, 0, 15, 13, 15, 2, 15, 8, 2, 3, 15, 6, 4, 3, 5, 4, 6, 5, 6, 5, 7, 6, 7, 13, 10, 9, 7, 5, 16, 6, 7, 10, 7, 6, 5, 7, 9, 10, 6, 5, 4, 5, 4, 7, 9, 8, 6, 8, 10, 6, 5, 10, 7, 5, 6, 5, 4, 15, 6, 5, 7, 4, 5, 4, 16, 8, 5, 15, 16, 3, 1, 2, 0, 2, 5, 3, 2, 4, 2, 1, 2, 4, 10, 4, 7, 10, 4, 3, 2, 7, 8, 7, 4, 2, 4, 15, 13, 3, 4, 5, 3, 2, 1, 0, 2]"
b1c5e27d,Task10CP,CP,-35,-56,-5,2,-28,3,-35,-56,-5,2,-23,3,-58,-60,-17,4,-20,3,-42,-59,9,4,-19,3,"[5, 0, 1, 0, 2, 0, 1, 3, 2, 0, 2, 0, 1, 5, 3, 5, 8, 5, 6, 5, 7, 6, 8, 6, 8, 10, 11, 13, 14, 17, 16, 19, 22, 9, 17, 16, 22, 23, 16, 2, 4, 2, 22, 1, 0, 1, 0, 3, 11, 5, 6, 3, 5, 8, 9, 15, 6, 5, 8, 15, 8, 9, 14, 3, 6, 3, 5, 6, 5, 9, 5, 3, 6, 12, 11, 16, 6, 20, 8, 6, 5, 11, 6, 5, 6, 24, 23, 22, 23, 22, 23, 22, 23, 24, 23, 24, 22, 9, 12, 15]","[3, 0, 1, 0, 1, 0, 1, 2, 1, 0, 1, 0, 1, 3, 2, 3, 5, 3, 4, 3, 4, 5, 4, 5, 6, 7, 8, 9, 11, 10, 13, 15, 6, 11, 10, 15, 16, 10, 1, 2, 1, 15, 1, 0, 1, 0, 2, 7, 3, 4, 2, 3, 5, 6, 10, 4, 3, 5, 10, 5, 6, 9, 2, 4, 2, 3, 4, 3, 6, 3, 2, 4, 8, 7, 10, 4, 13, 5, 4, 3, 7, 4, 3, 4, 17, 16, 15, 16, 15, 16, 15, 16, 17, 16, 17, 15, 6, 8, 10]"
967a04d0,Task10CP,CP,-96,-102,-66,3,-45,4,-96,-102,-66,3,-45,4,-99,-101,-40,8,-26,5,-97,-99,-38,8,-24,5,"[16, 2, 0, 1, 0, 1, 0, 2, 0, 3, 1, 4, 2, 1, 3, 2, 4, 2, 1, 3, 5, 6, 5, 6, 5, 6, 5, 6, 10, 13, 6, 8, 9, 8, 6, 8, 6, 8, 5, 6, 5, 6, 5, 6, 8, 6, 8, 9, 6, 0, 1, 5, 22, 23, 6, 24, 17, 9, 11, 9, 22, 9, 0, 9, 8, 9, 11, 8, 9, 11, 9, 11, 6, 12, 6, 11, 15, 6, 5, 11, 12, 9, 5, 9, 8, 9, 5, 9, 6, 9, 12, 11, 22, 11, 17, 5, 1, 3, 5, 12, 8, 5, 6, 15, 6, 8, 5, 3, 22, 23, 12, 6, 8, 9, 8, 6, 23, 22, 5, 1, 3, 0, 5, 6, 5, 22, 23, 11, 8, 5, 23, 12, 11, 12, 15, 12, 11, 12, 22, 24, 23, 22, 8, 13, 16, 2]","[10, 1, 0, 1, 0, 1, 0, 1, 0, 2, 1, 2, 1, 2, 1, 2, 1, 2, 3, 4, 3, 4, 3, 4, 3, 4, 6, 8, 4, 5, 6, 5, 4, 5, 4, 5, 3, 4, 3, 4, 3, 4, 5, 4, 5, 6, 4, 0, 1, 3, 15, 16, 4, 17, 11, 6, 7, 6, 15, 6, 0, 6, 5, 6, 7, 5, 6, 7, 6, 7, 4, 8, 4, 7, 10, 4, 3, 7, 8, 6, 3, 6, 5, 6, 3, 6, 4, 6, 8, 7, 15, 7, 11, 3, 1, 2, 3, 8, 5, 3, 4, 10, 4, 5, 3, 2, 15, 16, 8, 4, 5, 6, 5, 4, 16, 15, 3, 1, 2, 0, 3, 4, 3, 15, 16, 7, 5, 3, 16, 8, 7, 8, 10, 8, 7, 8, 15, 17, 16, 15, 5, 8, 10, 1]"
66b337a9,Task10CP,CP,-55,-66,-50,2,-52,2,-60,-66,-55,2,-62,2,-68,-70,-45,5,-50,3,-61,-63,-33,5,-43,3,"[16, 6, 3, 0, 1, 0, 1, 23, 22, 20, 22, 19, 22, 0, 1, 0, 1, 22, 19, 20, 19, 20, 3, 1, 0, 1, 0, 2, 23, 3, 5, 3, 1, 3, 1, 3, 1, 3, 4, 0, 1, 3, 5, 3, 5, 3, 2, 4, 3, 22, 5, 22, 6, 5, 6, 8, 5, 6, 8, 9, 11, 12, 17, 11, 15, 11, 13, 9, 8, 9, 11, 6, 3, 15, 8, 0, 3, 14, 3, 12, 9, 11, 9, 8, 6, 9, 11, 8, 9, 15, 11, 15, 16, 20, 16, 20, 17, 15, 5, 3, 8, 9, 6, 12, 6, 5, 8, 5, 6, 7, 23, 22, 19, 22, 20]","[10, 4, 2, 0, 1, 0, 1, 16, 15, 13, 15, 13, 15, 0, 1, 0, 1, 15, 13, 2, 1, 0, 1, 0, 1, 16, 2, 3, 2, 1, 2, 1, 2, 1, 2, 0, 1, 2, 3, 2, 3, 2, 1, 2, 15, 3, 15, 4, 3, 4, 5, 3, 4, 5, 6, 7, 8, 11, 7, 10, 7, 8, 6, 5, 6, 7, 4, 2, 10, 5, 0, 2, 9, 2, 8, 6, 7, 6, 5, 4, 6, 7, 5, 6, 10, 7, 10, 13, 10, 13, 11, 10, 3, 2, 5, 6, 4, 8, 4, 3, 5, 3, 4, 16, 15, 13, 15, 13]"
45c939e2,Task10CP,CP,2,-9,2,1,-9,1,2,-9,2,1,-9,1,-6,-23,-6,1,-18,2,5,-7,7,2,-2,2,"[0, 2, 3, 4, 0, 3, 6, 10, 22, 8, 11, 25, 9, 13, 7, 11, 9, 8, 17, 18, 20, 23, 24, 22, 11, 0, 2, 23, 22, 23, 22, 25, 24, 25, 24, 11, 14, 6]","[0, 1, 2, 0, 2, 4, 6, 15, 5, 7, 18, 6, 8, 4, 7, 6, 5, 11, 12, 13, 16, 17, 15, 7, 0, 1, 16, 15, 16, 15, 18, 17, 18, 17, 7, 9, 4]"
ba88bf04,Task10CP,CP,2,-19,7,2,-15,2,2,-14,7,2,-10,2,-1,-18,11,2,-8,2,3,-14,15,2,-4,2,"[20, 4, 3, 5, 8, 3, 5, 3, 5, 9, 6, 8, 6, 8, 9, 10, 11, 12, 13, 15, 17, 19, 17, 19, 21, 14, 12, 1, 6, 16, 15, 14, 19, 25, 26, 27, 8, 5, 6, 5, 6, 17, 12, 25, 26, 23, 25, 9, 11, 24, 25, 26, 25]","[13, 2, 3, 5, 2, 3, 2, 3, 6, 4, 5, 4, 5, 6, 7, 8, 10, 11, 13, 11, 13, 14, 9, 8, 1, 4, 10, 9, 13, 18, 19, 20, 5, 3, 4, 3, 4, 11, 8, 18, 19, 16, 18, 6, 7, 17, 18, 19, 18]"
782b7c64,Task10CP,CP,-52,-63,-37,3,-50,3,-62,-58,-42,3,-45,3,-65,-72,-32,5,-42,3,-64,-61,-19,6,-36,3,"[5, 1, 0, 4, 7, 16, 23, 1, 5, 6, 2, 0, 2, 3, 1, 4, 7, 4, 7, 10, 13, 15, 17, 15, 12, 14, 12, 22, 23, 22, 23, 6, 5, 1, 22, 16, 13, 10, 11, 8, 9, 6, 1, 3, 1, 14, 17, 10, 11, 9, 14, 6, 3, 6, 8, 6, 12, 17, 3, 0, 3, 12, 17, 12, 9, 6, 9, 6, 7, 5, 3, 6, 0, 13, 11, 22, 19, 22, 23, 22, 23, 22, 23, 8, 13, 22, 6, 1, 0, 10, 7, 3, 5, 6, 8, 6, 5, 22, 11, 6, 5, 22]","[3, 1, 0, 2, 4, 10, 16, 1, 3, 4, 1, 0, 1, 2, 1, 2, 4, 2, 4, 6, 8, 10, 11, 10, 8, 9, 8, 15, 16, 15, 16, 4, 3, 1, 15, 10, 8, 6, 7, 5, 6, 4, 1, 2, 1, 9, 11, 6, 7, 6, 9, 4, 2, 4, 5, 4, 8, 11, 2, 0, 2, 8, 11, 8, 6, 4, 6, 4, 3, 2, 4, 0, 8, 7, 15, 13, 15, 16, 15, 16, 15, 16, 5, 8, 15, 4, 1, 0, 6, 4, 2, 3, 4, 5, 4, 3, 15, 7, 4, 3, 15]"
4d750b0b,Task10CP,CP,-239,-240,-159,6,-101,7,-234,-240,-159,6,-96,7,-242,-239,-111,14,-44,13,-241,-238,-98,15,-33,13,"[16, 0, 2, 0, 2, 4, 6, 5, 1, 3, 1, 0, 1, 3, 1, 0, 1, 3, 8, 3, 6, 5, 1, 5, 3, 5, 3, 0, 8, 3, 5, 3, 5, 3, 11, 5, 11, 6, 3, 6, 5, 3, 5, 3, 9, 3, 6, 5, 3, 5, 3, 8, 3, 5, 7, 8, 6, 3, 8, 3, 6, 5, 3, 5, 3, 5, 3, 6, 3, 5, 6, 3, 8, 3, 5, 6, 9, 19, 22, 23, 22, 23, 22, 23, 24, 23, 3, 8, 5, 9, 5, 8, 6, 5, 6, 0, 3, 5, 3, 6, 5, 3, 5, 1, 3, 0, 6, 5, 3, 23, 3, 8, 5, 6, 5, 3, 0, 1, 5, 6, 8, 6, 5, 1, 3, 8, 3, 5, 3, 6, 5, 6, 5, 9, 5, 8, 5, 9, 3, 8, 11, 12, 11, 9, 8, 9, 8, 6, 8, 6, 5, 6, 3, 6, 22, 23, 22, 8, 7, 6, 11, 5, 8, 9, 24, 23, 22, 23, 22, 23, 22, 9, 12, 11, 8, 1, 17, 3, 22, 23, 24, 23, 22, 23, 3, 1, 0, 11, 3, 5, 14, 15, 17, 23, 22, 8, 9, 8, 6, 5, 11, 6, 8, 22, 6, 11, 6, 8, 6, 11, 12, 11, 9, 8, 6, 3, 6, 5, 8, 9, 8, 9, 12, 8, 22, 8, 9, 8, 9, 15, 9, 12, 9, 17, 9, 6, 20, 9, 11, 6, 1, 3, 6, 5, 8, 22, 9, 6, 5, 8, 6, 1, 11, 19, 9, 5, 6, 12, 5, 8, 5, 26, 6, 12, 5, 19, 5, 8, 20, 8, 9, 23, 25, 23, 8, 6, 5, 3, 5, 22, 23, 25, 23, 22, 8, 6, 5, 4, 7, 12, 11, 6, 12, 6, 5, 6, 22, 23, 22]","[10, 0, 1, 0, 1, 2, 4, 3, 1, 2, 1, 0, 1, 2, 1, 0, 1, 2, 5, 2, 4, 3, 1, 3, 2, 3, 2, 0, 5, 2, 3, 2, 3, 2, 7, 3, 7, 4, 2, 4, 3, 2, 3, 2, 6, 2, 4, 3, 2, 3, 2, 5, 2, 3, 4, 5, 4, 2, 5, 2, 4, 3, 2, 3, 2, 3, 2, 4, 2, 3, 4, 2, 5, 2, 3, 4, 6, 13, 15, 16, 15, 16, 15, 16, 17, 16, 2, 5, 3, 6, 3, 5, 4, 3, 4, 0, 2, 3, 2, 4, 3, 2, 3, 1, 2, 0, 4, 3, 2, 16, 2, 5, 3, 4, 3, 2, 0, 1, 3, 4, 5, 4, 3, 1, 2, 5, 2, 3, 2, 4, 3, 4, 3, 6, 3, 5, 3, 6, 2, 5, 7, 8, 7, 6, 5, 6, 5, 4, 5, 4, 3, 4, 2, 4, 15, 16, 15, 5, 4, 7, 3, 5, 6, 17, 16, 15, 16, 15, 16, 15, 6, 8, 7, 5, 1, 11, 2, 15, 16, 17, 16, 15, 16, 2, 1, 0, 7, 2, 3, 9, 10, 11, 16, 15, 5, 6, 5, 4, 3, 7, 4, 5, 15, 4, 7, 4, 5, 4, 7, 8, 7, 6, 5, 4, 2, 4, 3, 5, 6, 5, 6, 8, 5, 15, 5, 6, 5, 6, 10, 6, 8, 6, 11, 6, 4, 13, 6, 7, 4, 1, 2, 4, 3, 5, 15, 6, 4, 3, 5, 4, 1, 7, 13, 6, 3, 4, 8, 3, 5, 3, 19, 4, 8, 3, 13, 3, 5, 13, 5, 6, 16, 18, 16, 5, 4, 3, 2, 3, 15, 16, 18, 16, 15, 5, 4, 3, 2, 4, 8, 7, 4, 8, 4, 3, 4, 15, 16, 15]"
1ce913d5,Task11CM,CM,0,0,0,0,0,0,0,0,0,0,0,0,-686,-518,-322,32,194,12,-686,-518,-322,32,194,12,"[0, 1, 0, 1, 2, 1, 0, 1, 2, 1, 2, 3, 2, 3, 2, 1, 0, 2, 1, 2, 0, 1, 0, 2, 4, 1, 2, 1, 0, 2, 0, 1, 0, 1, 2, 1, 0, 1, 2, 1, 3, 2, 1, 0, 2, 1, 2, 4, 3, 2, 3, 2, 4, 3, 2, 3, 2, 4, 2, 3, 2, 3, 2, 3, 2, 3, 2, 1, 3, 1, 0, 7, 3, 4, 3, 4, 3, 4, 3, 5, 4, 5, 6, 7, 8, 5, 7, 5, 3, 2, 3, 2, 3, 4, 3, 5, 4, 3, 4, 3, 4, 3, 4, 5, 3, 5, 3, 2, 3, 2, 1, 0, 2, 3, 2, 1, 3, 5, 3, 4, 3, 9, 2, 4, 2, 1, 2, 3, 1, 0, 14, 2, 3, 4, 2, 3, 2, 3, 2, 3, 2, 3, 4, 7, 5, 4, 5, 3, 4, 3, 5, 4, 3, 5, 4, 3, 4, 3, 4, 5, 4, 3, 4, 3, 6, 5, 4, 6, 4, 5, 3, 5, 4, 5, 3, 5, 3, 4, 5, 6, 4, 3, 2, 3, 5, 6, 7, 5, 6, 7, 5, 3, 5, 6, 5, 6, 5, 6, 7, 4, 5, 3, 2, 5, 3, 5, 2, 0, 9, 2, 1, 3, 0, 3, 8, 4, 5, 4, 5, 3, 6, 4, 5, 6, 5, 3, 4, 3, 4, 3, 4, 3, 2, 3, 4, 5, 4, 5, 4, 6, 5, 4, 5, 4, 3, 4, 3, 4, 5, 6, 5, 6, 5, 4, 5, 6, 4, 6, 5, 7, 6, 5, 7, 6, 5, 6, 5, 6, 5, 6, 5, 3, 6, 2, 6, 5, 6, 5, 6, 5, 6, 4, 3, 4, 5, 6, 7, 8, 9, 8, 9, 7, 6, 7, 4, 1, 2, 0, 1, 4, 7, 4, 3, 4, 3, 4, 7, 8, 7, 8, 4, 3, 1, 3, 2, 3, 2, 7, 6, 7, 8, 7, 8, 7, 6, 5, 6, 5, 6, 5, 6, 5, 6, 5, 6, 5, 6, 5, 1, 3, 0, 2, 3, 2, 4, 3, 5, 3, 2, 3, 2, 3, 2, 3, 1, 2, 1, 2, 1, 2, 6, 4, 6, 7, 8, 6, 7, 5, 6, 5, 6, 8, 6, 7, 5, 6, 5, 6, 8, 9, 8, 9, 7, 6, 4, 7, 4, 6, 5, 4, 5, 3, 5, 6, 5, 6, 5, 3, 0, 5, 4, 6, 5, 4, 5, 6, 5, 6, 5, 4, 5, 6, 4, 3, 4, 3, 2, 3, 4, 3, 4, 2, 3, 4, 3, 1, 5, 7, 8, 6, 7, 6, 1, 7, 5, 7, 5, 6, 5, 6, 7, 6, 8, 5, 6, 5, 6, 4, 6, 5, 6, 5, 6, 5, 4, 2, 4, 3, 1, 2, 6, 5, 6, 1, 3, 7, 5, 4, 7, 8, 7, 8, 5, 4, 5, 4, 6, 7, 6, 5, 6, 5, 6, 8, 5, 6, 5, 7, 5, 3, 5, 6, 5, 7, 8, 6, 5, 4, 2, 5, 8, 9, 8, 5, 6, 7, 8, 4, 2, 3, 8, 5, 6, 5, 4, 10, 8, 10, 4, 1, 4, 6, 8, 7, 6, 7, 8, 7, 9, 6, 4, 6, 7, 6, 4, 3, 4, 2, 3, 2, 3, 2, 1, 2, 3, 2, 3, 4, 3, 4, 6, 4, 3, 4, 9, 11, 10, 11, 3, 2, 1, 3, 4, 2, 4, 2, 3, 4, 3, 2, 4, 3, 4, 3, 2, 4, 3, 2, 3, 4, 3, 5, 3, 5, 3, 4, 5, 3, 4, 3, 4, 3, 5, 3, 6, 4, 6, 5, 6, 3, 5, 4, 3, 4, 3, 4, 3, 4, 3, 2, 3, 4, 5, 3, 4, 5, 4, 5, 4, 3, 6, 5, 6, 5, 4, 5, 6, 5, 3, 14, 5, 6, 5, 6, 8, 6, 7, 4, 14, 15, 14, 4, 3, 4, 2, 3, 5, 14, 3, 4, 6, 8, 7, 6, 7, 5, 2, 3, 2, 3, 14, 6, 4, 5, 3, 4, 5, 3, 4, 5, 4, 3, 4, 5, 3, 4, 5, 6, 4, 5, 4, 5, 6, 7, 4, 5, 4, 3, 4, 3, 6, 7, 4, 5, 3, 14, 10, 8, 14, 15, 14, 5, 6, 5, 14, 15, 5, 6, 5, 7, 6, 9, 4, 5, 4, 5, 4, 5, 4, 3, 12, 14, 7, 6, 7, 6, 4, 3, 2, 14]","[0, 1, 0, 1, 2, 1, 0, 1, 2, 1, 2, 3, 2, 3, 2, 1, 0, 2, 1, 2, 0, 1, 0, 2, 4, 1, 2, 1, 0, 2, 0, 1, 0, 1, 2, 1, 0, 1, 2, 1, 3, 2, 1, 0, 2, 1, 2, 4, 3, 2, 3, 2, 4, 3, 2, 3, 2, 4, 2, 3, 2, 3, 2, 3, 2, 3, 2, 1, 3, 1, 0, 7, 3, 4, 3, 4, 3, 4, 3, 5, 4, 5, 6, 7, 8, 5, 7, 5, 3, 2, 3, 2, 3, 4, 3, 5, 4, 3, 4, 3, 4, 3, 4, 5, 3, 5, 3, 2, 3, 2, 1, 0, 2, 3, 2, 1, 3, 5, 3, 4, 3, 9, 2, 4, 2, 1, 2, 3, 1, 0, 14, 2, 3, 4, 2, 3, 2, 3, 2, 3, 2, 3, 4, 7, 5, 4, 5, 3, 4, 3, 5, 4, 3, 5, 4, 3, 4, 3, 4, 5, 4, 3, 4, 3, 6, 5, 4, 6, 4, 5, 3, 5, 4, 5, 3, 5, 3, 4, 5, 6, 4, 3, 2, 3, 5, 6, 7, 5, 6, 7, 5, 3, 5, 6, 5, 6, 5, 6, 7, 4, 5, 3, 2, 5, 3, 5, 2, 0, 9, 2, 1, 3, 0, 3, 8, 4, 5, 4, 5, 3, 6, 4, 5, 6, 5, 3, 4, 3, 4, 3, 4, 3, 2, 3, 4, 5, 4, 5, 4, 6, 5, 4, 5, 4, 3, 4, 3, 4, 5, 6, 5, 6, 5, 4, 5, 6, 4, 6, 5, 7, 6, 5, 7, 6, 5, 6, 5, 6, 5, 6, 5, 3, 6, 2, 6, 5, 6, 5, 6, 5, 6, 4, 3, 4, 5, 6, 7, 8, 9, 8, 9, 7, 6, 7, 4, 1, 2, 0, 1, 4, 7, 4, 3, 4, 3, 4, 7, 8, 7, 8, 4, 3, 1, 3, 2, 3, 2, 7, 6, 7, 8, 7, 8, 7, 6, 5, 6, 5, 6, 5, 6, 5, 6, 5, 6, 5, 6, 5, 1, 3, 0, 2, 3, 2, 4, 3, 5, 3, 2, 3, 2, 3, 2, 3, 1, 2, 1, 2, 1, 2, 6, 4, 6, 7, 8, 6, 7, 5, 6, 5, 6, 8, 6, 7, 5, 6, 5, 6, 8, 9, 8, 9, 7, 6, 4, 7, 4, 6, 5, 4, 5, 3, 5, 6, 5, 6, 5, 3, 0, 5, 4, 6, 5, 4, 5, 6, 5, 6, 5, 4, 5, 6, 4, 3, 4, 3, 2, 3, 4, 3, 4, 2, 3, 4, 3, 1, 5, 7, 8, 6, 7, 6, 1, 7, 5, 7, 5, 6, 5, 6, 7, 6, 8, 5, 6, 5, 6, 4, 6, 5, 6, 5, 6, 5, 4, 2, 4, 3, 1, 2, 6, 5, 6, 1, 3, 7, 5, 4, 7, 8, 7, 8, 5, 4, 5, 4, 6, 7, 6, 5, 6, 5, 6, 8, 5, 6, 5, 7, 5, 3, 5, 6, 5, 7, 8, 6, 5, 4, 2, 5, 8, 9, 8, 5, 6, 7, 8, 4, 2, 3, 8, 5, 6, 5, 4, 10, 8, 10, 4, 1, 4, 6, 8, 7, 6, 7, 8, 7, 9, 6, 4, 6, 7, 6, 4, 3, 4, 2, 3, 2, 3, 2, 1, 2, 3, 2, 3, 4, 3, 4, 6, 4, 3, 4, 9, 11, 10, 11, 3, 2, 1, 3, 4, 2, 4, 2, 3, 4, 3, 2, 4, 3, 4, 3, 2, 4, 3, 2, 3, 4, 3, 5, 3, 5, 3, 4, 5, 3, 4, 3, 4, 3, 5, 3, 6, 4, 6, 5, 6, 3, 5, 4, 3, 4, 3, 4, 3, 4, 3, 2, 3, 4, 5, 3, 4, 5, 4, 5, 4, 3, 6, 5, 6, 5, 4, 5, 6, 5, 3, 14, 5, 6, 5, 6, 8, 6, 7, 4, 14, 15, 14, 4, 3, 4, 2, 3, 5, 14, 3, 4, 6, 8, 7, 6, 7, 5, 2, 3, 2, 3, 14, 6, 4, 5, 3, 4, 5, 3, 4, 5, 4, 3, 4, 5, 3, 4, 5, 6, 4, 5, 4, 5, 6, 7, 4, 5, 4, 3, 4, 3, 6, 7, 4, 5, 3, 14, 10, 8, 14, 15, 14, 5, 6, 5, 14, 15, 5, 6, 5, 7, 6, 9, 4, 5, 4, 5, 4, 5, 4, 3, 12, 14, 7, 6, 7, 6, 4, 3, 2, 14]"
9679a6e6,Task11CM,CM,0,0,0,0,0,0,0,0,0,0,0,0,-132,-19,-68,7,50,3,-132,-19,-68,7,50,3,"[3, 0, 1, 0, 14, 0, 1, 2, 1, 2, 1, 2, 1, 2, 0, 1, 2, 1, 2, 14, 9, 7, 2, 3, 1, 0, 2, 3, 2, 3, 2, 3, 6, 7, 5, 3, 4, 5, 4, 5, 4, 5, 4, 3, 4, 2, 3, 4, 3, 4, 3, 4, 5, 3, 5, 4, 5, 4, 5, 3, 4, 5, 7, 6, 5, 2, 1, 0, 1, 0, 1, 3, 5, 6, 7, 15, 3, 5, 8, 11, 9, 6, 5, 6, 4, 5, 6, 3, 5, 7, 4, 6, 7, 9, 7, 3, 4, 6, 5, 3, 2, 4, 5, 6, 5, 6, 4, 5, 4, 5, 4, 5, 7, 10, 7, 5, 7, 8, 9, 8, 5, 4, 5, 4, 5, 9, 12, 8, 7, 4, 5, 7, 6, 4, 5, 7, 6, 5, 6, 4, 5, 7, 5, 4, 2, 3, 2, 3, 5, 4, 3, 4, 3, 4, 3, 4, 3, 4, 5, 4, 6, 4, 5, 7, 8, 6, 4, 3, 5, 4, 5, 11, 10, 14, 15, 14, 10, 16, 15, 16, 15, 16, 14, 4, 3, 0]","[3, 0, 1, 0, 14, 0, 1, 2, 1, 2, 1, 2, 1, 2, 0, 1, 2, 1, 2, 14, 9, 7, 2, 3, 1, 0, 2, 3, 2, 3, 2, 3, 6, 7, 5, 3, 4, 5, 4, 5, 4, 5, 4, 3, 4, 2, 3, 4, 3, 4, 3, 4, 5, 3, 5, 4, 5, 4, 5, 3, 4, 5, 7, 6, 5, 2, 1, 0, 1, 0, 1, 3, 5, 6, 7, 15, 3, 5, 8, 11, 9, 6, 5, 6, 4, 5, 6, 3, 5, 7, 4, 6, 7, 9, 7, 3, 4, 6, 5, 3, 2, 4, 5, 6, 5, 6, 4, 5, 4, 5, 4, 5, 7, 10, 7, 5, 7, 8, 9, 8, 5, 4, 5, 4, 5, 9, 12, 8, 7, 4, 5, 7, 6, 4, 5, 7, 6, 5, 6, 4, 5, 7, 5, 4, 2, 3, 2, 3, 5, 4, 3, 4, 3, 4, 3, 4, 3, 4, 5, 4, 6, 4, 5, 7, 8, 6, 4, 3, 5, 4, 5, 11, 10, 14, 15, 14, 10, 16, 15, 16, 15, 16, 14, 4, 3, 0]"
625d844e,Task11CM,CM,0,0,0,0,0,0,0,0,0,0,0,0,-259,-131,-77,14,57,5,-259,-131,-77,14,57,5,"[4, 2, 1, 0, 14, 13, 14, 15, 14, 15, 14, 4, 3, 0, 1, 0, 2, 1, 2, 4, 5, 4, 6, 12, 3, 1, 0, 3, 1, 2, 12, 2, 3, 4, 3, 1, 2, 0, 12, 3, 4, 3, 4, 3, 4, 5, 6, 5, 3, 4, 3, 4, 3, 8, 7, 3, 6, 4, 5, 4, 3, 9, 3, 2, 3, 2, 3, 2, 1, 2, 3, 4, 3, 2, 1, 10, 9, 2, 4, 3, 2, 5, 6, 7, 5, 7, 4, 3, 2, 3, 4, 3, 4, 3, 4, 3, 5, 4, 5, 6, 5, 4, 8, 10, 7, 5, 2, 4, 3, 2, 3, 5, 3, 0, 4, 6, 5, 3, 4, 5, 4, 5, 4, 3, 4, 5, 4, 5, 4, 3, 4, 5, 4, 2, 5, 3, 4, 5, 4, 5, 6, 5, 4, 3, 4, 3, 4, 5, 4, 3, 4, 3, 4, 3, 2, 3, 5, 6, 4, 5, 4, 5, 4, 5, 6, 4, 5, 12, 5, 3, 5, 3, 4, 5, 4, 3, 4, 5, 4, 6, 4, 5, 4, 8, 1, 3, 7, 4, 3, 4, 2, 14, 2, 4, 3, 6, 4, 12, 4, 5, 6, 7, 9, 10, 5, 4, 6, 5, 4, 3, 12, 14, 2, 3, 1, 2, 3, 4, 5, 4, 2, 0, 12, 7, 5, 3, 2, 4, 5, 4, 5, 3, 2, 1, 2, 3, 2, 4, 3, 4, 5, 3, 4, 5, 6, 12, 10, 4, 7, 4, 5, 4, 3, 4, 6, 12, 6, 3, 4, 5, 3, 5, 6, 4, 5, 6, 7, 3, 2, 3, 4, 3, 12, 6, 4, 2, 3, 4, 5, 2, 4, 3, 2, 4, 12, 4, 14, 4, 3, 16, 14, 3, 4, 5, 3, 4, 12, 4, 5, 4, 5, 4, 3, 4, 5, 4, 5, 4]","[4, 2, 1, 0, 14, 13, 14, 15, 14, 15, 14, 4, 3, 0, 1, 0, 2, 1, 2, 4, 5, 4, 6, 12, 3, 1, 0, 3, 1, 2, 12, 2, 3, 4, 3, 1, 2, 0, 12, 3, 4, 3, 4, 3, 4, 5, 6, 5, 3, 4, 3, 4, 3, 8, 7, 3, 6, 4, 5, 4, 3, 9, 3, 2, 3, 2, 3, 2, 1, 2, 3, 4, 3, 2, 1, 10, 9, 2, 4, 3, 2, 5, 6, 7, 5, 7, 4, 3, 2, 3, 4, 3, 4, 3, 4, 3, 5, 4, 5, 6, 5, 4, 8, 10, 7, 5, 2, 4, 3, 2, 3, 5, 3, 0, 4, 6, 5, 3, 4, 5, 4, 5, 4, 3, 4, 5, 4, 5, 4, 3, 4, 5, 4, 2, 5, 3, 4, 5, 4, 5, 6, 5, 4, 3, 4, 3, 4, 5, 4, 3, 4, 3, 4, 3, 2, 3, 5, 6, 4, 5, 4, 5, 4, 5, 6, 4, 5, 12, 5, 3, 5, 3, 4, 5, 4, 3, 4, 5, 4, 6, 4, 5, 4, 8, 1, 3, 7, 4, 3, 4, 2, 14, 2, 4, 3, 6, 4, 12, 4, 5, 6, 7, 9, 10, 5, 4, 6, 5, 4, 3, 12, 14, 2, 3, 1, 2, 3, 4, 5, 4, 2, 0, 12, 7, 5, 3, 2, 4, 5, 4, 5, 3, 2, 1, 2, 3, 2, 4, 3, 4, 5, 3, 4, 5, 6, 12, 10, 4, 7, 4, 5, 4, 3, 4, 6, 12, 6, 3, 4, 5, 3, 5, 6, 4, 5, 6, 7, 3, 2, 3, 4, 3, 12, 6, 4, 2, 3, 4, 5, 2, 4, 3, 2, 4, 12, 4, 14, 4, 3, 16, 14, 3, 4, 5, 3, 4, 12, 4, 5, 4, 5, 4, 3, 4, 5, 4, 5, 4]"
1de0f518,Task11CM,CM,0,0,0,0,0,0,0,0,0,0,0,0,-168,-65,-51,14,11,4,-168,-65,-51,14,11,4,"[4, 12, 14, 15, 3, 4, 6, 14, 15, 2, 1, 0, 14, 7, 1, 0, 1, 3, 2, 0, 9, 2, 1, 2, 1, 0, 1, 2, 1, 2, 0, 2, 0, 2, 1, 6, 4, 14, 2, 0, 2, 1, 3, 2, 3, 4, 3, 1, 2, 3, 1, 3, 1, 2, 3, 1, 2, 3, 4, 3, 2, 1, 2, 1, 2, 3, 4, 1, 2, 3, 4, 6, 5, 4, 3, 5, 6, 5, 6, 1, 0, 2, 4, 3, 5, 4, 5, 0, 2, 6, 1, 0, 6, 2, 0, 6, 10, 8, 6, 4, 6, 0, 3, 2, 6, 3, 7, 3, 6, 2, 0, 5, 3, 7, 5, 2, 3, 7, 2, 3, 6, 2, 4, 6, 5, 3, 2, 0, 1, 4, 5, 4, 6, 9, 5, 4, 5, 4, 2, 3, 4, 6, 5, 1, 2, 0, 6, 3, 6, 5, 8, 6, 5, 4, 6, 4, 2, 4, 5, 4, 6, 9, 6, 4, 6, 7, 10, 9, 6, 2, 4, 3, 2, 3, 4, 5, 6, 4, 6, 7, 3, 4, 3, 4, 3, 4, 5, 9, 10, 5, 9, 12, 14, 17, 14, 15, 14, 9, 3, 1, 0, 4, 0, 1, 2, 1, 2, 5, 4, 6, 4, 6, 4, 5, 2, 0, 10]","[4, 12, 14, 15, 3, 4, 6, 14, 15, 2, 1, 0, 14, 7, 1, 0, 1, 3, 2, 0, 9, 2, 1, 2, 1, 0, 1, 2, 1, 2, 0, 2, 0, 2, 1, 6, 4, 14, 2, 0, 2, 1, 3, 2, 3, 4, 3, 1, 2, 3, 1, 3, 1, 2, 3, 1, 2, 3, 4, 3, 2, 1, 2, 1, 2, 3, 4, 1, 2, 3, 4, 6, 5, 4, 3, 5, 6, 5, 6, 1, 0, 2, 4, 3, 5, 4, 5, 0, 2, 6, 1, 0, 6, 2, 0, 6, 10, 8, 6, 4, 6, 0, 3, 2, 6, 3, 7, 3, 6, 2, 0, 5, 3, 7, 5, 2, 3, 7, 2, 3, 6, 2, 4, 6, 5, 3, 2, 0, 1, 4, 5, 4, 6, 9, 5, 4, 5, 4, 2, 3, 4, 6, 5, 1, 2, 0, 6, 3, 6, 5, 8, 6, 5, 4, 6, 4, 2, 4, 5, 4, 6, 9, 6, 4, 6, 7, 10, 9, 6, 2, 4, 3, 2, 3, 4, 5, 6, 4, 6, 7, 3, 4, 3, 4, 3, 4, 5, 9, 10, 5, 9, 12, 14, 17, 14, 15, 14, 9, 3, 1, 0, 4, 0, 1, 2, 1, 2, 5, 4, 6, 4, 6, 4, 5, 2, 0, 10]"
1d1071e4,Task11CM,CM,0,0,0,0,0,0,0,0,0,0,0,0,-265,-152,-93,14,23,6,-265,-152,-93,14,23,6,"[7, 2, 12, 14, 13, 14, 15, 14, 15, 14, 0, 15, 14, 15, 14, 15, 14, 15, 14, 15, 17, 15, 14, 15, 14, 15, 14, 15, 14, 15, 16, 17, 16, 0, 14, 0, 1, 3, 2, 1, 3, 15, 14, 15, 14, 6, 10, 12, 10, 14, 15, 14, 8, 10, 15, 14, 17, 14, 11, 10, 11, 10, 6, 0, 1, 0, 2, 0, 1, 2, 1, 3, 2, 1, 0, 2, 8, 2, 3, 2, 3, 2, 3, 2, 3, 4, 3, 4, 3, 4, 5, 6, 5, 8, 10, 12, 5, 6, 5, 4, 5, 4, 3, 4, 2, 1, 2, 3, 2, 0, 2, 0, 1, 0, 3, 2, 3, 2, 3, 2, 3, 4, 3, 4, 5, 4, 3, 4, 3, 5, 4, 5, 4, 3, 4, 3, 2, 5, 3, 4, 3, 4, 5, 4, 3, 4, 3, 4, 3, 5, 4, 3, 4, 3, 4, 5, 4, 5, 4, 3, 5, 3, 4, 3, 2, 3, 4, 3, 4, 5, 4, 5, 2, 5, 6, 3, 6, 3, 2, 6, 12, 3, 6, 3, 2, 3, 5, 4, 3, 4, 3, 6, 3, 0, 5, 4, 3, 5, 6, 3, 2, 4, 5, 4, 6, 12, 16, 14, 12, 10, 6, 5, 6, 4, 5, 4, 3, 4, 5, 4, 3, 5, 6, 17, 15, 6, 5, 2, 0, 1, 14, 2, 3, 1, 2, 3, 0, 2, 3, 6, 4, 3, 2, 4, 5, 4, 6, 4, 14, 6, 5, 6, 7, 6, 7, 6, 7, 6, 5, 9, 10, 3, 4, 3, 14, 2, 3, 4, 3, 4, 14, 12, 3, 5, 4, 5, 6, 4, 3, 4, 5, 4, 6, 3, 4, 3, 2, 3, 4, 3, 6, 12, 15, 14, 6, 5, 15, 6, 5, 6, 8, 9, 10, 2, 0, 12, 14, 12, 15, 16, 15, 14, 15, 5, 12, 7, 6, 3, 2]","[7, 2, 12, 14, 13, 14, 15, 14, 15, 14, 0, 15, 14, 15, 14, 15, 14, 15, 14, 15, 17, 15, 14, 15, 14, 15, 14, 15, 14, 15, 16, 17, 16, 0, 14, 0, 1, 3, 2, 1, 3, 15, 14, 15, 14, 6, 10, 12, 10, 14, 15, 14, 8, 10, 15, 14, 17, 14, 11, 10, 11, 10, 6, 0, 1, 0, 2, 0, 1, 2, 1, 3, 2, 1, 0, 2, 8, 2, 3, 2, 3, 2, 3, 2, 3, 4, 3, 4, 3, 4, 5, 6, 5, 8, 10, 12, 5, 6, 5, 4, 5, 4, 3, 4, 2, 1, 2, 3, 2, 0, 2, 0, 1, 0, 3, 2, 3, 2, 3, 2, 3, 4, 3, 4, 5, 4, 3, 4, 3, 5, 4, 5, 4, 3, 4, 3, 2, 5, 3, 4, 3, 4, 5, 4, 3, 4, 3, 4, 3, 5, 4, 3, 4, 3, 4, 5, 4, 5, 4, 3, 5, 3, 4, 3, 2, 3, 4, 3, 4, 5, 4, 5, 2, 5, 6, 3, 6, 3, 2, 6, 12, 3, 6, 3, 2, 3, 5, 4, 3, 4, 3, 6, 3, 0, 5, 4, 3, 5, 6, 3, 2, 4, 5, 4, 6, 12, 16, 14, 12, 10, 6, 5, 6, 4, 5, 4, 3, 4, 5, 4, 3, 5, 6, 17, 15, 6, 5, 2, 0, 1, 14, 2, 3, 1, 2, 3, 0, 2, 3, 6, 4, 3, 2, 4, 5, 4, 6, 4, 14, 6, 5, 6, 7, 6, 7, 6, 7, 6, 5, 9, 10, 3, 4, 3, 14, 2, 3, 4, 3, 4, 14, 12, 3, 5, 4, 5, 6, 4, 3, 4, 5, 4, 6, 3, 4, 3, 2, 3, 4, 3, 6, 12, 15, 14, 6, 5, 15, 6, 5, 6, 8, 9, 10, 2, 0, 12, 14, 12, 15, 16, 15, 14, 15, 5, 12, 7, 6, 3, 2]"
cb039d67,Task11CM,CM,0,0,0,0,0,0,0,0,0,0,0,0,-7,-54,-7,1,-54,1,-7,-54,-7,1,-54,1,"[3, 2, 1, 3, 2, 3]","[3, 2, 1, 3, 2, 3]"
5e4ae544,Task11CM,CM,0,0,0,0,0,0,0,0,0,0,0,0,-233,-105,-46,14,83,5,-233,-105,-46,14,83,5,"[6, 0, 2, 0, 3, 1, 2, 1, 2, 0, 2, 0, 3, 2, 0, 3, 6, 3, 6, 4, 6, 2, 1, 4, 6, 5, 6, 2, 5, 0, 3, 2, 3, 4, 3, 5, 3, 4, 3, 5, 3, 4, 5, 4, 6, 4, 3, 5, 6, 4, 6, 3, 2, 6, 3, 6, 4, 5, 4, 5, 4, 10, 6, 5, 8, 5, 4, 5, 6, 5, 4, 5, 6, 5, 4, 0, 1, 5, 4, 5, 3, 4, 5, 4, 5, 6, 4, 5, 6, 5, 7, 10, 6, 4, 6, 5, 4, 5, 3, 4, 7, 9, 11, 7, 1, 2, 5, 3, 5, 2, 4, 3, 5, 3, 6, 2, 1, 12, 14, 4, 1, 3, 0, 2, 3, 2, 3, 4, 6, 4, 3, 1, 14, 0, 1, 3, 4, 5, 4, 5, 6, 1, 5, 3, 4, 6, 3, 2, 5, 4, 3, 5, 4, 3, 2, 3, 2, 3, 2, 3, 6, 3, 5, 4, 3, 5, 4, 5, 4, 5, 4, 3, 5, 6, 5, 7, 6, 7, 4, 5, 6, 4, 2, 3, 4, 3, 4, 6, 4, 3, 6, 4, 7, 5, 6, 5, 12, 14, 15, 6, 5, 7, 9, 10, 4, 3, 1, 6, 5, 4, 5, 6, 5, 14, 5, 4, 6, 4, 3, 4, 8, 4, 14, 3, 4, 5, 4, 5, 4, 5, 6, 3, 4, 5, 3, 6, 3, 4, 14, 4, 6, 4, 7, 6, 8, 10, 14, 6, 5, 14, 0, 3, 14, 5, 2, 0, 6, 4, 0, 2, 4, 1, 0, 2, 14, 4, 3, 4, 14, 5, 4, 15, 14, 4, 5, 12, 14]","[6, 0, 2, 0, 3, 1, 2, 1, 2, 0, 2, 0, 3, 2, 0, 3, 6, 3, 6, 4, 6, 2, 1, 4, 6, 5, 6, 2, 5, 0, 3, 2, 3, 4, 3, 5, 3, 4, 3, 5, 3, 4, 5, 4, 6, 4, 3, 5, 6, 4, 6, 3, 2, 6, 3, 6, 4, 5, 4, 5, 4, 10, 6, 5, 8, 5, 4, 5, 6, 5, 4, 5, 6, 5, 4, 0, 1, 5, 4, 5, 3, 4, 5, 4, 5, 6, 4, 5, 6, 5, 7, 10, 6, 4, 6, 5, 4, 5, 3, 4, 7, 9, 11, 7, 1, 2, 5, 3, 5, 2, 4, 3, 5, 3, 6, 2, 1, 12, 14, 4, 1, 3, 0, 2, 3, 2, 3, 4, 6, 4, 3, 1, 14, 0, 1, 3, 4, 5, 4, 5, 6, 1, 5, 3, 4, 6, 3, 2, 5, 4, 3, 5, 4, 3, 2, 3, 2, 3, 2, 3, 6, 3, 5, 4, 3, 5, 4, 5, 4, 5, 4, 3, 5, 6, 5, 7, 6, 7, 4, 5, 6, 4, 2, 3, 4, 3, 4, 6, 4, 3, 6, 4, 7, 5, 6, 5, 12, 14, 15, 6, 5, 7, 9, 10, 4, 3, 1, 6, 5, 4, 5, 6, 5, 14, 5, 4, 6, 4, 3, 4, 8, 4, 14, 3, 4, 5, 4, 5, 4, 5, 6, 3, 4, 5, 3, 6, 3, 4, 14, 4, 6, 4, 7, 6, 8, 10, 14, 6, 5, 14, 0, 3, 14, 5, 2, 0, 6, 4, 0, 2, 4, 1, 0, 2, 14, 4, 3, 4, 14, 5, 4, 15, 14, 4, 5, 12, 14]"
dfab1ede,Task11CM,CM,0,0,0,0,0,0,0,0,0,0,0,0,-108,-25,-27,10,-8,2,-108,-25,-27,10,-8,2,"[12, 11, 8, 6, 10, 5, 2, 8, 13, 12, 14, 1, 0, 10, 12, 14, 12, 14, 12, 14, 15, 14, 8, 2, 0, 14, 15, 14, 0, 1, 0, 2, 0, 1, 0, 1, 0, 6, 7, 14, 6, 0, 1, 2, 3, 2, 0, 2, 3, 1, 3, 2, 3, 9, 5, 6, 4, 5, 3, 2, 3, 1, 2, 0, 3, 2, 4, 2, 3, 0, 2, 3, 6, 3, 2, 3, 6, 3, 2, 3, 4, 3, 4, 5, 4, 5, 6, 5, 9, 3, 4, 1, 5, 2, 1, 0, 1, 7, 6, 10, 4, 3, 9, 5, 4, 2, 7, 9, 6, 2, 5, 4, 3, 4, 7, 5, 4, 5, 3, 0, 7, 8, 6, 4, 5, 7, 6, 7, 14, 15, 3, 14, 3, 0, 3, 2, 0, 2, 3, 5, 3, 5, 4, 9, 17, 15, 14, 3, 15, 2, 3, 14]","[12, 11, 8, 6, 10, 5, 2, 8, 13, 12, 14, 1, 0, 10, 12, 14, 12, 14, 12, 14, 15, 14, 8, 2, 0, 14, 15, 14, 0, 1, 0, 2, 0, 1, 0, 1, 0, 6, 7, 14, 6, 0, 1, 2, 3, 2, 0, 2, 3, 1, 3, 2, 3, 9, 5, 6, 4, 5, 3, 2, 3, 1, 2, 0, 3, 2, 4, 2, 3, 0, 2, 3, 6, 3, 2, 3, 6, 3, 2, 3, 4, 3, 4, 5, 4, 5, 6, 5, 9, 3, 4, 1, 5, 2, 1, 0, 1, 7, 6, 10, 4, 3, 9, 5, 4, 2, 7, 9, 6, 2, 5, 4, 3, 4, 7, 5, 4, 5, 3, 0, 7, 8, 6, 4, 5, 7, 6, 7, 14, 15, 3, 14, 3, 0, 3, 2, 0, 2, 3, 5, 3, 5, 4, 9, 17, 15, 14, 3, 15, 2, 3, 14]"
9a43cae5,Task11CM,CM,0,0,0,0,0,0,0,0,0,0,0,0,-190,-107,-80,11,-31,4,-190,-107,-80,11,-31,4,"[0, 1, 0, 1, 0, 1, 2, 0, 2, 0, 1, 2, 1, 2, 3, 2, 1, 2, 3, 4, 3, 4, 8, 4, 0, 14, 0, 1, 0, 1, 2, 3, 4, 0, 2, 3, 2, 3, 2, 0, 2, 3, 2, 3, 2, 3, 2, 3, 0, 1, 2, 3, 2, 3, 2, 3, 4, 3, 4, 3, 4, 3, 4, 3, 4, 1, 4, 2, 3, 4, 5, 9, 4, 3, 2, 1, 2, 3, 1, 0, 4, 3, 1, 3, 2, 3, 2, 3, 2, 4, 3, 4, 3, 2, 1, 2, 3, 4, 3, 4, 3, 2, 1, 2, 4, 3, 2, 3, 4, 5, 4, 5, 4, 5, 0, 6, 5, 6, 4, 6, 5, 7, 4, 6, 4, 5, 4, 3, 2, 0, 3, 2, 3, 2, 3, 2, 3, 2, 3, 2, 4, 3, 4, 5, 4, 3, 4, 5, 0, 4, 6, 5, 4, 5, 6, 5, 4, 6, 4, 12, 14, 7, 5, 3, 0, 5, 4, 10, 4, 2, 3, 2, 3, 2, 4, 3, 2, 4, 3, 6, 3, 4, 3, 2, 3, 4, 5, 4, 3, 4, 5, 6, 5, 2, 3, 6, 5, 4, 7, 4, 6, 8, 9, 4, 5, 4, 2, 3, 2, 3, 2, 3, 2, 3, 2, 3, 2, 3, 2, 3, 6, 5, 4, 6]","[0, 1, 0, 1, 0, 1, 2, 0, 2, 0, 1, 2, 1, 2, 3, 2, 1, 2, 3, 4, 3, 4, 8, 4, 0, 14, 0, 1, 0, 1, 2, 3, 4, 0, 2, 3, 2, 3, 2, 0, 2, 3, 2, 3, 2, 3, 2, 3, 0, 1, 2, 3, 2, 3, 2, 3, 4, 3, 4, 3, 4, 3, 4, 3, 4, 1, 4, 2, 3, 4, 5, 9, 4, 3, 2, 1, 2, 3, 1, 0, 4, 3, 1, 3, 2, 3, 2, 3, 2, 4, 3, 4, 3, 2, 1, 2, 3, 4, 3, 4, 3, 2, 1, 2, 4, 3, 2, 3, 4, 5, 4, 5, 4, 5, 0, 6, 5, 6, 4, 6, 5, 7, 4, 6, 4, 5, 4, 3, 2, 0, 3, 2, 3, 2, 3, 2, 3, 2, 3, 2, 4, 3, 4, 5, 4, 3, 4, 5, 0, 4, 6, 5, 4, 5, 6, 5, 4, 6, 4, 12, 14, 7, 5, 3, 0, 5, 4, 10, 4, 2, 3, 2, 3, 2, 4, 3, 2, 4, 3, 6, 3, 4, 3, 2, 3, 4, 5, 4, 3, 4, 5, 6, 5, 2, 3, 6, 5, 4, 7, 4, 6, 8, 9, 4, 5, 4, 2, 3, 2, 3, 2, 3, 2, 3, 2, 3, 2, 3, 2, 3, 6, 5, 4, 6]"
66310afd,Task11CM,CM,0,0,0,0,0,0,0,0,0,0,0,0,-254,-116,-78,15,67,5,-254,-116,-78,15,67,5,"[4, 0, 1, 0, 1, 2, 0, 4, 3, 2, 3, 1, 14, 15, 14, 0, 1, 2, 0, 2, 1, 3, 2, 3, 2, 3, 2, 3, 1, 0, 1, 2, 3, 4, 3, 4, 3, 4, 5, 3, 4, 6, 3, 2, 3, 2, 3, 2, 4, 3, 4, 3, 2, 3, 4, 3, 4, 5, 4, 5, 4, 6, 3, 5, 6, 5, 6, 5, 6, 7, 12, 14, 2, 3, 4, 2, 3, 14, 2, 3, 4, 3, 4, 3, 4, 3, 2, 3, 2, 3, 4, 2, 4, 2, 4, 1, 3, 2, 3, 5, 4, 6, 5, 4, 3, 5, 4, 5, 4, 5, 6, 8, 6, 5, 6, 5, 7, 6, 8, 6, 7, 0, 7, 6, 7, 8, 5, 3, 2, 3, 2, 3, 4, 5, 8, 7, 8, 7, 5, 8, 7, 5, 6, 5, 3, 4, 3, 4, 5, 3, 2, 3, 2, 1, 3, 4, 3, 4, 2, 3, 4, 5, 15, 14, 5, 6, 5, 6, 4, 3, 2, 4, 3, 2, 4, 3, 2, 3, 4, 3, 4, 3, 4, 5, 0, 3, 4, 3, 4, 3, 5, 6, 4, 3, 4, 6, 5, 4, 14, 5, 6, 5, 7, 6, 5, 6, 5, 10, 8, 6, 14, 9, 7, 8, 14, 7, 8, 7, 14, 15, 14, 6, 5, 6, 5, 6, 5, 6, 5, 6, 5, 9, 5, 6, 5, 4, 3, 5, 4, 3, 5, 4, 5, 14, 6, 14, 6, 7, 14, 6, 4, 3, 6, 5, 4, 3, 4, 5, 4, 5, 4, 9, 6, 14, 15, 8, 7, 14, 9, 6, 14, 6, 5, 3, 4, 6, 7, 14, 15, 10, 9, 8, 4, 3, 6, 4, 2, 0, 2, 0, 1, 9, 11, 7, 5, 6, 5, 14]","[4, 0, 1, 0, 1, 2, 0, 4, 3, 2, 3, 1, 14, 15, 14, 0, 1, 2, 0, 2, 1, 3, 2, 3, 2, 3, 2, 3, 1, 0, 1, 2, 3, 4, 3, 4, 3, 4, 5, 3, 4, 6, 3, 2, 3, 2, 3, 2, 4, 3, 4, 3, 2, 3, 4, 3, 4, 5, 4, 5, 4, 6, 3, 5, 6, 5, 6, 5, 6, 7, 12, 14, 2, 3, 4, 2, 3, 14, 2, 3, 4, 3, 4, 3, 4, 3, 2, 3, 2, 3, 4, 2, 4, 2, 4, 1, 3, 2, 3, 5, 4, 6, 5, 4, 3, 5, 4, 5, 4, 5, 6, 8, 6, 5, 6, 5, 7, 6, 8, 6, 7, 0, 7, 6, 7, 8, 5, 3, 2, 3, 2, 3, 4, 5, 8, 7, 8, 7, 5, 8, 7, 5, 6, 5, 3, 4, 3, 4, 5, 3, 2, 3, 2, 1, 3, 4, 3, 4, 2, 3, 4, 5, 15, 14, 5, 6, 5, 6, 4, 3, 2, 4, 3, 2, 4, 3, 2, 3, 4, 3, 4, 3, 4, 5, 0, 3, 4, 3, 4, 3, 5, 6, 4, 3, 4, 6, 5, 4, 14, 5, 6, 5, 7, 6, 5, 6, 5, 10, 8, 6, 14, 9, 7, 8, 14, 7, 8, 7, 14, 15, 14, 6, 5, 6, 5, 6, 5, 6, 5, 6, 5, 9, 5, 6, 5, 4, 3, 5, 4, 3, 5, 4, 5, 14, 6, 14, 6, 7, 14, 6, 4, 3, 6, 5, 4, 3, 4, 5, 4, 5, 4, 9, 6, 14, 15, 8, 7, 14, 9, 6, 14, 6, 5, 3, 4, 6, 7, 14, 15, 10, 9, 8, 4, 3, 6, 4, 2, 0, 2, 0, 1, 9, 11, 7, 5, 6, 5, 14]"
615db7bf,Task11CP,CP,-118,-76,-90,3,-76,1,-123,-91,-86,4,-91,1,-143,-90,-97,5,-56,3,-125,-62,-56,7,-8,3,"[18, 5, 0, 21, 24, 0, 2, 0, 2, 0, 2, 1, 2, 4, 2, 1, 3, 5, 7, 3, 5, 3, 2, 4, 2, 0, 2, 4, 5, 3, 5, 6, 4, 6, 5, 3, 5, 4, 6, 8, 5, 8, 5, 11, 8, 14, 8, 5, 4, 6, 5, 6, 8, 6, 3, 5, 9, 5, 7, 5, 6, 7, 5, 3, 1, 3, 7, 3, 7, 8, 6, 0, 1, 3, 5, 3, 5, 3, 5, 7, 4, 1, 3, 1, 3, 7, 9, 7, 9, 3, 5, 4, 1, 5, 7, 3, 11, 9, 0, 3, 5, 7, 3, 2, 0, 2, 5, 9, 7, 4, 2, 0, 5, 11, 5, 3, 5, 3, 5, 3, 5, 4, 5, 7, 5, 7, 5, 7, 5, 1, 3, 5, 6, 9, 5, 3, 5, 3, 5, 7, 8, 6, 8, 12, 11, 7, 5, 7, 14, 9, 5, 3, 5, 7, 9, 11, 9, 11, 10, 11, 10, 12, 11, 7, 9, 7, 9, 11, 10, 11, 14, 11, 14, 15, 24, 25, 24]","[9, 3, 0, 12, 14, 0, 1, 0, 1, 0, 1, 2, 1, 2, 3, 4, 2, 3, 2, 1, 2, 1, 0, 1, 2, 3, 2, 3, 2, 3, 2, 3, 2, 3, 4, 3, 4, 3, 6, 4, 7, 4, 3, 2, 3, 4, 3, 2, 3, 5, 3, 4, 3, 4, 3, 2, 1, 2, 4, 2, 4, 3, 0, 1, 2, 3, 2, 3, 2, 3, 4, 2, 1, 2, 1, 2, 4, 5, 4, 5, 2, 3, 2, 1, 3, 4, 2, 6, 5, 0, 2, 3, 4, 2, 1, 0, 1, 3, 5, 4, 2, 1, 0, 3, 6, 3, 2, 3, 2, 3, 2, 3, 2, 3, 4, 3, 4, 3, 4, 3, 1, 2, 3, 5, 3, 2, 3, 2, 3, 4, 3, 4, 6, 4, 3, 4, 7, 5, 3, 2, 3, 4, 5, 6, 5, 6, 5, 6, 5, 6, 4, 5, 4, 5, 6, 5, 6, 7, 6, 7, 8, 14, 15, 14]"
f9ec2bc7,Task11CP,CP,-271,-189,-173,8,-168,2,-271,-194,-206,6,-163,2,-296,-213,-210,10,-142,4,-266,-168,-118,18,-13,6,"[18, 16, 11, 5, 0, 1, 2, 0, 2, 0, 3, 1, 3, 4, 3, 2, 1, 0, 1, 2, 5, 3, 5, 3, 0, 3, 1, 3, 5, 3, 4, 2, 4, 0, 4, 3, 4, 2, 3, 2, 0, 2, 4, 2, 4, 2, 5, 3, 5, 7, 5, 6, 4, 2, 3, 5, 4, 2, 5, 3, 5, 8, 9, 7, 9, 7, 5, 7, 9, 7, 5, 3, 7, 8, 3, 5, 9, 7, 8, 5, 8, 10, 8, 6, 8, 5, 6, 5, 8, 4, 6, 5, 6, 5, 4, 6, 4, 6, 8, 5, 6, 8, 4, 8, 6, 2, 6, 8, 6, 5, 2, 4, 2, 8, 10, 8, 6, 8, 6, 8, 6, 8, 6, 7, 9, 11, 14, 11, 9, 8, 11, 9, 8, 9, 10, 5, 8, 11, 8, 9, 11, 9, 12, 10, 8, 10, 9, 11, 9, 11, 9, 8, 10, 8, 3, 5, 10, 5, 3, 2, 3, 10, 8, 4, 5, 9, 7, 5, 7, 8, 16, 10, 9, 11, 9, 5, 8, 0, 5, 4, 5, 3, 1, 2, 4, 2, 4, 5, 7, 4, 5, 9, 5, 0, 4, 5, 4, 3, 5, 4, 5, 4, 5, 7, 9, 13, 5, 13, 11, 9, 5, 7, 5, 4, 7, 5, 7, 2, 4, 5, 4, 6, 4, 10, 5, 4, 0, 4, 8, 5, 4, 7, 5, 11, 9, 11, 8, 5, 2, 4, 10, 11, 17, 13, 9, 13, 7, 4, 0, 5, 7, 24, 17, 7, 9, 2, 7, 3, 24, 9, 11, 9, 11, 9, 7, 3, 1, 11, 14, 11, 14, 24, 7, 11, 8, 24, 9, 7, 11, 9, 7, 21, 24, 22, 24, 25, 24, 25, 7, 24, 7, 26, 25, 9, 5, 8, 5, 4, 5, 6, 24, 25, 24, 7, 5, 4, 7, 5, 26, 24, 7, 5, 4, 5, 21, 24, 25, 24, 25, 24, 25, 24, 9, 26, 24, 9, 11, 13, 15, 13, 15, 24, 15, 13, 16, 14, 11, 14, 11, 22, 24, 26, 25, 19, 15]","[9, 8, 6, 3, 0, 1, 0, 1, 0, 2, 1, 2, 1, 0, 1, 3, 2, 3, 2, 0, 2, 1, 2, 3, 2, 1, 2, 0, 2, 1, 2, 1, 0, 1, 2, 1, 2, 1, 3, 2, 3, 4, 3, 2, 1, 2, 3, 2, 1, 3, 2, 3, 4, 5, 4, 5, 4, 3, 4, 5, 4, 3, 2, 4, 2, 3, 5, 4, 3, 4, 5, 4, 3, 4, 3, 4, 2, 3, 2, 3, 2, 3, 4, 3, 4, 2, 4, 3, 1, 3, 4, 3, 1, 2, 1, 4, 5, 4, 3, 4, 3, 4, 3, 4, 3, 4, 5, 6, 7, 6, 5, 4, 6, 5, 4, 5, 3, 4, 6, 4, 5, 6, 5, 6, 5, 4, 5, 6, 5, 6, 5, 4, 5, 4, 2, 3, 5, 3, 2, 1, 2, 5, 4, 2, 3, 5, 4, 3, 4, 8, 5, 6, 5, 3, 4, 0, 3, 2, 3, 2, 1, 2, 1, 2, 3, 4, 2, 3, 5, 3, 0, 2, 3, 2, 3, 2, 3, 2, 3, 4, 5, 7, 3, 7, 6, 5, 3, 4, 3, 2, 4, 3, 4, 1, 2, 3, 2, 3, 2, 5, 3, 2, 0, 2, 4, 3, 2, 4, 3, 6, 5, 6, 4, 3, 1, 2, 5, 6, 9, 7, 5, 7, 4, 2, 0, 3, 4, 14, 9, 4, 5, 1, 4, 2, 14, 5, 6, 5, 6, 5, 4, 2, 1, 6, 7, 6, 7, 14, 4, 6, 4, 14, 5, 4, 6, 5, 4, 12, 14, 12, 14, 15, 14, 15, 4, 14, 4, 16, 15, 5, 3, 4, 3, 2, 3, 14, 15, 14, 4, 3, 2, 4, 3, 16, 14, 4, 3, 2, 3, 12, 14, 15, 14, 15, 14, 15, 14, 5, 16, 14, 5, 6, 7, 8, 7, 8, 14, 8, 7, 8, 7, 6, 7, 6, 12, 14, 16, 15, 10, 8]"
dac593bd,Task11CP,CP,-239,-157,-115,7,-96,2,-239,-157,-125,7,-121,2,-264,-196,-185,7,-167,3,-225,-122,-72,13,1,5,"[14, 11, 9, 5, 2, 5, 9, 21, 18, 14, 18, 0, 2, 4, 2, 1, 4, 5, 4, 6, 2, 0, 2, 0, 3, 5, 6, 2, 4, 2, 1, 2, 1, 2, 0, 2, 0, 1, 2, 0, 4, 2, 0, 2, 6, 2, 1, 3, 2, 4, 5, 6, 4, 8, 6, 4, 5, 3, 7, 8, 10, 14, 6, 8, 6, 8, 7, 8, 9, 10, 16, 11, 15, 13, 16, 18, 21, 22, 18, 17, 21, 9, 11, 9, 7, 8, 11, 13, 11, 18, 17, 18, 14, 18, 21, 5, 4, 2, 4, 2, 4, 5, 8, 6, 8, 6, 8, 6, 8, 2, 0, 7, 11, 14, 9, 5, 4, 2, 0, 2, 1, 7, 9, 8, 9, 8, 5, 4, 2, 11, 22, 6, 5, 4, 6, 4, 6, 8, 9, 7, 8, 10, 9, 18, 14, 8, 9, 11, 8, 10, 8, 5, 7, 9, 8, 6, 8, 0, 1, 3, 2, 1, 0, 2, 15, 21, 2, 0, 2, 22, 11, 2, 0, 2, 0, 1, 2, 0, 2, 5, 0, 9, 8, 4, 3, 4, 5, 4, 6, 4, 6, 4, 6, 8, 6, 4, 8, 10, 5, 21, 8, 10, 8, 6, 8, 14, 18, 8, 10, 9, 7, 8, 9, 15, 17, 18, 1, 0, 16, 18, 16, 18, 3, 5, 1, 2, 0, 2, 18, 2, 5, 2, 1, 2, 0, 2, 0, 2, 21, 2, 4, 2, 4, 1, 2, 13, 0, 1, 2, 3, 5, 4, 2, 0, 2, 18, 17, 19, 21, 4, 8, 10, 8, 5, 7, 5, 2, 3, 0, 1, 13, 24, 6, 8, 10, 8, 5, 8, 5, 6, 8, 5, 7, 2, 4, 5, 6, 8, 6, 10, 5, 3, 7, 5, 7, 5, 8, 5, 6, 8, 4, 3, 7, 5, 2, 4, 14, 16]","[7, 6, 5, 3, 1, 3, 5, 12, 9, 7, 9, 0, 1, 2, 1, 2, 3, 2, 3, 1, 0, 1, 0, 2, 3, 1, 2, 1, 0, 1, 0, 1, 0, 2, 1, 0, 1, 3, 1, 2, 1, 2, 3, 2, 4, 3, 2, 3, 2, 4, 5, 7, 3, 4, 3, 4, 5, 8, 6, 8, 7, 8, 9, 12, 9, 12, 5, 6, 5, 4, 6, 7, 6, 9, 7, 9, 12, 3, 2, 1, 2, 1, 2, 3, 4, 3, 4, 3, 4, 3, 4, 1, 0, 4, 6, 7, 5, 3, 2, 1, 0, 1, 4, 5, 4, 5, 4, 3, 2, 1, 6, 12, 3, 2, 3, 2, 3, 4, 5, 4, 5, 9, 7, 4, 5, 6, 4, 5, 4, 3, 4, 5, 4, 3, 4, 0, 1, 2, 1, 0, 1, 8, 12, 1, 0, 1, 12, 6, 1, 0, 1, 0, 1, 0, 1, 3, 0, 5, 4, 2, 3, 2, 3, 2, 3, 2, 3, 4, 3, 2, 4, 5, 3, 12, 4, 5, 4, 3, 4, 7, 9, 4, 5, 4, 5, 8, 9, 1, 0, 8, 9, 8, 9, 2, 3, 1, 0, 1, 9, 1, 3, 1, 0, 1, 0, 1, 12, 1, 2, 1, 2, 1, 7, 0, 1, 2, 3, 2, 1, 0, 1, 9, 10, 12, 2, 4, 5, 4, 3, 4, 3, 1, 2, 0, 1, 7, 14, 3, 4, 5, 4, 3, 4, 3, 4, 3, 4, 1, 2, 3, 4, 3, 5, 3, 2, 4, 3, 4, 3, 4, 3, 4, 2, 4, 3, 1, 2, 7, 8]"
b1c5e27d,Task11CP,CP,-474,-322,-274,11,-179,4,-464,-312,-260,12,-174,4,-499,-371,-329,16,-149,7,-435,-292,-193,19,62,8,"[18, 16, 5, 1, 0, 2, 18, 11, 10, 11, 8, 10, 5, 2, 0, 2, 0, 5, 2, 0, 3, 0, 2, 1, 2, 4, 2, 0, 1, 3, 1, 3, 5, 3, 4, 8, 4, 3, 7, 3, 4, 5, 4, 0, 4, 3, 5, 7, 9, 5, 3, 5, 0, 2, 0, 5, 0, 5, 6, 8, 6, 8, 5, 9, 5, 7, 9, 5, 7, 5, 7, 5, 9, 7, 5, 7, 5, 6, 8, 6, 8, 4, 5, 8, 6, 5, 7, 5, 8, 5, 6, 10, 8, 6, 8, 5, 7, 5, 7, 5, 6, 4, 6, 10, 5, 6, 3, 13, 11, 7, 9, 8, 4, 6, 5, 4, 5, 9, 7, 14, 9, 7, 9, 7, 8, 10, 9, 11, 10, 9, 11, 10, 8, 10, 11, 14, 16, 13, 19, 18, 21, 24, 23, 22, 24, 22, 21, 5, 0, 2, 1, 3, 1, 2, 3, 4, 5, 4, 3, 4, 5, 4, 3, 4, 3, 4, 8, 4, 2, 3, 5, 3, 5, 1, 0, 3, 5, 3, 5, 3, 4, 3, 4, 5, 3, 4, 2, 1, 4, 1, 4, 5, 3, 5, 4, 7, 3, 5, 7, 8, 6, 4, 11, 4, 21, 6, 5, 11, 5, 6, 5, 6, 8, 5, 3, 5, 7, 11, 9, 10, 17, 14, 9, 10, 7, 5, 3, 7, 9, 13, 15, 17, 13, 7, 13, 11, 13, 7, 11, 13, 7, 9, 7, 8, 14, 7, 9, 7, 15, 23, 13, 7, 9, 5, 9, 7, 5, 7, 5, 8, 6, 9, 5, 15, 11, 9, 7, 15, 9, 11, 7, 9, 8, 10, 8, 11, 8, 9, 8, 12, 10, 12, 9, 5, 3, 11, 14, 11, 15, 13, 17, 7, 11, 20, 19, 3, 11, 7, 4, 8, 7, 5, 3, 5, 9, 5, 7, 10, 8, 5, 19, 21, 13, 11, 9, 7, 8, 9, 7, 11, 9, 11, 9, 7, 8, 16, 10, 7, 5, 3, 7, 4, 19, 21, 22, 9, 5, 4, 8, 4, 25, 24, 4, 5, 9, 7, 4, 5, 3, 11, 5, 8, 7, 5, 9, 8, 6, 4, 5, 4, 5, 10, 4, 6, 10, 4, 10, 4, 6, 1, 7, 5, 8, 4, 11, 6, 5, 8, 4, 6, 4, 3, 7, 3, 6, 4, 5, 16, 3, 5, 7, 5, 6, 8, 5, 6, 8, 5, 10, 5, 6, 8, 6, 11, 13, 15, 13, 9, 11, 9, 11, 8, 11, 9, 7, 5, 9, 5, 1, 5, 0, 11, 10, 8, 10, 12, 8, 10, 11, 9, 7, 10, 7, 9, 10, 8, 9, 7, 9, 7, 9, 7, 9, 10, 8, 3, 11, 9, 16, 10, 11, 9, 11, 7, 15, 11, 24, 9, 11, 8, 21, 11, 9, 11, 10, 11, 9, 19, 24, 16, 18, 16, 11, 13, 24, 18, 17, 16, 11, 7, 21, 3, 4, 3, 5, 3, 5, 3, 8, 4, 7, 4, 3, 4, 6, 2, 1, 4, 24, 1, 5, 3, 7, 5, 9, 7, 13, 7, 9, 5, 7, 5, 6, 8, 9, 7, 11, 8, 16, 8, 1, 5, 21, 9, 8, 10, 8, 10, 8, 9, 14, 11, 24, 14, 8, 10, 9, 17, 20, 16, 14, 15, 18]","[9, 8, 3, 1, 0, 1, 9, 6, 5, 6, 4, 5, 3, 1, 0, 1, 0, 3, 1, 0, 2, 0, 1, 2, 1, 0, 1, 2, 1, 2, 3, 2, 4, 2, 4, 2, 3, 2, 0, 2, 3, 4, 5, 3, 2, 3, 0, 1, 0, 3, 0, 3, 4, 3, 4, 3, 5, 3, 4, 5, 3, 4, 3, 4, 3, 5, 4, 3, 4, 3, 4, 3, 4, 2, 3, 4, 3, 4, 3, 4, 3, 5, 4, 3, 4, 3, 4, 3, 4, 3, 2, 3, 5, 3, 2, 7, 6, 4, 5, 4, 2, 3, 2, 3, 5, 4, 7, 5, 4, 5, 4, 5, 6, 5, 6, 5, 4, 5, 6, 7, 8, 7, 10, 9, 12, 14, 13, 12, 14, 12, 3, 0, 1, 2, 1, 2, 3, 2, 3, 2, 4, 2, 1, 2, 3, 2, 3, 1, 0, 2, 3, 2, 3, 2, 3, 2, 1, 2, 1, 2, 3, 2, 3, 2, 4, 2, 3, 4, 3, 2, 6, 2, 12, 3, 6, 3, 4, 3, 2, 3, 4, 6, 5, 9, 7, 5, 4, 3, 2, 4, 5, 7, 8, 9, 7, 4, 7, 6, 7, 4, 6, 7, 4, 5, 4, 7, 4, 5, 4, 8, 13, 7, 4, 5, 3, 5, 4, 3, 4, 3, 4, 3, 5, 3, 8, 6, 5, 4, 8, 5, 6, 4, 5, 4, 5, 4, 6, 4, 5, 4, 6, 5, 6, 5, 3, 2, 6, 7, 6, 8, 7, 9, 4, 6, 11, 10, 2, 6, 4, 2, 4, 3, 2, 3, 5, 3, 4, 5, 4, 3, 10, 12, 7, 6, 5, 4, 5, 4, 6, 5, 6, 5, 4, 8, 5, 4, 3, 2, 4, 2, 10, 12, 5, 3, 2, 4, 2, 15, 14, 2, 3, 5, 4, 2, 3, 2, 6, 3, 4, 3, 5, 4, 3, 2, 3, 2, 3, 5, 2, 3, 5, 2, 5, 2, 3, 1, 4, 3, 4, 2, 6, 3, 4, 2, 3, 2, 4, 2, 3, 2, 3, 8, 2, 3, 4, 3, 4, 3, 4, 3, 5, 3, 4, 3, 6, 7, 8, 7, 5, 6, 5, 6, 4, 6, 5, 4, 3, 5, 3, 1, 3, 0, 6, 5, 4, 5, 6, 4, 5, 6, 5, 4, 5, 4, 5, 4, 5, 4, 5, 4, 5, 4, 5, 4, 2, 6, 5, 8, 5, 6, 5, 6, 4, 8, 6, 14, 5, 6, 4, 12, 6, 5, 6, 5, 6, 5, 10, 14, 8, 9, 8, 6, 7, 14, 9, 8, 6, 4, 12, 2, 3, 2, 3, 2, 4, 2, 4, 2, 3, 1, 2, 14, 1, 3, 2, 4, 3, 5, 4, 7, 4, 5, 3, 4, 3, 4, 5, 4, 6, 4, 8, 4, 1, 3, 12, 5, 4, 5, 4, 5, 4, 5, 7, 6, 14, 7, 4, 5, 9, 11, 8, 7, 8, 9]"
967a04d0,Task11CP,CP,-152,-95,-96,5,-95,1,-152,-110,-105,4,-110,1,-182,-124,-127,6,-90,3,-142,-64,-50,9,-8,4,"[18, 4, 0, 1, 16, 7, 2, 1, 0, 1, 0, 2, 5, 3, 1, 4, 2, 1, 3, 4, 2, 4, 1, 0, 2, 0, 1, 5, 4, 3, 4, 3, 9, 5, 3, 1, 5, 4, 2, 0, 16, 11, 16, 5, 3, 4, 5, 3, 5, 4, 3, 4, 5, 4, 1, 4, 0, 4, 1, 3, 5, 8, 5, 4, 5, 4, 5, 1, 3, 5, 3, 5, 8, 6, 8, 6, 5, 7, 9, 10, 8, 10, 9, 11, 9, 10, 12, 11, 10, 11, 16, 14, 11, 14, 11, 10, 9, 10, 9, 7, 9, 10, 7, 24, 25, 7, 22, 14, 17, 16, 11, 17, 9, 7, 3, 5, 9, 13, 11, 21, 18, 24, 17, 25, 16, 14, 13, 9, 2, 10, 22, 13, 9, 10, 8, 10, 12, 10, 9, 8, 9, 21, 7, 8, 5, 4, 5, 6, 5, 6, 5, 6, 8, 5, 3, 5, 7, 5, 7, 13, 9, 10, 9, 16, 10, 22, 11, 9, 7, 9, 7, 5, 7, 9, 7, 24, 27, 24, 9, 10, 11, 10, 11, 10, 9, 24, 13, 22, 11, 7, 8, 11, 25, 11, 24, 16, 11, 9, 5, 26, 14, 7, 5, 3, 4, 5, 6, 4, 3, 21, 9, 7, 9, 7, 9, 7, 9, 7, 9, 7, 24, 9, 7, 22, 7, 9, 7, 9, 24, 25, 24]","[9, 2, 0, 1, 8, 4, 1, 0, 1, 0, 1, 3, 2, 1, 2, 1, 2, 1, 2, 1, 0, 1, 0, 1, 3, 2, 5, 3, 2, 1, 3, 2, 1, 0, 8, 6, 8, 3, 2, 3, 2, 3, 2, 3, 2, 1, 2, 0, 2, 1, 2, 3, 4, 3, 2, 3, 2, 3, 1, 2, 3, 2, 3, 4, 3, 4, 3, 4, 5, 4, 5, 6, 5, 6, 5, 6, 8, 7, 6, 7, 6, 5, 4, 5, 4, 14, 15, 4, 12, 7, 9, 8, 6, 9, 5, 4, 2, 3, 5, 7, 6, 12, 9, 14, 9, 15, 8, 7, 5, 1, 5, 12, 7, 5, 4, 5, 6, 5, 4, 5, 12, 4, 3, 2, 3, 4, 3, 2, 3, 4, 3, 4, 7, 5, 8, 5, 12, 6, 5, 4, 5, 4, 3, 4, 5, 4, 14, 17, 14, 5, 6, 5, 6, 5, 14, 7, 12, 6, 4, 6, 15, 6, 14, 8, 6, 5, 3, 16, 7, 4, 3, 2, 3, 2, 12, 5, 4, 5, 4, 5, 4, 5, 4, 5, 4, 14, 5, 4, 12, 4, 5, 4, 5, 14, 15, 14]"
66b337a9,Task11CP,CP,-317,-225,-233,7,-214,2,-317,-220,-223,7,-214,2,-357,-259,-262,11,-196,5,-315,-197,-165,16,-72,6,"[14, 4, 1, 0, 1, 5, 17, 23, 24, 21, 24, 3, 1, 0, 1, 25, 24, 1, 0, 2, 0, 1, 3, 1, 3, 1, 3, 2, 3, 7, 5, 3, 4, 3, 2, 4, 8, 4, 2, 3, 4, 5, 2, 4, 6, 4, 3, 7, 5, 7, 5, 6, 5, 4, 5, 4, 6, 7, 5, 8, 6, 4, 5, 6, 5, 4, 5, 7, 5, 7, 5, 10, 5, 8, 6, 5, 8, 6, 8, 10, 8, 9, 7, 5, 7, 10, 8, 7, 5, 9, 7, 9, 7, 9, 5, 4, 2, 3, 5, 3, 5, 3, 4, 3, 4, 2, 1, 3, 4, 5, 4, 5, 4, 5, 3, 4, 8, 4, 3, 5, 14, 4, 5, 4, 5, 3, 5, 4, 5, 7, 5, 3, 5, 4, 5, 7, 5, 4, 5, 4, 2, 5, 4, 2, 4, 6, 4, 3, 5, 11, 5, 4, 17, 9, 7, 5, 7, 5, 9, 7, 9, 7, 9, 14, 9, 8, 9, 8, 7, 10, 12, 11, 9, 7, 9, 13, 9, 8, 9, 10, 16, 8, 10, 5, 7, 13, 11, 17, 9, 11, 16, 10, 14, 10, 11, 13, 11, 9, 13, 9, 7, 8, 5, 20, 17, 16, 18, 4, 2, 1, 0, 3, 5, 9, 7, 5, 3, 2, 0, 1, 3, 4, 2, 3, 4, 0, 4, 2, 0, 1, 5, 4, 3, 2, 4, 2, 4, 7, 2, 5, 4, 2, 5, 2, 0, 2, 4, 2, 6, 4, 2, 4, 6, 4, 3, 0, 1, 0, 1, 4, 2, 0, 1, 5, 3, 1, 3, 11, 7, 3, 5, 4, 5, 3, 5, 3, 1, 3, 5, 7, 3, 1, 3, 7, 5, 3, 5, 7, 5, 3, 5, 9, 5, 7, 5, 4, 5, 3, 2, 3, 5, 3, 5, 7, 5, 3, 5, 7, 5, 7, 16, 3, 5, 16, 18, 16, 18, 5, 3, 2, 3, 9, 5, 7, 5, 7, 5, 6, 8, 10, 7, 5, 7, 5, 6, 5, 6, 5, 7, 9, 3, 5, 9, 5, 7, 10, 5, 8, 10, 12, 10, 7, 3, 5, 3, 7, 5, 3, 5, 3, 5, 3, 5, 7, 5, 3, 5, 3, 0, 3, 5, 3, 4, 2, 7, 11, 13, 17, 19, 22, 16, 22, 21, 19, 18, 17, 14, 16, 21, 22, 21]","[7, 2, 1, 0, 1, 3, 9, 13, 14, 12, 14, 2, 1, 0, 1, 15, 14, 1, 0, 1, 0, 1, 2, 1, 2, 1, 2, 1, 2, 4, 3, 2, 1, 2, 4, 2, 1, 2, 3, 1, 2, 3, 2, 4, 3, 4, 3, 2, 3, 2, 3, 4, 3, 4, 3, 2, 3, 2, 3, 4, 3, 4, 3, 5, 3, 4, 3, 4, 3, 4, 5, 4, 5, 4, 3, 4, 5, 4, 3, 5, 4, 5, 4, 5, 3, 2, 1, 2, 3, 2, 3, 2, 1, 2, 3, 2, 3, 2, 3, 2, 4, 2, 3, 7, 2, 3, 2, 3, 2, 3, 2, 3, 4, 3, 2, 3, 2, 3, 4, 3, 2, 3, 2, 1, 3, 2, 1, 2, 3, 2, 3, 6, 3, 2, 9, 5, 4, 3, 4, 3, 5, 4, 5, 4, 5, 7, 5, 4, 5, 4, 5, 6, 5, 4, 5, 7, 5, 4, 5, 8, 4, 5, 3, 4, 7, 6, 9, 5, 6, 8, 5, 7, 5, 6, 7, 6, 5, 7, 5, 4, 3, 11, 9, 8, 9, 2, 1, 0, 2, 3, 5, 4, 3, 2, 1, 0, 1, 2, 1, 2, 0, 2, 1, 0, 1, 3, 2, 1, 2, 1, 2, 4, 1, 3, 2, 1, 3, 1, 0, 1, 2, 1, 3, 2, 1, 2, 3, 2, 0, 1, 0, 1, 2, 1, 0, 1, 3, 2, 1, 2, 6, 4, 2, 3, 2, 3, 2, 3, 2, 1, 2, 3, 4, 2, 1, 2, 4, 3, 2, 3, 4, 3, 2, 3, 5, 3, 4, 3, 2, 3, 2, 1, 2, 3, 2, 3, 4, 3, 2, 3, 4, 3, 4, 8, 2, 3, 8, 9, 8, 9, 3, 2, 1, 2, 5, 3, 4, 3, 4, 3, 4, 5, 4, 3, 4, 3, 4, 5, 2, 3, 5, 3, 4, 5, 3, 4, 5, 6, 5, 4, 2, 3, 2, 4, 3, 2, 3, 2, 3, 2, 3, 4, 3, 2, 3, 2, 0, 2, 3, 2, 1, 4, 6, 7, 9, 10, 12, 8, 12, 10, 9, 7, 8, 12]"
45c939e2,Task11CP,CP,-72,-35,-20,4,-35,1,-77,-60,-45,4,-60,1,-102,-59,-64,3,-47,2,-80,-12,-19,5,17,3,"[5, 2, 0, 1, 5, 3, 1, 2, 3, 0, 2, 7, 5, 3, 4, 3, 4, 5, 4, 16, 7, 4, 2, 0, 11, 9, 24, 4, 3, 4, 5, 4, 6, 5, 7, 5, 7, 5, 8, 5, 8, 6, 8, 6, 7, 8, 2, 5, 8, 7, 5, 7, 8, 5, 8, 6, 3, 4, 5, 6, 8, 3, 5, 22, 7, 8, 5, 4, 9, 7, 5, 9, 7, 9, 8, 11, 9, 11, 8, 10, 12, 18, 14, 11, 14, 11, 10, 11, 10, 11, 13, 14, 11, 14, 11, 14, 16, 14, 16, 18, 13, 15, 21, 22, 13, 7, 5, 2, 22, 25, 24, 25, 24, 3, 5, 24, 11, 7, 11, 9, 11, 10, 12, 5, 3, 4, 2, 24, 21, 24, 13, 24, 22, 24, 18, 22, 24, 11, 16, 14, 16, 13, 17, 21, 22, 25]","[3, 1, 0, 1, 3, 2, 1, 2, 0, 1, 4, 3, 2, 3, 2, 8, 4, 2, 1, 0, 6, 5, 14, 2, 3, 2, 3, 4, 3, 4, 3, 4, 3, 4, 3, 4, 3, 4, 1, 3, 4, 3, 4, 3, 4, 3, 2, 3, 4, 2, 3, 12, 4, 3, 2, 5, 4, 3, 5, 4, 5, 4, 6, 5, 6, 4, 5, 6, 9, 7, 6, 7, 6, 5, 6, 5, 6, 7, 6, 7, 6, 7, 8, 7, 8, 9, 7, 8, 12, 7, 4, 3, 1, 12, 15, 14, 15, 14, 2, 3, 14, 6, 4, 6, 5, 6, 5, 6, 3, 2, 1, 14, 12, 14, 7, 14, 12, 14, 9, 12, 14, 6, 8, 7, 8, 7, 9, 12, 15]"
ba88bf04,Task11CP,CP,-3,-11,6,2,-11,1,-8,-1,-4,2,-1,1,-28,-20,-24,2,-20,1,-4,34,5,2,34,1,"[22, 11, 1, 7, 5, 4, 6, 5, 4, 6, 5, 7, 5, 8, 10, 8, 9, 11, 10, 11, 10, 9, 11, 14, 11, 14, 11, 16, 15, 16, 18, 25, 26, 14, 26, 27, 26, 9, 27, 26, 14, 11, 10, 12, 10, 9, 11, 12, 16, 14, 11, 12, 11, 27, 26, 27, 26]","[12, 6, 1, 4, 3, 2, 3, 2, 3, 4, 3, 4, 5, 4, 5, 6, 5, 6, 5, 6, 7, 6, 7, 6, 8, 9, 15, 16, 7, 16, 17, 16, 5, 17, 16, 7, 6, 5, 6, 5, 6, 8, 7, 6, 17, 16, 17, 16]"
782b7c64,Task11CP,CP,-298,-201,-159,7,-190,2,-298,-206,-179,7,-195,2,-328,-230,-183,11,-142,5,-289,-161,-85,17,-26,6,"[16, 0, 1, 2, 4, 2, 0, 2, 0, 1, 2, 1, 0, 1, 3, 1, 3, 4, 2, 4, 2, 1, 3, 4, 2, 0, 3, 4, 0, 4, 8, 6, 3, 7, 8, 5, 6, 25, 2, 9, 17, 20, 24, 25, 17, 22, 3, 7, 2, 0, 2, 5, 9, 5, 3, 9, 7, 5, 3, 5, 3, 1, 3, 4, 1, 4, 5, 4, 2, 0, 2, 1, 0, 5, 2, 4, 2, 0, 2, 4, 2, 1, 3, 2, 0, 4, 2, 3, 5, 3, 4, 2, 4, 8, 3, 4, 5, 6, 7, 5, 7, 5, 7, 5, 7, 5, 6, 10, 6, 8, 6, 4, 6, 5, 4, 5, 2, 0, 8, 7, 11, 7, 8, 10, 8, 10, 8, 7, 9, 7, 5, 3, 0, 3, 9, 11, 8, 9, 10, 9, 11, 14, 17, 19, 18, 24, 25, 3, 0, 1, 4, 22, 3, 1, 2, 0, 2, 3, 7, 13, 7, 3, 2, 0, 4, 3, 1, 3, 4, 5, 3, 2, 3, 1, 3, 5, 3, 7, 5, 3, 5, 7, 5, 3, 7, 5, 9, 7, 8, 10, 8, 4, 8, 5, 10, 8, 10, 8, 10, 5, 1, 9, 11, 9, 11, 10, 8, 10, 9, 10, 11, 14, 11, 14, 11, 9, 11, 5, 3, 5, 1, 3, 11, 5, 9, 7, 9, 13, 11, 7, 13, 11, 9, 15, 26, 25, 24, 13, 19, 20, 15, 11, 9, 8, 1, 3, 1, 3, 1, 3, 1, 3, 5, 3, 5, 3, 5, 7, 5, 3, 4, 2, 0, 3, 5, 3, 5, 7, 5, 3, 5, 4, 14, 24, 13, 5, 4, 2, 3, 5, 1, 5, 7, 3, 5, 7, 5, 3, 1, 8, 11, 5, 0, 5, 9, 5, 3, 7, 5, 3, 5, 7, 8, 11, 7, 9, 8, 18, 16, 10, 8, 14, 8, 10, 8, 18, 26, 25, 24, 5, 7, 11, 9, 8, 7, 5, 7, 5, 24, 7, 5, 9, 7, 26, 24, 7, 5, 7, 9, 11, 9, 10, 5, 7, 8, 10, 8, 7, 13, 15, 24, 13, 9, 11, 9, 14, 18, 14, 11, 9, 22, 24, 25, 24, 8, 2, 4, 2, 16, 11, 14, 11]","[8, 0, 1, 2, 1, 0, 1, 0, 1, 0, 1, 2, 1, 2, 1, 2, 1, 2, 1, 0, 2, 0, 2, 4, 3, 2, 4, 3, 15, 1, 5, 9, 11, 14, 15, 9, 12, 2, 4, 1, 0, 1, 3, 5, 3, 2, 5, 4, 3, 2, 3, 2, 1, 2, 1, 2, 3, 2, 1, 0, 1, 0, 3, 1, 2, 1, 0, 1, 2, 1, 2, 1, 0, 2, 1, 2, 3, 2, 1, 2, 4, 2, 3, 4, 3, 4, 3, 4, 3, 4, 3, 5, 3, 4, 3, 2, 3, 2, 3, 1, 0, 4, 6, 4, 5, 4, 5, 4, 5, 4, 3, 2, 0, 2, 5, 6, 4, 5, 6, 7, 9, 10, 9, 14, 15, 2, 0, 1, 2, 12, 2, 1, 0, 1, 2, 4, 7, 4, 2, 1, 0, 2, 1, 2, 3, 2, 1, 2, 1, 2, 3, 2, 4, 3, 2, 3, 4, 3, 2, 4, 3, 5, 4, 5, 4, 2, 4, 3, 5, 4, 5, 4, 5, 3, 1, 5, 6, 5, 6, 5, 4, 5, 6, 7, 6, 7, 6, 5, 6, 3, 2, 3, 1, 2, 6, 3, 5, 4, 5, 7, 6, 4, 7, 6, 5, 8, 16, 15, 14, 7, 10, 11, 8, 6, 5, 4, 1, 2, 1, 2, 1, 2, 1, 2, 3, 2, 3, 2, 3, 4, 3, 2, 1, 0, 2, 3, 2, 3, 4, 3, 2, 3, 2, 7, 14, 7, 3, 2, 1, 2, 3, 1, 3, 4, 2, 3, 4, 3, 2, 1, 4, 6, 3, 0, 3, 5, 3, 2, 4, 3, 2, 3, 4, 6, 4, 5, 4, 9, 8, 5, 4, 7, 4, 5, 4, 9, 16, 15, 14, 3, 4, 6, 5, 4, 3, 4, 3, 14, 4, 3, 5, 4, 16, 14, 4, 3, 4, 5, 6, 5, 3, 4, 5, 4, 7, 8, 14, 7, 5, 6, 5, 7, 9, 7, 6, 5, 12, 14, 15, 14, 4, 1, 2, 1, 8, 6, 7, 6]"
4d750b0b,Task11CP,CP,-40,-33,-36,2,-33,1,-30,-33,-30,1,-33,1,-50,-32,-42,3,-32,1,-32,16,-9,3,16,1,"[16, 18, 16, 2, 0, 26, 25, 2, 8, 5, 9, 10, 11, 8, 5, 4, 6, 10, 4, 3, 11, 4, 2, 0, 2, 0, 15, 16, 18, 19, 18, 5, 11, 5, 3, 7, 5, 9, 21, 8, 6, 8, 6, 8, 11, 5, 6, 5, 6, 4, 6, 10, 8, 10, 12, 10, 8, 7, 9, 11, 1, 3, 5, 3, 11, 9, 14, 17, 22, 21, 9, 7, 5, 2]","[8, 9, 8, 1, 0, 16, 15, 1, 4, 3, 5, 6, 4, 3, 2, 3, 5, 2, 6, 2, 1, 0, 1, 0, 8, 9, 10, 9, 3, 6, 3, 2, 4, 3, 5, 12, 4, 3, 4, 3, 4, 6, 3, 2, 3, 5, 4, 5, 6, 5, 4, 5, 6, 1, 2, 3, 2, 6, 5, 7, 9, 12, 5, 4, 3, 1]"
1ce913d5,Task12CM,CM,0,0,0,0,0,0,0,0,0,0,0,0,-53,-68,-34,5,-44,5,-53,-68,-34,5,-44,5,"[8, 3, 0, 1, 0, 1, 0, 1, 4, 2, 0, 1, 0, 1, 0, 1, 3, 1, 0, 1, 0, 1, 0, 1, 2, 1, 2, 1, 0, 1, 0, 1, 2, 0, 1, 0, 1, 0, 1, 11, 10, 11, 10, 11, 10, 3, 5, 4, 6, 7, 5, 6, 5, 6, 5, 6, 7, 10, 11, 10, 11, 12, 11, 10, 12, 13, 11, 10, 11, 10, 5, 4, 6, 7, 10, 11, 10, 8, 6, 7, 5, 4, 10, 12, 14, 12, 13, 7, 8, 4, 5, 1, 3, 1, 2, 1, 2, 0, 1]","[8, 3, 0, 1, 0, 1, 0, 1, 4, 2, 0, 1, 0, 1, 0, 1, 3, 1, 0, 1, 0, 1, 0, 1, 2, 1, 2, 1, 0, 1, 0, 1, 2, 0, 1, 0, 1, 0, 1, 11, 10, 11, 10, 11, 10, 3, 5, 4, 6, 7, 5, 6, 5, 6, 5, 6, 7, 10, 11, 10, 11, 12, 11, 10, 12, 13, 11, 10, 11, 10, 5, 4, 6, 7, 10, 11, 10, 8, 6, 7, 5, 4, 10, 12, 14, 12, 13, 7, 8, 4, 5, 1, 3, 1, 2, 1, 2, 0, 1]"
9679a6e6,Task12CM,CM,0,0,0,0,0,0,0,0,0,0,0,0,-12,-17,-5,3,-10,3,-12,-17,-5,3,-10,3,"[7, 2, 1, 4, 10, 11, 10, 11, 1, 0, 1, 2, 3, 4, 5, 4, 5, 4, 5, 4, 5, 6, 5, 6, 4, 5, 8, 6, 5, 6, 5, 6, 5, 8, 6, 10, 11, 7, 6, 2, 1, 7, 6]","[7, 2, 1, 4, 10, 11, 10, 11, 1, 0, 1, 2, 3, 4, 5, 4, 5, 4, 5, 4, 5, 6, 5, 6, 4, 5, 8, 6, 5, 6, 5, 6, 5, 8, 6, 10, 11, 7, 6, 2, 1, 7, 6]"
625d844e,Task12CM,CM,0,0,0,0,0,0,0,0,0,0,0,0,-38,-38,12,6,2,6,-38,-38,12,6,2,6,"[7, 4, 0, 4, 10, 11, 10, 11, 2, 0, 1, 6, 11, 12, 10, 7, 5, 7, 6, 7, 6, 5, 4, 5, 0, 6, 1, 2, 4, 1, 0, 1, 2, 1, 2, 5, 6, 5, 4, 5, 6, 7, 4, 5, 2, 1, 0, 2, 0, 1, 0, 1, 4, 5, 7, 5, 6, 7, 3, 2, 4, 5, 7, 6, 10, 11, 12, 10, 8, 5, 6, 7, 8, 10]","[7, 4, 0, 4, 10, 11, 10, 11, 2, 0, 1, 6, 11, 12, 10, 7, 5, 7, 6, 7, 6, 5, 4, 5, 0, 6, 1, 2, 4, 1, 0, 1, 2, 1, 2, 5, 6, 5, 4, 5, 6, 7, 4, 5, 2, 1, 0, 2, 0, 1, 0, 1, 4, 5, 7, 5, 6, 7, 3, 2, 4, 5, 7, 6, 10, 11, 12, 10, 8, 5, 6, 7, 8, 10]"
1de0f518,Task12CM,CM,0,0,0,0,0,0,0,0,0,0,0,0,-34,-24,-6,4,-11,4,-34,-24,-6,4,-11,4,"[7, 8, 10, 11, 12, 10, 11, 12, 6, 7, 6, 1, 0, 8, 10, 0, 11, 10, 6, 0, 1, 0, 3, 1, 0, 2, 6, 5, 4, 5, 6, 1, 0, 1, 0, 3, 1, 2, 4, 0, 3, 12, 11, 8, 0, 1, 0, 7, 1, 0, 2, 1, 3, 6, 1]","[7, 8, 10, 11, 12, 10, 11, 12, 6, 7, 6, 1, 0, 8, 10, 0, 11, 10, 6, 0, 1, 0, 3, 1, 0, 2, 6, 5, 4, 5, 6, 1, 0, 1, 0, 3, 1, 2, 4, 0, 3, 12, 11, 8, 0, 1, 0, 7, 1, 0, 2, 1, 3, 6, 1]"
1d1071e4,Task12CM,CM,0,0,0,0,0,0,0,0,0,0,0,0,-89,-89,9,9,-4,11,-89,-89,9,9,-4,11,"[8, 0, 1, 0, 1, 0, 1, 0, 1, 2, 3, 2, 4, 2, 4, 7, 5, 4, 5, 4, 5, 7, 6, 5, 6, 7, 6, 7, 6, 7, 10, 9, 10, 11, 10, 11, 12, 11, 12, 13, 12, 13, 7, 8, 11, 6, 11, 10, 8, 2, 0, 10, 1, 0, 1, 0, 10, 11, 12, 11, 13, 11, 12, 11, 12, 11, 13, 10, 0, 1, 0, 1, 0, 1, 4, 5, 4, 5, 4, 6, 5, 6, 7, 6, 7, 6, 7, 6, 8, 9, 10, 12, 11, 12, 7, 12, 7, 11, 13, 12, 11, 10, 12, 5, 6, 8, 10, 11, 10, 11, 12, 14, 12, 13, 5, 6, 5, 6, 4, 5, 4, 5, 6, 8, 7, 6, 7, 8, 6, 7, 8, 12, 11, 13, 12, 13, 12, 13, 11, 4]","[8, 0, 1, 0, 1, 0, 1, 0, 1, 2, 3, 2, 4, 2, 4, 7, 5, 4, 5, 4, 5, 7, 6, 5, 6, 7, 6, 7, 6, 7, 10, 9, 10, 11, 10, 11, 12, 11, 12, 13, 12, 13, 7, 8, 11, 6, 11, 10, 8, 2, 0, 10, 1, 0, 1, 0, 10, 11, 12, 11, 13, 11, 12, 11, 12, 11, 13, 10, 0, 1, 0, 1, 0, 1, 4, 5, 4, 5, 4, 6, 5, 6, 7, 6, 7, 6, 7, 6, 8, 9, 10, 12, 11, 12, 7, 12, 7, 11, 13, 12, 11, 10, 12, 5, 6, 8, 10, 11, 10, 11, 12, 14, 12, 13, 5, 6, 5, 6, 4, 5, 4, 5, 6, 8, 7, 6, 7, 8, 6, 7, 8, 12, 11, 13, 12, 13, 12, 13, 11, 4]"
cb039d67,Task12CM,CM,0,0,0,0,0,0,0,0,0,0,0,0,-3,-3,-3,1,-3,1,-3,-3,-3,1,-3,1,"[0, 6, 0, 8, 2, 13, 10, 4, 6]","[0, 6, 0, 8, 2, 13, 10, 4, 6]"
5e4ae544,Task12CM,CM,0,0,0,0,0,0,0,0,0,0,0,0,-23,-28,-5,4,-20,4,-23,-28,-5,4,-20,4,"[7, 8, 1, 2, 0, 1, 0, 1, 0, 3, 1, 0, 6, 2, 0, 1, 0, 5, 1, 0, 1, 7, 10, 0, 3, 4, 5, 4, 5, 2, 0, 1, 0, 4, 2, 0, 2, 1, 0, 1, 2, 4, 5, 6, 10, 11, 10, 6, 7, 6, 13, 11, 10, 4]","[7, 8, 1, 2, 0, 1, 0, 1, 0, 3, 1, 0, 6, 2, 0, 1, 0, 5, 1, 0, 1, 7, 10, 0, 3, 4, 5, 4, 5, 2, 0, 1, 0, 4, 2, 0, 2, 1, 0, 1, 2, 4, 5, 6, 10, 11, 10, 6, 7, 6, 13, 11, 10, 4]"
dfab1ede,Task12CM,CM,0,0,0,0,0,0,0,0,0,0,0,0,-16,-21,6,3,-8,4,-16,-21,6,3,-8,4,"[6, 5, 1, 0, 2, 1, 8, 7, 8, 2, 3, 4, 5, 6, 5, 4, 2, 10, 12, 11, 6, 5, 0, 2, 4, 2, 1, 4, 5, 4, 6, 5, 6, 5, 1, 4, 5, 0, 3, 2, 1, 10, 12, 10, 8, 13, 10, 12, 11, 12, 11, 10]","[6, 5, 1, 0, 2, 1, 8, 7, 8, 2, 3, 4, 5, 6, 5, 4, 2, 10, 12, 11, 6, 5, 0, 2, 4, 2, 1, 4, 5, 4, 6, 5, 6, 5, 1, 4, 5, 0, 3, 2, 1, 10, 12, 10, 8, 13, 10, 12, 11, 12, 11, 10]"
9a43cae5,Task12CM,CM,0,0,0,0,0,0,0,0,0,0,0,0,-17,-27,12,5,6,4,-17,-27,12,5,6,4,"[7, 2, 0, 1, 10, 0, 1, 2, 1, 2, 4, 3, 4, 5, 6, 5, 4, 7, 4, 10, 5, 2, 10, 11, 5, 6, 4, 2, 3, 7, 8, 7, 6, 7, 4, 10, 2, 4, 6, 4, 6, 5, 6, 10, 12, 11, 7, 6, 8, 6, 11, 13, 7, 6, 7, 6, 5, 6, 5, 2, 13, 14, 12]","[7, 2, 0, 1, 10, 0, 1, 2, 1, 2, 4, 3, 4, 5, 6, 5, 4, 7, 4, 10, 5, 2, 10, 11, 5, 6, 4, 2, 3, 7, 8, 7, 6, 7, 4, 10, 2, 4, 6, 4, 6, 5, 6, 10, 12, 11, 7, 6, 8, 6, 11, 13, 7, 6, 7, 6, 5, 6, 5, 2, 13, 14, 12]"
66310afd,Task12CM,CM,0,0,0,0,0,0,0,0,0,0,0,0,-21,-36,23,5,13,5,-21,-36,23,5,13,5,"[7, 0, 1, 0, 5, 0, 10, 0, 1, 0, 1, 0, 1, 3, 2, 4, 5, 6, 5, 11, 7, 6, 10, 12, 11, 12, 11, 6, 4, 5, 4, 5, 10, 4, 10, 5, 4, 10, 11, 10, 6, 4, 5, 3, 8, 7, 6, 8, 11, 10, 12, 11, 12, 11, 8, 11, 12, 11, 1, 0, 4, 5, 6, 7, 6, 11, 13]","[7, 0, 1, 0, 5, 0, 10, 0, 1, 0, 1, 0, 1, 3, 2, 4, 5, 6, 5, 11, 7, 6, 10, 12, 11, 12, 11, 6, 4, 5, 4, 5, 10, 4, 10, 5, 4, 10, 11, 10, 6, 4, 5, 3, 8, 7, 6, 8, 11, 10, 12, 11, 12, 11, 8, 11, 12, 11, 1, 0, 4, 5, 6, 7, 6, 11, 13]"
615db7bf,Task12CP,CP,-102,-107,-41,7,-52,6,-102,-107,-36,7,-47,6,-117,-122,-34,9,-50,8,-102,-107,-17,11,-32,11,"[12, 5, 1, 0, 5, 0, 1, 16, 14, 15, 16, 15, 16, 17, 1, 0, 1, 0, 2, 7, 1, 3, 4, 5, 6, 5, 6, 7, 5, 6, 5, 6, 9, 7, 6, 8, 13, 10, 9, 11, 9, 7, 11, 9, 11, 12, 16, 12, 11, 9, 11, 9, 10, 9, 12, 15, 12, 11, 15, 11, 16, 12, 15, 12, 15, 12, 3, 9, 7, 9, 12, 11, 9, 18, 12, 16, 12, 9, 7, 10, 16, 17, 15, 16, 17, 16, 15, 18, 16, 15, 16, 9, 5, 9, 7, 9, 6, 10, 8, 6, 10, 6, 8, 6, 5, 7, 10, 7, 5, 7, 5, 7, 4, 5, 7, 4, 5, 7, 9, 7, 5, 2, 5, 0, 1, 2, 6, 0, 2, 5, 6, 8, 7, 5, 6, 5, 7, 5, 7, 15, 16, 15, 11, 15, 16, 15, 17, 15, 18, 16, 17, 16, 17, 13, 10, 7, 9, 11, 9, 11, 14, 15, 16]","[8, 4, 1, 0, 4, 0, 1, 11, 9, 10, 11, 10, 11, 12, 1, 0, 1, 0, 1, 5, 1, 2, 3, 4, 5, 4, 6, 5, 4, 5, 8, 6, 7, 6, 5, 7, 6, 7, 8, 11, 8, 7, 6, 7, 6, 8, 10, 8, 7, 10, 7, 11, 8, 10, 8, 10, 8, 2, 6, 5, 6, 8, 7, 6, 13, 8, 11, 8, 6, 5, 6, 11, 12, 10, 11, 12, 11, 10, 13, 11, 10, 11, 6, 4, 6, 5, 6, 4, 6, 5, 4, 6, 4, 5, 4, 5, 6, 5, 4, 5, 4, 5, 3, 4, 5, 3, 4, 5, 6, 5, 4, 1, 4, 0, 1, 4, 0, 1, 4, 5, 4, 5, 4, 5, 10, 11, 10, 7, 10, 11, 10, 12, 10, 13, 11, 12, 11, 12, 8, 6, 5, 6, 7, 6, 7, 9, 10, 11]"
f9ec2bc7,Task12CP,CP,-24,-39,-23,2,-33,2,-19,-39,-18,2,-28,2,-19,-34,-12,3,-22,3,-18,-33,-10,4,-20,4,"[12, 0, 1, 0, 1, 0, 3, 7, 10, 7, 11, 9, 5, 1, 11, 9, 11, 9, 10, 16, 15, 16, 17, 15, 16, 15, 10, 7, 15, 17, 16, 15, 16, 15, 16, 15, 16, 15, 16, 17, 16, 17, 11, 9, 11, 9, 3, 0, 1, 0, 18, 17, 18, 17, 16]","[8, 0, 1, 0, 1, 0, 2, 5, 6, 5, 7, 6, 4, 1, 7, 6, 7, 6, 11, 10, 11, 12, 10, 11, 10, 6, 5, 10, 12, 11, 10, 11, 10, 11, 10, 11, 10, 11, 12, 11, 12, 7, 6, 7, 6, 2, 0, 1, 0, 13, 12, 13, 12, 11]"
dac593bd,Task12CP,CP,-30,-45,4,5,-7,4,-35,-50,-11,5,-27,4,-40,-50,5,6,-14,7,-33,-43,17,6,-3,6,"[12, 7, 0, 3, 1, 2, 5, 6, 7, 11, 5, 7, 5, 7, 5, 7, 8, 15, 10, 8, 0, 12, 16, 8, 1, 0, 1, 3, 1, 2, 5, 7, 5, 7, 9, 10, 8, 15, 16, 15, 16, 5, 0, 7, 10, 8, 16, 15, 16, 15, 16, 15, 12, 11, 7, 8, 5, 7, 5, 16, 17, 16, 15, 3, 5, 1, 0, 7, 9, 7, 16, 5, 7, 9, 7, 5, 6, 2, 8, 5, 7, 18, 16, 17, 18, 19]","[8, 5, 0, 2, 1, 4, 5, 7, 4, 5, 4, 5, 4, 5, 10, 6, 5, 0, 8, 11, 5, 1, 0, 1, 2, 1, 4, 5, 4, 5, 6, 5, 10, 11, 10, 11, 4, 0, 5, 6, 5, 11, 10, 11, 10, 11, 10, 8, 7, 5, 4, 5, 4, 11, 12, 11, 10, 2, 4, 1, 0, 5, 6, 5, 11, 4, 5, 6, 5, 4, 1, 5, 4, 5, 13, 11, 12, 13, 14]"
b1c5e27d,Task12CP,CP,-96,-106,-60,7,-70,7,-96,-101,-60,7,-70,7,-96,-111,-52,10,-62,10,-84,-99,-36,9,-46,9,"[7, 10, 1, 0, 3, 0, 1, 0, 1, 0, 1, 0, 3, 7, 3, 4, 5, 7, 5, 9, 7, 5, 7, 9, 8, 1, 0, 1, 9, 5, 9, 12, 17, 12, 16, 15, 16, 15, 16, 15, 12, 7, 5, 7, 9, 7, 5, 7, 9, 7, 9, 7, 5, 6, 5, 7, 5, 1, 0, 3, 5, 3, 11, 15, 16, 15, 16, 17, 19, 17, 16, 17, 16, 17, 16, 15, 16, 15, 9, 5, 7, 5, 4, 5, 10, 5, 9, 7, 9, 10, 8, 10, 7, 9, 7, 10, 11, 7, 9, 7, 8, 6, 5, 11, 9, 11, 9, 12, 9, 10, 9, 8, 9, 7, 9, 10, 9, 11, 9, 7, 9, 7, 10, 9, 11, 9, 12, 7, 6, 7, 9, 7, 11, 9, 10, 9, 5]","[5, 6, 1, 0, 2, 0, 1, 0, 1, 0, 1, 0, 2, 5, 2, 3, 4, 5, 4, 6, 5, 4, 5, 6, 5, 1, 0, 1, 6, 4, 6, 8, 12, 8, 11, 10, 11, 10, 11, 10, 8, 5, 4, 5, 6, 5, 4, 5, 6, 5, 6, 5, 4, 5, 4, 1, 0, 2, 4, 2, 7, 10, 11, 10, 11, 12, 14, 12, 11, 12, 11, 12, 11, 10, 11, 10, 6, 4, 5, 4, 3, 4, 6, 4, 6, 5, 6, 5, 6, 5, 6, 5, 6, 7, 5, 6, 5, 4, 7, 6, 7, 6, 8, 6, 5, 6, 5, 6, 7, 6, 5, 6, 5, 6, 7, 6, 8, 5, 4, 5, 6, 5, 7, 6, 4]"
967a04d0,Task12CP,CP,-37,-52,-4,4,-24,4,-32,-47,-3,5,-23,5,-42,-62,-8,5,-27,6,-28,-43,11,5,-9,5,"[7, 0, 1, 0, 1, 0, 1, 0, 3, 4, 5, 6, 5, 7, 5, 6, 5, 7, 5, 9, 7, 9, 10, 7, 5, 10, 5, 7, 10, 16, 5, 1, 0, 2, 5, 6, 5, 7, 5, 10, 5, 7, 10, 9, 11, 10, 15, 16, 9, 7, 11, 9, 10, 9, 10, 9, 11, 9, 11, 10, 9, 15, 16, 17, 10, 13, 12, 15, 7, 11, 1, 15, 17, 7, 1, 12, 11, 15, 16, 17, 16, 17, 16]","[5, 0, 1, 0, 1, 0, 1, 0, 2, 3, 4, 5, 4, 5, 4, 6, 5, 6, 5, 4, 6, 4, 5, 6, 11, 4, 1, 0, 1, 4, 5, 4, 6, 4, 5, 6, 7, 6, 10, 11, 6, 5, 7, 6, 7, 6, 7, 6, 10, 11, 12, 6, 8, 10, 5, 7, 1, 10, 12, 5, 1, 8, 7, 10, 11, 12, 11, 12, 11]"
66b337a9,Task12CP,CP,-7,-2,-1,2,-2,1,-7,-2,-1,2,-2,1,-12,-7,-1,2,-6,2,-4,1,7,2,2,2,"[10, 0, 1, 0, 16, 15, 16, 17, 16, 0, 1, 4, 3, 16, 3, 4, 3, 0, 5, 7, 5, 6, 5, 16, 7, 10, 7, 8, 11, 15, 12, 15, 11, 12, 9, 7, 1, 9]","[6, 0, 1, 0, 11, 10, 11, 12, 11, 0, 1, 3, 2, 11, 2, 3, 2, 0, 4, 5, 4, 11, 5, 6, 5, 7, 10, 8, 10, 7, 8, 6, 5, 1, 6]"
45c939e2,Task12CP,CP,-5,-10,-4,2,-9,2,0,-5,6,2,1,2,0,-5,6,2,1,2,2,-3,8,2,3,2,"[12, 0, 6, 5, 7, 11, 9, 11, 1, 2, 0, 16, 0, 7, 10, 7, 9, 17, 16, 12, 11, 18, 16, 15, 17, 16]","[8, 0, 4, 5, 7, 6, 7, 1, 0, 11, 0, 5, 6, 5, 6, 12, 11, 8, 7, 13, 11, 10, 12, 11]"
ba88bf04,Task12CP,CP,2,-3,2,1,-3,1,2,-3,2,1,-3,1,2,-3,2,1,-3,1,4,-1,4,1,-1,1,"[15, 9, 7, 3, 9, 3, 1, 3, 8, 3, 5, 6, 10, 9, 5, 17, 18, 19, 15]","[10, 6, 5, 2, 6, 2, 1, 2, 5, 2, 4, 6, 4, 12, 13, 14, 10]"
782b7c64,Task12CP,CP,-12,-22,10,3,0,3,-12,-17,10,3,0,3,-17,-17,5,3,-5,3,-11,-11,16,3,6,3,"[5, 0, 3, 5, 6, 5, 7, 9, 10, 7, 9, 11, 15, 16, 12, 3, 0, 15, 5, 0, 1, 0, 1, 3, 5, 7, 5, 7, 9, 11, 10, 9, 10, 13, 10, 17, 16, 7, 12, 9, 7, 10, 9, 12, 7, 10, 7, 10]","[4, 0, 2, 4, 5, 6, 5, 6, 7, 10, 11, 8, 2, 0, 10, 4, 0, 1, 0, 1, 2, 4, 5, 4, 5, 6, 7, 6, 8, 6, 12, 11, 5, 8, 6, 5, 6, 8, 5, 6, 5, 6]"
4d750b0b,Task12CP,CP,-8,-13,-8,1,-13,1,-3,-8,-3,1,-8,1,-8,-13,-7,2,-12,2,-7,-12,-6,2,-11,2,"[12, 7, 3, 1, 0, 12, 11, 12, 0, 2, 0, 1, 6, 9, 7, 5, 6, 10, 7, 9, 7, 9, 7, 9, 7, 16, 15, 18, 15]","[8, 5, 2, 1, 0, 8, 7, 8, 0, 1, 0, 1, 4, 6, 5, 4, 6, 5, 6, 5, 6, 5, 6, 5, 11, 10, 13, 10]"
